,ALB,ARE,ARG,AUS,AUT,BEL,BGR,BIH,BLR,BRA,BRN,CAN,CHE,CHL,COL,CRI,CZE,DEU,DNK,DOM,ESP,EST,FIN,FRA,GBR,GEO,GRC,HKG,HRV,HUN,IDN,IRL,ISL,ITA,JOR,JPN,KAZ,KOR,KSV,LTU,LUX,LVA,MAC,MAR,MDA,MEX,MLT,MNE,MYS,NLD,NOR,NZL,PAN,PER,PHL,POL,PRT,QAT,QAZ,QCI,QMR,QRT,ROU,RUS,SAU,SGP,SRB,SVK,SVN,SWE,TAP,THA,TUR,UKR,URY,USA,VNM
ALB,1.0,0.42857142857142855,0.3333333333333333,0.3333333333333333,0.25,0.17647058823529413,0.3333333333333333,0.3333333333333333,0.25,0.3333333333333333,0.25,0.3333333333333333,0.3333333333333333,0.3333333333333333,0.3333333333333333,0.3333333333333333,0.3333333333333333,0.3333333333333333,0.3333333333333333,0.3333333333333333,0.42857142857142855,0.25,0.3333333333333333,0.3333333333333333,0.3333333333333333,0.25,0.42857142857142855,0.17647058823529413,0.25,0.3333333333333333,0.25,0.42857142857142855,0.3333333333333333,0.25,0.3333333333333333,0.3333333333333333,0.3333333333333333,0.25,0.42857142857142855,0.25,0.42857142857142855,0.25,0.3333333333333333,0.3333333333333333,0.25,0.17647058823529413,0.42857142857142855,0.25,0.3333333333333333,0.17647058823529413,0.25,0.3333333333333333,0.3333333333333333,0.3333333333333333,0.1111111111111111,0.25,0.17647058823529413,0.3333333333333333,0.3333333333333333,0.25,0.25,0.42857142857142855,0.25,0.25,0.42857142857142855,0.17647058823529413,0.42857142857142855,0.25,0.3333333333333333,0.25,0.25,0.3333333333333333,0.42857142857142855,0.17647058823529413,0.3333333333333333,0.25,0.3333333333333333
ARE,0.42857142857142855,1.0,0.5384615384615384,0.6666666666666666,0.5384615384615384,0.5384615384615384,0.5384615384615384,0.6666666666666666,0.42857142857142855,0.42857142857142855,0.42857142857142855,0.6666666666666666,0.5384615384615384,0.5384615384615384,0.5384615384615384,0.42857142857142855,0.42857142857142855,0.5384615384615384,0.42857142857142855,0.5384615384615384,0.5384615384615384,0.42857142857142855,0.6666666666666666,0.6666666666666666,0.6666666666666666,0.42857142857142855,0.5384615384615384,0.3333333333333333,0.42857142857142855,0.42857142857142855,0.42857142857142855,0.5384615384615384,0.42857142857142855,0.5384615384615384,0.42857142857142855,0.25,0.5384615384615384,0.5384615384615384,0.3333333333333333,0.42857142857142855,0.42857142857142855,0.42857142857142855,0.3333333333333333,0.42857142857142855,0.5384615384615384,0.5384615384615384,0.5384615384615384,0.42857142857142855,0.6666666666666666,0.3333333333333333,0.25,0.6666666666666666,0.5384615384615384,0.42857142857142855,0.3333333333333333,0.3333333333333333,0.25,0.5384615384615384,0.5384615384615384,0.5384615384615384,0.42857142857142855,0.5384615384615384,0.5384615384615384,0.5384615384615384,0.6666666666666666,0.42857142857142855,0.5384615384615384,0.42857142857142855,0.5384615384615384,0.5384615384615384,0.42857142857142855,0.5384615384615384,0.6666666666666666,0.3333333333333333,0.5384615384615384,0.42857142857142855,0.5384615384615384
ARG,0.3333333333333333,0.5384615384615384,1.0,0.6666666666666666,0.6666666666666666,0.6666666666666666,1.0,0.5384615384615384,0.5384615384615384,0.8181818181818182,0.6666666666666666,0.3333333333333333,0.8181818181818182,0.8181818181818182,0.8181818181818182,0.3333333333333333,0.5384615384615384,0.8181818181818182,0.6666666666666666,0.8181818181818182,0.6666666666666666,0.42857142857142855,0.42857142857142855,0.5384615384615384,0.5384615384615384,0.3333333333333333,0.6666666666666666,0.25,0.5384615384615384,0.5384615384615384,0.3333333333333333,0.8181818181818182,0.42857142857142855,0.6666666666666666,0.42857142857142855,0.25,0.6666666666666666,0.3333333333333333,0.42857142857142855,0.6666666666666666,0.25,0.42857142857142855,0.25,0.6666666666666666,0.6666666666666666,0.42857142857142855,0.6666666666666666,0.42857142857142855,0.6666666666666666,0.3333333333333333,0.42857142857142855,0.6666666666666666,0.8181818181818182,0.5384615384615384,0.42857142857142855,0.3333333333333333,0.42857142857142855,0.5384615384615384,0.5384615384615384,0.6666666666666666,0.42857142857142855,0.5384615384615384,0.5384615384615384,0.5384615384615384,0.6666666666666666,0.42857142857142855,0.6666666666666666,0.3333333333333333,1.0,0.42857142857142855,0.5384615384615384,0.42857142857142855,0.6666666666666666,0.5384615384615384,0.6666666666666666,0.42857142857142855,0.42857142857142855
AUS,0.3333333333333333,0.6666666666666666,0.6666666666666666,1.0,0.6666666666666666,0.6666666666666666,0.6666666666666666,0.6666666666666666,0.5384615384615384,0.6666666666666666,0.5384615384615384,0.42857142857142855,0.6666666666666666,0.6666666666666666,0.6666666666666666,0.5384615384615384,0.5384615384615384,0.6666666666666666,0.6666666666666666,0.6666666666666666,0.6666666666666666,0.5384615384615384,0.42857142857142855,0.5384615384615384,0.5384615384615384,0.42857142857142855,0.5384615384615384,0.3333333333333333,0.5384615384615384,0.5384615384615384,0.5384615384615384,0.6666666666666666,0.3333333333333333,0.6666666666666666,0.5384615384615384,0.3333333333333333,0.6666666666666666,0.3333333333333333,0.5384615384615384,0.6666666666666666,0.42857142857142855,0.6666666666666666,0.25,0.6666666666666666,0.5384615384615384,0.5384615384615384,0.6666666666666666,0.42857142857142855,0.5384615384615384,0.42857142857142855,0.42857142857142855,0.6666666666666666,0.5384615384615384,0.5384615384615384,0.42857142857142855,0.5384615384615384,0.3333333333333333,0.42857142857142855,0.6666666666666666,0.5384615384615384,0.5384615384615384,0.5384615384615384,0.5384615384615384,0.6666666666666666,0.6666666666666666,0.5384615384615384,0.5384615384615384,0.5384615384615384,0.6666666666666666,0.42857142857142855,0.42857142857142855,0.5384615384615384,0.5384615384615384,0.42857142857142855,0.6666666666666666,0.5384615384615384,0.42857142857142855
AUT,0.25,0.5384615384615384,0.6666666666666666,0.6666666666666666,1.0,0.5384615384615384,0.6666666666666666,0.42857142857142855,0.6666666666666666,0.5384615384615384,0.5384615384615384,0.42857142857142855,0.8181818181818182,0.8181818181818182,0.6666666666666666,0.42857142857142855,0.5384615384615384,0.8181818181818182,0.6666666666666666,0.8181818181818182,0.6666666666666666,0.42857142857142855,0.42857142857142855,0.5384615384615384,0.42857142857142855,0.3333333333333333,0.6666666666666666,0.25,0.5384615384615384,0.5384615384615384,0.42857142857142855,0.5384615384615384,0.5384615384615384,0.6666666666666666,0.42857142857142855,0.25,0.5384615384615384,0.25,0.42857142857142855,0.6666666666666666,0.3333333333333333,0.5384615384615384,0.25,0.6666666666666666,0.6666666666666666,0.6666666666666666,0.6666666666666666,0.3333333333333333,0.6666666666666666,0.3333333333333333,0.3333333333333333,0.6666666666666666,0.6666666666666666,0.5384615384615384,0.42857142857142855,0.42857142857142855,0.42857142857142855,0.3333333333333333,0.5384615384615384,0.6666666666666666,0.42857142857142855,0.5384615384615384,0.5384615384615384,0.5384615384615384,0.5384615384615384,0.42857142857142855,0.6666666666666666,0.5384615384615384,0.6666666666666666,0.42857142857142855,0.5384615384615384,0.5384615384615384,0.5384615384615384,0.5384615384615384,0.8181818181818182,0.42857142857142855,0.3333333333333333
BEL,0.17647058823529413,0.5384615384615384,0.6666666666666666,0.6666666666666666,0.5384615384615384,1.0,0.6666666666666666,0.5384615384615384,0.42857142857142855,0.5384615384615384,0.5384615384615384,0.3333333333333333,0.5384615384615384,0.5384615384615384,0.6666666666666666,0.3333333333333333,0.42857142857142855,0.5384615384615384,0.42857142857142855,0.5384615384615384,0.42857142857142855,0.42857142857142855,0.3333333333333333,0.42857142857142855,0.5384615384615384,0.42857142857142855,0.42857142857142855,0.3333333333333333,0.42857142857142855,0.42857142857142855,0.3333333333333333,0.5384615384615384,0.25,0.5384615384615384,0.3333333333333333,0.3333333333333333,0.5384615384615384,0.42857142857142855,0.3333333333333333,0.5384615384615384,0.25,0.42857142857142855,0.17647058823529413,0.42857142857142855,0.5384615384615384,0.5384615384615384,0.5384615384615384,0.5384615384615384,0.5384615384615384,0.42857142857142855,0.42857142857142855,0.6666666666666666,0.5384615384615384,0.42857142857142855,0.42857142857142855,0.3333333333333333,0.3333333333333333,0.5384615384615384,0.42857142857142855,0.5384615384615384,0.42857142857142855,0.42857142857142855,0.5384615384615384,0.5384615384615384,0.5384615384615384,0.42857142857142855,0.42857142857142855,0.3333333333333333,0.6666666666666666,0.42857142857142855,0.42857142857142855,0.42857142857142855,0.5384615384615384,0.5384615384615384,0.5384615384615384,0.42857142857142855,0.5384615384615384
BGR,0.3333333333333333,0.5384615384615384,1.0,0.6666666666666666,0.6666666666666666,0.6666666666666666,1.0,0.5384615384615384,0.5384615384615384,0.8181818181818182,0.6666666666666666,0.3333333333333333,0.8181818181818182,0.8181818181818182,0.8181818181818182,0.3333333333333333,0.5384615384615384,0.8181818181818182,0.6666666666666666,0.8181818181818182,0.6666666666666666,0.42857142857142855,0.42857142857142855,0.5384615384615384,0.5384615384615384,0.3333333333333333,0.6666666666666666,0.25,0.5384615384615384,0.5384615384615384,0.3333333333333333,0.8181818181818182,0.42857142857142855,0.6666666666666666,0.42857142857142855,0.25,0.6666666666666666,0.3333333333333333,0.42857142857142855,0.6666666666666666,0.25,0.42857142857142855,0.25,0.6666666666666666,0.6666666666666666,0.42857142857142855,0.6666666666666666,0.42857142857142855,0.6666666666666666,0.3333333333333333,0.42857142857142855,0.6666666666666666,0.8181818181818182,0.5384615384615384,0.42857142857142855,0.3333333333333333,0.42857142857142855,0.5384615384615384,0.5384615384615384,0.6666666666666666,0.42857142857142855,0.5384615384615384,0.5384615384615384,0.5384615384615384,0.6666666666666666,0.42857142857142855,0.6666666666666666,0.3333333333333333,1.0,0.42857142857142855,0.5384615384615384,0.42857142857142855,0.6666666666666666,0.5384615384615384,0.6666666666666666,0.42857142857142855,0.42857142857142855
BIH,0.3333333333333333,0.6666666666666666,0.5384615384615384,0.6666666666666666,0.42857142857142855,0.5384615384615384,0.5384615384615384,1.0,0.6666666666666666,0.6666666666666666,0.3333333333333333,0.5384615384615384,0.42857142857142855,0.42857142857142855,0.5384615384615384,0.5384615384615384,0.6666666666666666,0.42857142857142855,0.5384615384615384,0.42857142857142855,0.5384615384615384,0.5384615384615384,0.5384615384615384,0.42857142857142855,0.5384615384615384,0.42857142857142855,0.42857142857142855,0.5384615384615384,0.42857142857142855,0.5384615384615384,0.3333333333333333,0.6666666666666666,0.3333333333333333,0.42857142857142855,0.42857142857142855,0.3333333333333333,0.42857142857142855,0.42857142857142855,0.3333333333333333,0.5384615384615384,0.42857142857142855,0.5384615384615384,0.3333333333333333,0.42857142857142855,0.6666666666666666,0.42857142857142855,0.42857142857142855,0.5384615384615384,0.5384615384615384,0.42857142857142855,0.3333333333333333,0.42857142857142855,0.5384615384615384,0.5384615384615384,0.25,0.42857142857142855,0.42857142857142855,0.5384615384615384,0.5384615384615384,0.5384615384615384,0.5384615384615384,0.42857142857142855,0.5384615384615384,0.6666666666666666,0.8181818181818182,0.5384615384615384,0.42857142857142855,0.42857142857142855,0.5384615384615384,0.5384615384615384,0.42857142857142855,0.3333333333333333,0.6666666666666666,0.3333333333333333,0.42857142857142855,0.5384615384615384,0.42857142857142855
BLR,0.25,0.42857142857142855,0.5384615384615384,0.5384615384615384,0.6666666666666666,0.42857142857142855,0.5384615384615384,0.6666666666666666,1.0,0.6666666666666666,0.3333333333333333,0.42857142857142855,0.5384615384615384,0.5384615384615384,0.5384615384615384,0.5384615384615384,0.8181818181818182,0.5384615384615384,0.6666666666666666,0.5384615384615384,0.6666666666666666,0.5384615384615384,0.42857142857142855,0.42857142857142855,0.42857142857142855,0.42857142857142855,0.5384615384615384,0.42857142857142855,0.42857142857142855,0.6666666666666666,0.3333333333333333,0.6666666666666666,0.5384615384615384,0.42857142857142855,0.42857142857142855,0.3333333333333333,0.3333333333333333,0.25,0.3333333333333333,0.6666666666666666,0.42857142857142855,0.5384615384615384,0.3333333333333333,0.5384615384615384,0.6666666666666666,0.5384615384615384,0.42857142857142855,0.42857142857142855,0.6666666666666666,0.42857142857142855,0.3333333333333333,0.42857142857142855,0.6666666666666666,0.6666666666666666,0.25,0.42857142857142855,0.6666666666666666,0.42857142857142855,0.5384615384615384,0.6666666666666666,0.5384615384615384,0.42857142857142855,0.5384615384615384,0.6666666666666666,0.6666666666666666,0.42857142857142855,0.5384615384615384,0.5384615384615384,0.5384615384615384,0.5384615384615384,0.42857142857142855,0.3333333333333333,0.5384615384615384,0.42857142857142855,0.5384615384615384,0.5384615384615384,0.3333333333333333
BRA,0.3333333333333333,0.42857142857142855,0.8181818181818182,0.6666666666666666,0.5384615384615384,0.5384615384615384,0.8181818181818182,0.6666666666666666,0.6666666666666666,1.0,0.5384615384615384,0.3333333333333333,0.6666666666666666,0.6666666666666666,0.6666666666666666,0.42857142857142855,0.6666666666666666,0.6666666666666666,0.8181818181818182,0.6666666666666666,0.6666666666666666,0.42857142857142855,0.42857142857142855,0.42857142857142855,0.42857142857142855,0.3333333333333333,0.5384615384615384,0.3333333333333333,0.5384615384615384,0.5384615384615384,0.3333333333333333,0.8181818181818182,0.42857142857142855,0.5384615384615384,0.42857142857142855,0.25,0.5384615384615384,0.25,0.42857142857142855,0.6666666666666666,0.3333333333333333,0.5384615384615384,0.25,0.6666666666666666,0.6666666666666666,0.3333333333333333,0.5384615384615384,0.42857142857142855,0.5384615384615384,0.3333333333333333,0.42857142857142855,0.5384615384615384,0.6666666666666666,0.6666666666666666,0.3333333333333333,0.42857142857142855,0.5384615384615384,0.5384615384615384,0.5384615384615384,0.6666666666666666,0.42857142857142855,0.42857142857142855,0.42857142857142855,0.5384615384615384,0.6666666666666666,0.42857142857142855,0.5384615384615384,0.3333333333333333,0.8181818181818182,0.42857142857142855,0.42857142857142855,0.3333333333333333,0.5384615384615384,0.42857142857142855,0.5384615384615384,0.42857142857142855,0.3333333333333333
BRN,0.25,0.42857142857142855,0.6666666666666666,0.5384615384615384,0.5384615384615384,0.5384615384615384,0.6666666666666666,0.3333333333333333,0.3333333333333333,0.5384615384615384,1.0,0.25,0.6666666666666666,0.6666666666666666,0.5384615384615384,0.25,0.3333333333333333,0.6666666666666666,0.5384615384615384,0.6666666666666666,0.5384615384615384,0.25,0.3333333333333333,0.42857142857142855,0.3333333333333333,0.25,0.5384615384615384,0.17647058823529413,0.42857142857142855,0.42857142857142855,0.25,0.5384615384615384,0.3333333333333333,0.5384615384615384,0.42857142857142855,0.17647058823529413,0.6666666666666666,0.25,0.3333333333333333,0.5384615384615384,0.17647058823529413,0.3333333333333333,0.17647058823529413,0.6666666666666666,0.42857142857142855,0.42857142857142855,0.5384615384615384,0.3333333333333333,0.42857142857142855,0.25,0.3333333333333333,0.6666666666666666,0.5384615384615384,0.5384615384615384,0.6666666666666666,0.3333333333333333,0.3333333333333333,0.3333333333333333,0.42857142857142855,0.42857142857142855,0.25,0.42857142857142855,0.42857142857142855,0.3333333333333333,0.42857142857142855,0.25,0.5384615384615384,0.25,0.6666666666666666,0.25,0.3333333333333333,0.42857142857142855,0.42857142857142855,0.42857142857142855,0.5384615384615384,0.25,0.25
CAN,0.3333333333333333,0.6666666666666666,0.3333333333333333,0.42857142857142855,0.42857142857142855,0.3333333333333333,0.3333333333333333,0.5384615384615384,0.42857142857142855,0.3333333333333333,0.25,1.0,0.3333333333333333,0.42857142857142855,0.3333333333333333,0.42857142857142855,0.42857142857142855,0.3333333333333333,0.42857142857142855,0.3333333333333333,0.42857142857142855,0.5384615384615384,0.6666666666666666,0.42857142857142855,0.5384615384615384,0.25,0.42857142857142855,0.42857142857142855,0.5384615384615384,0.42857142857142855,0.42857142857142855,0.3333333333333333,0.5384615384615384,0.42857142857142855,0.42857142857142855,0.25,0.3333333333333333,0.42857142857142855,0.3333333333333333,0.3333333333333333,0.5384615384615384,0.42857142857142855,0.3333333333333333,0.25,0.42857142857142855,0.42857142857142855,0.42857142857142855,0.42857142857142855,0.5384615384615384,0.42857142857142855,0.25,0.42857142857142855,0.3333333333333333,0.3333333333333333,0.25,0.42857142857142855,0.25,0.5384615384615384,0.42857142857142855,0.5384615384615384,0.3333333333333333,0.5384615384615384,0.42857142857142855,0.42857142857142855,0.42857142857142855,0.42857142857142855,0.42857142857142855,0.42857142857142855,0.3333333333333333,0.6666666666666666,0.42857142857142855,0.5384615384615384,0.42857142857142855,0.17647058823529413,0.42857142857142855,0.42857142857142855,0.42857142857142855
CHE,0.3333333333333333,0.5384615384615384,0.8181818181818182,0.6666666666666666,0.8181818181818182,0.5384615384615384,0.8181818181818182,0.42857142857142855,0.5384615384615384,0.6666666666666666,0.6666666666666666,0.3333333333333333,1.0,0.8181818181818182,0.6666666666666666,0.42857142857142855,0.42857142857142855,1.0,0.6666666666666666,1.0,0.6666666666666666,0.3333333333333333,0.42857142857142855,0.6666666666666666,0.42857142857142855,0.3333333333333333,0.6666666666666666,0.17647058823529413,0.5384615384615384,0.42857142857142855,0.3333333333333333,0.6666666666666666,0.5384615384615384,0.6666666666666666,0.42857142857142855,0.17647058823529413,0.6666666666666666,0.25,0.42857142857142855,0.5384615384615384,0.25,0.5384615384615384,0.17647058823529413,0.8181818181818182,0.6666666666666666,0.5384615384615384,0.6666666666666666,0.3333333333333333,0.5384615384615384,0.25,0.3333333333333333,0.6666666666666666,0.8181818181818182,0.6666666666666666,0.42857142857142855,0.3333333333333333,0.42857142857142855,0.42857142857142855,0.5384615384615384,0.5384615384615384,0.42857142857142855,0.5384615384615384,0.42857142857142855,0.42857142857142855,0.5384615384615384,0.3333333333333333,0.6666666666666666,0.42857142857142855,0.8181818181818182,0.3333333333333333,0.42857142857142855,0.42857142857142855,0.5384615384615384,0.5384615384615384,0.8181818181818182,0.3333333333333333,0.3333333333333333
CHL,0.3333333333333333,0.5384615384615384,0.8181818181818182,0.6666666666666666,0.8181818181818182,0.5384615384615384,0.8181818181818182,0.42857142857142855,0.5384615384615384,0.6666666666666666,0.6666666666666666,0.42857142857142855,0.8181818181818182,1.0,0.6666666666666666,0.3333333333333333,0.5384615384615384,0.8181818181818182,0.8181818181818182,0.8181818181818182,0.8181818181818182,0.42857142857142855,0.5384615384615384,0.5384615384615384,0.42857142857142855,0.25,0.8181818181818182,0.25,0.6666666666666666,0.5384615384615384,0.42857142857142855,0.6666666666666666,0.5384615384615384,0.8181818181818182,0.5384615384615384,0.25,0.6666666666666666,0.25,0.5384615384615384,0.6666666666666666,0.3333333333333333,0.42857142857142855,0.25,0.6666666666666666,0.5384615384615384,0.5384615384615384,0.6666666666666666,0.3333333333333333,0.6666666666666666,0.3333333333333333,0.3333333333333333,0.6666666666666666,0.6666666666666666,0.5384615384615384,0.5384615384615384,0.42857142857142855,0.42857142857142855,0.42857142857142855,0.6666666666666666,0.6666666666666666,0.3333333333333333,0.6666666666666666,0.5384615384615384,0.5384615384615384,0.5384615384615384,0.42857142857142855,0.8181818181818182,0.42857142857142855,0.8181818181818182,0.42857142857142855,0.5384615384615384,0.5384615384615384,0.5384615384615384,0.42857142857142855,0.6666666666666666,0.42857142857142855,0.3333333333333333
COL,0.3333333333333333,0.5384615384615384,0.8181818181818182,0.6666666666666666,0.6666666666666666,0.6666666666666666,0.8181818181818182,0.5384615384615384,0.5384615384615384,0.6666666666666666,0.5384615384615384,0.3333333333333333,0.6666666666666666,0.6666666666666666,1.0,0.42857142857142855,0.6666666666666666,0.6666666666666666,0.5384615384615384,0.6666666666666666,0.5384615384615384,0.42857142857142855,0.3333333333333333,0.42857142857142855,0.5384615384615384,0.3333333333333333,0.6666666666666666,0.25,0.42857142857142855,0.5384615384615384,0.3333333333333333,0.6666666666666666,0.3333333333333333,0.5384615384615384,0.3333333333333333,0.3333333333333333,0.6666666666666666,0.3333333333333333,0.3333333333333333,0.6666666666666666,0.3333333333333333,0.42857142857142855,0.3333333333333333,0.5384615384615384,0.6666666666666666,0.42857142857142855,0.8181818181818182,0.5384615384615384,0.6666666666666666,0.3333333333333333,0.5384615384615384,0.6666666666666666,0.6666666666666666,0.42857142857142855,0.3333333333333333,0.42857142857142855,0.3333333333333333,0.42857142857142855,0.42857142857142855,0.6666666666666666,0.42857142857142855,0.42857142857142855,0.6666666666666666,0.5384615384615384,0.6666666666666666,0.42857142857142855,0.6666666666666666,0.3333333333333333,0.8181818181818182,0.5384615384615384,0.5384615384615384,0.42857142857142855,0.8181818181818182,0.6666666666666666,0.6666666666666666,0.42857142857142855,0.5384615384615384
CRI,0.3333333333333333,0.42857142857142855,0.3333333333333333,0.5384615384615384,0.42857142857142855,0.3333333333333333,0.3333333333333333,0.5384615384615384,0.5384615384615384,0.42857142857142855,0.25,0.42857142857142855,0.42857142857142855,0.3333333333333333,0.42857142857142855,1.0,0.5384615384615384,0.42857142857142855,0.42857142857142855,0.42857142857142855,0.42857142857142855,0.5384615384615384,0.3333333333333333,0.42857142857142855,0.42857142857142855,0.3333333333333333,0.42857142857142855,0.3333333333333333,0.42857142857142855,0.42857142857142855,0.3333333333333333,0.42857142857142855,0.42857142857142855,0.3333333333333333,0.42857142857142855,0.3333333333333333,0.42857142857142855,0.25,0.3333333333333333,0.3333333333333333,0.5384615384615384,0.6666666666666666,0.25,0.42857142857142855,0.42857142857142855,0.42857142857142855,0.5384615384615384,0.5384615384615384,0.3333333333333333,0.3333333333333333,0.3333333333333333,0.3333333333333333,0.42857142857142855,0.5384615384615384,0.17647058823529413,0.5384615384615384,0.3333333333333333,0.42857142857142855,0.42857142857142855,0.3333333333333333,0.5384615384615384,0.42857142857142855,0.42857142857142855,0.42857142857142855,0.42857142857142855,0.25,0.42857142857142855,0.5384615384615384,0.3333333333333333,0.42857142857142855,0.25,0.3333333333333333,0.42857142857142855,0.3333333333333333,0.5384615384615384,0.42857142857142855,0.42857142857142855
CZE,0.3333333333333333,0.42857142857142855,0.5384615384615384,0.5384615384615384,0.5384615384615384,0.42857142857142855,0.5384615384615384,0.6666666666666666,0.8181818181818182,0.6666666666666666,0.3333333333333333,0.42857142857142855,0.42857142857142855,0.5384615384615384,0.6666666666666666,0.5384615384615384,1.0,0.42857142857142855,0.6666666666666666,0.42857142857142855,0.6666666666666666,0.5384615384615384,0.42857142857142855,0.3333333333333333,0.42857142857142855,0.3333333333333333,0.6666666666666666,0.42857142857142855,0.42857142857142855,0.6666666666666666,0.3333333333333333,0.6666666666666666,0.42857142857142855,0.42857142857142855,0.42857142857142855,0.42857142857142855,0.42857142857142855,0.25,0.3333333333333333,0.6666666666666666,0.5384615384615384,0.42857142857142855,0.42857142857142855,0.42857142857142855,0.5384615384615384,0.42857142857142855,0.5384615384615384,0.5384615384615384,0.6666666666666666,0.42857142857142855,0.42857142857142855,0.42857142857142855,0.5384615384615384,0.5384615384615384,0.25,0.5384615384615384,0.5384615384615384,0.42857142857142855,0.5384615384615384,0.6666666666666666,0.42857142857142855,0.42857142857142855,0.6666666666666666,0.6666666666666666,0.6666666666666666,0.42857142857142855,0.6666666666666666,0.42857142857142855,0.5384615384615384,0.6666666666666666,0.42857142857142855,0.3333333333333333,0.6666666666666666,0.42857142857142855,0.42857142857142855,0.5384615384615384,0.42857142857142855
DEU,0.3333333333333333,0.5384615384615384,0.8181818181818182,0.6666666666666666,0.8181818181818182,0.5384615384615384,0.8181818181818182,0.42857142857142855,0.5384615384615384,0.6666666666666666,0.6666666666666666,0.3333333333333333,1.0,0.8181818181818182,0.6666666666666666,0.42857142857142855,0.42857142857142855,1.0,0.6666666666666666,1.0,0.6666666666666666,0.3333333333333333,0.42857142857142855,0.6666666666666666,0.42857142857142855,0.3333333333333333,0.6666666666666666,0.17647058823529413,0.5384615384615384,0.42857142857142855,0.3333333333333333,0.6666666666666666,0.5384615384615384,0.6666666666666666,0.42857142857142855,0.17647058823529413,0.6666666666666666,0.25,0.42857142857142855,0.5384615384615384,0.25,0.5384615384615384,0.17647058823529413,0.8181818181818182,0.6666666666666666,0.5384615384615384,0.6666666666666666,0.3333333333333333,0.5384615384615384,0.25,0.3333333333333333,0.6666666666666666,0.8181818181818182,0.6666666666666666,0.42857142857142855,0.3333333333333333,0.42857142857142855,0.42857142857142855,0.5384615384615384,0.5384615384615384,0.42857142857142855,0.5384615384615384,0.42857142857142855,0.42857142857142855,0.5384615384615384,0.3333333333333333,0.6666666666666666,0.42857142857142855,0.8181818181818182,0.3333333333333333,0.42857142857142855,0.42857142857142855,0.5384615384615384,0.5384615384615384,0.8181818181818182,0.3333333333333333,0.3333333333333333
DNK,0.3333333333333333,0.42857142857142855,0.6666666666666666,0.6666666666666666,0.6666666666666666,0.42857142857142855,0.6666666666666666,0.5384615384615384,0.6666666666666666,0.8181818181818182,0.5384615384615384,0.42857142857142855,0.6666666666666666,0.8181818181818182,0.5384615384615384,0.42857142857142855,0.6666666666666666,0.6666666666666666,1.0,0.6666666666666666,0.8181818181818182,0.42857142857142855,0.5384615384615384,0.42857142857142855,0.3333333333333333,0.25,0.6666666666666666,0.3333333333333333,0.6666666666666666,0.5384615384615384,0.42857142857142855,0.6666666666666666,0.5384615384615384,0.6666666666666666,0.5384615384615384,0.25,0.5384615384615384,0.17647058823529413,0.5384615384615384,0.6666666666666666,0.42857142857142855,0.5384615384615384,0.25,0.6666666666666666,0.5384615384615384,0.42857142857142855,0.5384615384615384,0.3333333333333333,0.5384615384615384,0.3333333333333333,0.3333333333333333,0.5384615384615384,0.5384615384615384,0.6666666666666666,0.42857142857142855,0.5384615384615384,0.5384615384615384,0.42857142857142855,0.6666666666666666,0.6666666666666666,0.3333333333333333,0.5384615384615384,0.42857142857142855,0.5384615384615384,0.5384615384615384,0.42857142857142855,0.6666666666666666,0.42857142857142855,0.6666666666666666,0.42857142857142855,0.42857142857142855,0.42857142857142855,0.42857142857142855,0.3333333333333333,0.5384615384615384,0.42857142857142855,0.25
DOM,0.3333333333333333,0.5384615384615384,0.8181818181818182,0.6666666666666666,0.8181818181818182,0.5384615384615384,0.8181818181818182,0.42857142857142855,0.5384615384615384,0.6666666666666666,0.6666666666666666,0.3333333333333333,1.0,0.8181818181818182,0.6666666666666666,0.42857142857142855,0.42857142857142855,1.0,0.6666666666666666,1.0,0.6666666666666666,0.3333333333333333,0.42857142857142855,0.6666666666666666,0.42857142857142855,0.3333333333333333,0.6666666666666666,0.17647058823529413,0.5384615384615384,0.42857142857142855,0.3333333333333333,0.6666666666666666,0.5384615384615384,0.6666666666666666,0.42857142857142855,0.17647058823529413,0.6666666666666666,0.25,0.42857142857142855,0.5384615384615384,0.25,0.5384615384615384,0.17647058823529413,0.8181818181818182,0.6666666666666666,0.5384615384615384,0.6666666666666666,0.3333333333333333,0.5384615384615384,0.25,0.3333333333333333,0.6666666666666666,0.8181818181818182,0.6666666666666666,0.42857142857142855,0.3333333333333333,0.42857142857142855,0.42857142857142855,0.5384615384615384,0.5384615384615384,0.42857142857142855,0.5384615384615384,0.42857142857142855,0.42857142857142855,0.5384615384615384,0.3333333333333333,0.6666666666666666,0.42857142857142855,0.8181818181818182,0.3333333333333333,0.42857142857142855,0.42857142857142855,0.5384615384615384,0.5384615384615384,0.8181818181818182,0.3333333333333333,0.3333333333333333
ESP,0.42857142857142855,0.5384615384615384,0.6666666666666666,0.6666666666666666,0.6666666666666666,0.42857142857142855,0.6666666666666666,0.5384615384615384,0.6666666666666666,0.6666666666666666,0.5384615384615384,0.42857142857142855,0.6666666666666666,0.8181818181818182,0.5384615384615384,0.42857142857142855,0.6666666666666666,0.6666666666666666,0.8181818181818182,0.6666666666666666,1.0,0.5384615384615384,0.5384615384615384,0.5384615384615384,0.42857142857142855,0.3333333333333333,0.8181818181818182,0.3333333333333333,0.5384615384615384,0.6666666666666666,0.42857142857142855,0.8181818181818182,0.5384615384615384,0.6666666666666666,0.6666666666666666,0.3333333333333333,0.5384615384615384,0.25,0.5384615384615384,0.6666666666666666,0.42857142857142855,0.42857142857142855,0.3333333333333333,0.6666666666666666,0.42857142857142855,0.5384615384615384,0.5384615384615384,0.3333333333333333,0.6666666666666666,0.42857142857142855,0.3333333333333333,0.5384615384615384,0.6666666666666666,0.6666666666666666,0.42857142857142855,0.42857142857142855,0.5384615384615384,0.42857142857142855,0.8181818181818182,0.5384615384615384,0.42857142857142855,0.6666666666666666,0.5384615384615384,0.6666666666666666,0.6666666666666666,0.42857142857142855,0.8181818181818182,0.5384615384615384,0.6666666666666666,0.42857142857142855,0.42857142857142855,0.42857142857142855,0.5384615384615384,0.3333333333333333,0.5384615384615384,0.5384615384615384,0.3333333333333333
EST,0.25,0.42857142857142855,0.42857142857142855,0.5384615384615384,0.42857142857142855,0.42857142857142855,0.42857142857142855,0.5384615384615384,0.5384615384615384,0.42857142857142855,0.25,0.5384615384615384,0.3333333333333333,0.42857142857142855,0.42857142857142855,0.5384615384615384,0.5384615384615384,0.3333333333333333,0.42857142857142855,0.3333333333333333,0.5384615384615384,1.0,0.3333333333333333,0.3333333333333333,0.5384615384615384,0.3333333333333333,0.42857142857142855,0.42857142857142855,0.42857142857142855,0.6666666666666666,0.42857142857142855,0.5384615384615384,0.3333333333333333,0.42857142857142855,0.5384615384615384,0.42857142857142855,0.3333333333333333,0.3333333333333333,0.42857142857142855,0.5384615384615384,0.42857142857142855,0.42857142857142855,0.3333333333333333,0.3333333333333333,0.3333333333333333,0.42857142857142855,0.42857142857142855,0.42857142857142855,0.5384615384615384,0.6666666666666666,0.42857142857142855,0.3333333333333333,0.42857142857142855,0.3333333333333333,0.25,0.42857142857142855,0.3333333333333333,0.42857142857142855,0.5384615384615384,0.42857142857142855,0.5384615384615384,0.5384615384615384,0.5384615384615384,0.6666666666666666,0.5384615384615384,0.5384615384615384,0.42857142857142855,0.5384615384615384,0.42857142857142855,0.5384615384615384,0.42857142857142855,0.42857142857142855,0.42857142857142855,0.25,0.42857142857142855,0.6666666666666666,0.42857142857142855
FIN,0.3333333333333333,0.6666666666666666,0.42857142857142855,0.42857142857142855,0.42857142857142855,0.3333333333333333,0.42857142857142855,0.5384615384615384,0.42857142857142855,0.42857142857142855,0.3333333333333333,0.6666666666666666,0.42857142857142855,0.5384615384615384,0.3333333333333333,0.3333333333333333,0.42857142857142855,0.42857142857142855,0.5384615384615384,0.42857142857142855,0.5384615384615384,0.3333333333333333,1.0,0.6666666666666666,0.5384615384615384,0.3333333333333333,0.5384615384615384,0.42857142857142855,0.5384615384615384,0.3333333333333333,0.3333333333333333,0.42857142857142855,0.6666666666666666,0.5384615384615384,0.42857142857142855,0.17647058823529413,0.42857142857142855,0.3333333333333333,0.3333333333333333,0.3333333333333333,0.42857142857142855,0.3333333333333333,0.25,0.3333333333333333,0.42857142857142855,0.42857142857142855,0.3333333333333333,0.3333333333333333,0.5384615384615384,0.25,0.1111111111111111,0.42857142857142855,0.42857142857142855,0.42857142857142855,0.3333333333333333,0.3333333333333333,0.3333333333333333,0.5384615384615384,0.5384615384615384,0.5384615384615384,0.25,0.5384615384615384,0.42857142857142855,0.42857142857142855,0.42857142857142855,0.3333333333333333,0.5384615384615384,0.3333333333333333,0.42857142857142855,0.5384615384615384,0.3333333333333333,0.42857142857142855,0.42857142857142855,0.17647058823529413,0.3333333333333333,0.42857142857142855,0.3333333333333333
FRA,0.3333333333333333,0.6666666666666666,0.5384615384615384,0.5384615384615384,0.5384615384615384,0.42857142857142855,0.5384615384615384,0.42857142857142855,0.42857142857142855,0.42857142857142855,0.42857142857142855,0.42857142857142855,0.6666666666666666,0.5384615384615384,0.42857142857142855,0.42857142857142855,0.3333333333333333,0.6666666666666666,0.42857142857142855,0.6666666666666666,0.5384615384615384,0.3333333333333333,0.6666666666666666,1.0,0.6666666666666666,0.5384615384615384,0.5384615384615384,0.25,0.42857142857142855,0.3333333333333333,0.3333333333333333,0.5384615384615384,0.6666666666666666,0.5384615384615384,0.42857142857142855,0.17647058823529413,0.5384615384615384,0.3333333333333333,0.3333333333333333,0.3333333333333333,0.3333333333333333,0.42857142857142855,0.17647058823529413,0.5384615384615384,0.42857142857142855,0.5384615384615384,0.42857142857142855,0.3333333333333333,0.5384615384615384,0.25,0.17647058823529413,0.5384615384615384,0.6666666666666666,0.5384615384615384,0.3333333333333333,0.25,0.3333333333333333,0.5384615384615384,0.5384615384615384,0.42857142857142855,0.42857142857142855,0.5384615384615384,0.42857142857142855,0.42857142857142855,0.42857142857142855,0.25,0.5384615384615384,0.42857142857142855,0.5384615384615384,0.42857142857142855,0.25,0.42857142857142855,0.42857142857142855,0.3333333333333333,0.5384615384615384,0.42857142857142855,0.42857142857142855
GBR,0.3333333333333333,0.6666666666666666,0.5384615384615384,0.5384615384615384,0.42857142857142855,0.5384615384615384,0.5384615384615384,0.5384615384615384,0.42857142857142855,0.42857142857142855,0.3333333333333333,0.5384615384615384,0.42857142857142855,0.42857142857142855,0.5384615384615384,0.42857142857142855,0.42857142857142855,0.42857142857142855,0.3333333333333333,0.42857142857142855,0.42857142857142855,0.5384615384615384,0.5384615384615384,0.6666666666666666,1.0,0.5384615384615384,0.42857142857142855,0.42857142857142855,0.42857142857142855,0.5384615384615384,0.42857142857142855,0.5384615384615384,0.5384615384615384,0.42857142857142855,0.42857142857142855,0.3333333333333333,0.42857142857142855,0.5384615384615384,0.3333333333333333,0.42857142857142855,0.42857142857142855,0.42857142857142855,0.3333333333333333,0.3333333333333333,0.42857142857142855,0.42857142857142855,0.5384615384615384,0.5384615384615384,0.6666666666666666,0.42857142857142855,0.3333333333333333,0.5384615384615384,0.5384615384615384,0.3333333333333333,0.25,0.3333333333333333,0.25,0.6666666666666666,0.42857142857142855,0.5384615384615384,0.5384615384615384,0.5384615384615384,0.5384615384615384,0.5384615384615384,0.5384615384615384,0.3333333333333333,0.42857142857142855,0.42857142857142855,0.5384615384615384,0.5384615384615384,0.42857142857142855,0.5384615384615384,0.5384615384615384,0.3333333333333333,0.5384615384615384,0.6666666666666666,0.6666666666666666
GEO,0.25,0.42857142857142855,0.3333333333333333,0.42857142857142855,0.3333333333333333,0.42857142857142855,0.3333333333333333,0.42857142857142855,0.42857142857142855,0.3333333333333333,0.25,0.25,0.3333333333333333,0.25,0.3333333333333333,0.3333333333333333,0.3333333333333333,0.3333333333333333,0.25,0.3333333333333333,0.3333333333333333,0.3333333333333333,0.3333333333333333,0.5384615384615384,0.5384615384615384,1.0,0.25,0.3333333333333333,0.17647058823529413,0.3333333333333333,0.25,0.42857142857142855,0.3333333333333333,0.25,0.25,0.25,0.25,0.3333333333333333,0.25,0.3333333333333333,0.3333333333333333,0.42857142857142855,0.17647058823529413,0.3333333333333333,0.3333333333333333,0.42857142857142855,0.25,0.3333333333333333,0.42857142857142855,0.42857142857142855,0.25,0.42857142857142855,0.42857142857142855,0.42857142857142855,0.17647058823529413,0.17647058823529413,0.3333333333333333,0.3333333333333333,0.3333333333333333,0.3333333333333333,0.42857142857142855,0.25,0.3333333333333333,0.42857142857142855,0.42857142857142855,0.25,0.25,0.3333333333333333,0.3333333333333333,0.3333333333333333,0.17647058823529413,0.25,0.3333333333333333,0.3333333333333333,0.3333333333333333,0.42857142857142855,0.3333333333333333
GRC,0.42857142857142855,0.5384615384615384,0.6666666666666666,0.5384615384615384,0.6666666666666666,0.42857142857142855,0.6666666666666666,0.42857142857142855,0.5384615384615384,0.5384615384615384,0.5384615384615384,0.42857142857142855,0.6666666666666666,0.8181818181818182,0.6666666666666666,0.42857142857142855,0.6666666666666666,0.6666666666666666,0.6666666666666666,0.6666666666666666,0.8181818181818182,0.42857142857142855,0.5384615384615384,0.5384615384615384,0.42857142857142855,0.25,1.0,0.25,0.5384615384615384,0.5384615384615384,0.3333333333333333,0.6666666666666666,0.5384615384615384,0.6666666666666666,0.5384615384615384,0.3333333333333333,0.6666666666666666,0.25,0.42857142857142855,0.5384615384615384,0.42857142857142855,0.3333333333333333,0.3333333333333333,0.5384615384615384,0.42857142857142855,0.5384615384615384,0.6666666666666666,0.42857142857142855,0.6666666666666666,0.3333333333333333,0.3333333333333333,0.5384615384615384,0.6666666666666666,0.5384615384615384,0.42857142857142855,0.42857142857142855,0.42857142857142855,0.42857142857142855,0.6666666666666666,0.5384615384615384,0.3333333333333333,0.6666666666666666,0.6666666666666666,0.5384615384615384,0.5384615384615384,0.3333333333333333,1.0,0.42857142857142855,0.6666666666666666,0.5384615384615384,0.42857142857142855,0.42857142857142855,0.6666666666666666,0.42857142857142855,0.5384615384615384,0.42857142857142855,0.42857142857142855
HKG,0.17647058823529413,0.3333333333333333,0.25,0.3333333333333333,0.25,0.3333333333333333,0.25,0.5384615384615384,0.42857142857142855,0.3333333333333333,0.17647058823529413,0.42857142857142855,0.17647058823529413,0.25,0.25,0.3333333333333333,0.42857142857142855,0.17647058823529413,0.3333333333333333,0.17647058823529413,0.3333333333333333,0.42857142857142855,0.42857142857142855,0.25,0.42857142857142855,0.3333333333333333,0.25,1.0,0.3333333333333333,0.42857142857142855,0.25,0.3333333333333333,0.3333333333333333,0.3333333333333333,0.3333333333333333,0.3333333333333333,0.17647058823529413,0.42857142857142855,0.25,0.3333333333333333,0.3333333333333333,0.3333333333333333,0.25,0.17647058823529413,0.3333333333333333,0.3333333333333333,0.25,0.42857142857142855,0.3333333333333333,0.42857142857142855,0.25,0.25,0.25,0.3333333333333333,0.17647058823529413,0.3333333333333333,0.42857142857142855,0.3333333333333333,0.3333333333333333,0.3333333333333333,0.3333333333333333,0.3333333333333333,0.3333333333333333,0.42857142857142855,0.42857142857142855,0.3333333333333333,0.25,0.3333333333333333,0.25,0.3333333333333333,0.3333333333333333,0.25,0.3333333333333333,0.17647058823529413,0.25,0.5384615384615384,0.25
HRV,0.25,0.42857142857142855,0.5384615384615384,0.5384615384615384,0.5384615384615384,0.42857142857142855,0.5384615384615384,0.42857142857142855,0.42857142857142855,0.5384615384615384,0.42857142857142855,0.5384615384615384,0.5384615384615384,0.6666666666666666,0.42857142857142855,0.42857142857142855,0.42857142857142855,0.5384615384615384,0.6666666666666666,0.5384615384615384,0.5384615384615384,0.42857142857142855,0.5384615384615384,0.42857142857142855,0.42857142857142855,0.17647058823529413,0.5384615384615384,0.3333333333333333,1.0,0.42857142857142855,0.5384615384615384,0.42857142857142855,0.5384615384615384,0.6666666666666666,0.5384615384615384,0.25,0.5384615384615384,0.3333333333333333,0.5384615384615384,0.42857142857142855,0.42857142857142855,0.5384615384615384,0.17647058823529413,0.42857142857142855,0.42857142857142855,0.42857142857142855,0.5384615384615384,0.42857142857142855,0.42857142857142855,0.3333333333333333,0.25,0.42857142857142855,0.42857142857142855,0.42857142857142855,0.42857142857142855,0.5384615384615384,0.3333333333333333,0.5384615384615384,0.5384615384615384,0.5384615384615384,0.3333333333333333,0.6666666666666666,0.42857142857142855,0.42857142857142855,0.3333333333333333,0.3333333333333333,0.5384615384615384,0.5384615384615384,0.5384615384615384,0.42857142857142855,0.5384615384615384,0.5384615384615384,0.3333333333333333,0.25,0.5384615384615384,0.42857142857142855,0.3333333333333333
HUN,0.3333333333333333,0.42857142857142855,0.5384615384615384,0.5384615384615384,0.5384615384615384,0.42857142857142855,0.5384615384615384,0.5384615384615384,0.6666666666666666,0.5384615384615384,0.42857142857142855,0.42857142857142855,0.42857142857142855,0.5384615384615384,0.5384615384615384,0.42857142857142855,0.6666666666666666,0.42857142857142855,0.5384615384615384,0.42857142857142855,0.6666666666666666,0.6666666666666666,0.3333333333333333,0.3333333333333333,0.5384615384615384,0.3333333333333333,0.5384615384615384,0.42857142857142855,0.42857142857142855,1.0,0.42857142857142855,0.6666666666666666,0.42857142857142855,0.42857142857142855,0.6666666666666666,0.42857142857142855,0.42857142857142855,0.3333333333333333,0.42857142857142855,0.8181818181818182,0.42857142857142855,0.42857142857142855,0.5384615384615384,0.5384615384615384,0.42857142857142855,0.42857142857142855,0.5384615384615384,0.42857142857142855,0.6666666666666666,0.5384615384615384,0.42857142857142855,0.42857142857142855,0.5384615384615384,0.42857142857142855,0.3333333333333333,0.5384615384615384,0.42857142857142855,0.42857142857142855,0.5384615384615384,0.5384615384615384,0.5384615384615384,0.5384615384615384,0.6666666666666666,0.6666666666666666,0.6666666666666666,0.42857142857142855,0.5384615384615384,0.5384615384615384,0.5384615384615384,0.42857142857142855,0.5384615384615384,0.5384615384615384,0.5384615384615384,0.3333333333333333,0.5384615384615384,0.6666666666666666,0.42857142857142855
IDN,0.25,0.42857142857142855,0.3333333333333333,0.5384615384615384,0.42857142857142855,0.3333333333333333,0.3333333333333333,0.3333333333333333,0.3333333333333333,0.3333333333333333,0.25,0.42857142857142855,0.3333333333333333,0.42857142857142855,0.3333333333333333,0.3333333333333333,0.3333333333333333,0.3333333333333333,0.42857142857142855,0.3333333333333333,0.42857142857142855,0.42857142857142855,0.3333333333333333,0.3333333333333333,0.42857142857142855,0.25,0.3333333333333333,0.25,0.5384615384615384,0.42857142857142855,1.0,0.3333333333333333,0.3333333333333333,0.42857142857142855,0.42857142857142855,0.25,0.3333333333333333,0.3333333333333333,0.5384615384615384,0.42857142857142855,0.42857142857142855,0.42857142857142855,0.25,0.3333333333333333,0.25,0.3333333333333333,0.42857142857142855,0.25,0.42857142857142855,0.42857142857142855,0.25,0.42857142857142855,0.25,0.25,0.3333333333333333,0.42857142857142855,0.17647058823529413,0.3333333333333333,0.42857142857142855,0.42857142857142855,0.3333333333333333,0.42857142857142855,0.3333333333333333,0.5384615384615384,0.3333333333333333,0.42857142857142855,0.3333333333333333,0.6666666666666666,0.3333333333333333,0.3333333333333333,0.42857142857142855,0.5384615384615384,0.25,0.25,0.42857142857142855,0.42857142857142855,0.3333333333333333
IRL,0.42857142857142855,0.5384615384615384,0.8181818181818182,0.6666666666666666,0.5384615384615384,0.5384615384615384,0.8181818181818182,0.6666666666666666,0.6666666666666666,0.8181818181818182,0.5384615384615384,0.3333333333333333,0.6666666666666666,0.6666666666666666,0.6666666666666666,0.42857142857142855,0.6666666666666666,0.6666666666666666,0.6666666666666666,0.6666666666666666,0.8181818181818182,0.5384615384615384,0.42857142857142855,0.5384615384615384,0.5384615384615384,0.42857142857142855,0.6666666666666666,0.3333333333333333,0.42857142857142855,0.6666666666666666,0.3333333333333333,1.0,0.42857142857142855,0.5384615384615384,0.5384615384615384,0.3333333333333333,0.5384615384615384,0.3333333333333333,0.42857142857142855,0.6666666666666666,0.3333333333333333,0.42857142857142855,0.3333333333333333,0.6666666666666666,0.5384615384615384,0.42857142857142855,0.5384615384615384,0.42857142857142855,0.6666666666666666,0.42857142857142855,0.42857142857142855,0.5384615384615384,0.8181818181818182,0.6666666666666666,0.3333333333333333,0.3333333333333333,0.5384615384615384,0.5384615384615384,0.6666666666666666,0.5384615384615384,0.5384615384615384,0.5384615384615384,0.5384615384615384,0.6666666666666666,0.8181818181818182,0.42857142857142855,0.6666666666666666,0.42857142857142855,0.8181818181818182,0.42857142857142855,0.42857142857142855,0.3333333333333333,0.6666666666666666,0.42857142857142855,0.5384615384615384,0.5384615384615384,0.42857142857142855
ISL,0.3333333333333333,0.42857142857142855,0.42857142857142855,0.3333333333333333,0.5384615384615384,0.25,0.42857142857142855,0.3333333333333333,0.5384615384615384,0.42857142857142855,0.3333333333333333,0.5384615384615384,0.5384615384615384,0.5384615384615384,0.3333333333333333,0.42857142857142855,0.42857142857142855,0.5384615384615384,0.5384615384615384,0.5384615384615384,0.5384615384615384,0.3333333333333333,0.6666666666666666,0.6666666666666666,0.5384615384615384,0.3333333333333333,0.5384615384615384,0.3333333333333333,0.5384615384615384,0.42857142857142855,0.3333333333333333,0.42857142857142855,1.0,0.42857142857142855,0.42857142857142855,0.17647058823529413,0.3333333333333333,0.25,0.3333333333333333,0.3333333333333333,0.42857142857142855,0.42857142857142855,0.25,0.42857142857142855,0.42857142857142855,0.42857142857142855,0.42857142857142855,0.3333333333333333,0.5384615384615384,0.25,0.17647058823529413,0.42857142857142855,0.5384615384615384,0.5384615384615384,0.25,0.3333333333333333,0.42857142857142855,0.5384615384615384,0.42857142857142855,0.5384615384615384,0.3333333333333333,0.5384615384615384,0.3333333333333333,0.3333333333333333,0.3333333333333333,0.17647058823529413,0.5384615384615384,0.42857142857142855,0.42857142857142855,0.42857142857142855,0.3333333333333333,0.42857142857142855,0.3333333333333333,0.25,0.5384615384615384,0.42857142857142855,0.3333333333333333
ITA,0.25,0.5384615384615384,0.6666666666666666,0.6666666666666666,0.6666666666666666,0.5384615384615384,0.6666666666666666,0.42857142857142855,0.42857142857142855,0.5384615384615384,0.5384615384615384,0.42857142857142855,0.6666666666666666,0.8181818181818182,0.5384615384615384,0.3333333333333333,0.42857142857142855,0.6666666666666666,0.6666666666666666,0.6666666666666666,0.6666666666666666,0.42857142857142855,0.5384615384615384,0.5384615384615384,0.42857142857142855,0.25,0.6666666666666666,0.3333333333333333,0.6666666666666666,0.42857142857142855,0.42857142857142855,0.5384615384615384,0.42857142857142855,1.0,0.5384615384615384,0.25,0.6666666666666666,0.3333333333333333,0.5384615384615384,0.5384615384615384,0.3333333333333333,0.42857142857142855,0.17647058823529413,0.5384615384615384,0.42857142857142855,0.5384615384615384,0.5384615384615384,0.3333333333333333,0.5384615384615384,0.3333333333333333,0.25,0.5384615384615384,0.5384615384615384,0.42857142857142855,0.5384615384615384,0.42857142857142855,0.42857142857142855,0.42857142857142855,0.6666666666666666,0.5384615384615384,0.3333333333333333,0.6666666666666666,0.5384615384615384,0.5384615384615384,0.42857142857142855,0.42857142857142855,0.6666666666666666,0.42857142857142855,0.6666666666666666,0.42857142857142855,0.42857142857142855,0.5384615384615384,0.42857142857142855,0.3333333333333333,0.5384615384615384,0.42857142857142855,0.3333333333333333
JOR,0.3333333333333333,0.42857142857142855,0.42857142857142855,0.5384615384615384,0.42857142857142855,0.3333333333333333,0.42857142857142855,0.42857142857142855,0.42857142857142855,0.42857142857142855,0.42857142857142855,0.42857142857142855,0.42857142857142855,0.5384615384615384,0.3333333333333333,0.42857142857142855,0.42857142857142855,0.42857142857142855,0.5384615384615384,0.42857142857142855,0.6666666666666666,0.5384615384615384,0.42857142857142855,0.42857142857142855,0.42857142857142855,0.25,0.5384615384615384,0.3333333333333333,0.5384615384615384,0.6666666666666666,0.42857142857142855,0.5384615384615384,0.42857142857142855,0.5384615384615384,1.0,0.3333333333333333,0.5384615384615384,0.25,0.5384615384615384,0.5384615384615384,0.42857142857142855,0.42857142857142855,0.3333333333333333,0.5384615384615384,0.25,0.5384615384615384,0.42857142857142855,0.42857142857142855,0.42857142857142855,0.42857142857142855,0.25,0.3333333333333333,0.42857142857142855,0.42857142857142855,0.5384615384615384,0.5384615384615384,0.3333333333333333,0.42857142857142855,0.8181818181818182,0.3333333333333333,0.42857142857142855,0.6666666666666666,0.5384615384615384,0.5384615384615384,0.42857142857142855,0.42857142857142855,0.5384615384615384,0.5384615384615384,0.42857142857142855,0.3333333333333333,0.3333333333333333,0.5384615384615384,0.3333333333333333,0.25,0.42857142857142855,0.5384615384615384,0.3333333333333333
JPN,0.3333333333333333,0.25,0.25,0.3333333333333333,0.25,0.3333333333333333,0.25,0.3333333333333333,0.3333333333333333,0.25,0.17647058823529413,0.25,0.17647058823529413,0.25,0.3333333333333333,0.3333333333333333,0.42857142857142855,0.17647058823529413,0.25,0.17647058823529413,0.3333333333333333,0.42857142857142855,0.17647058823529413,0.17647058823529413,0.3333333333333333,0.25,0.3333333333333333,0.3333333333333333,0.25,0.42857142857142855,0.25,0.3333333333333333,0.17647058823529413,0.25,0.3333333333333333,1.0,0.25,0.25,0.3333333333333333,0.3333333333333333,0.3333333333333333,0.25,0.25,0.17647058823529413,0.17647058823529413,0.3333333333333333,0.3333333333333333,0.42857142857142855,0.3333333333333333,0.42857142857142855,0.3333333333333333,0.25,0.25,0.25,0.17647058823529413,0.3333333333333333,0.25,0.25,0.3333333333333333,0.25,0.3333333333333333,0.42857142857142855,0.42857142857142855,0.42857142857142855,0.3333333333333333,0.25,0.3333333333333333,0.3333333333333333,0.25,0.3333333333333333,0.25,0.3333333333333333,0.3333333333333333,0.25,0.25,0.42857142857142855,0.3333333333333333
KAZ,0.3333333333333333,0.5384615384615384,0.6666666666666666,0.6666666666666666,0.5384615384615384,0.5384615384615384,0.6666666666666666,0.42857142857142855,0.3333333333333333,0.5384615384615384,0.6666666666666666,0.3333333333333333,0.6666666666666666,0.6666666666666666,0.6666666666666666,0.42857142857142855,0.42857142857142855,0.6666666666666666,0.5384615384615384,0.6666666666666666,0.5384615384615384,0.3333333333333333,0.42857142857142855,0.5384615384615384,0.42857142857142855,0.25,0.6666666666666666,0.17647058823529413,0.5384615384615384,0.42857142857142855,0.3333333333333333,0.5384615384615384,0.3333333333333333,0.6666666666666666,0.5384615384615384,0.25,1.0,0.25,0.42857142857142855,0.5384615384615384,0.3333333333333333,0.42857142857142855,0.25,0.6666666666666666,0.42857142857142855,0.42857142857142855,0.6666666666666666,0.42857142857142855,0.42857142857142855,0.25,0.3333333333333333,0.5384615384615384,0.5384615384615384,0.42857142857142855,0.5384615384615384,0.5384615384615384,0.25,0.42857142857142855,0.5384615384615384,0.42857142857142855,0.3333333333333333,0.5384615384615384,0.6666666666666666,0.42857142857142855,0.42857142857142855,0.3333333333333333,0.6666666666666666,0.3333333333333333,0.6666666666666666,0.42857142857142855,0.3333333333333333,0.5384615384615384,0.5384615384615384,0.42857142857142855,0.5384615384615384,0.3333333333333333,0.42857142857142855
KOR,0.25,0.5384615384615384,0.3333333333333333,0.3333333333333333,0.25,0.42857142857142855,0.3333333333333333,0.42857142857142855,0.25,0.25,0.25,0.42857142857142855,0.25,0.25,0.3333333333333333,0.25,0.25,0.25,0.17647058823529413,0.25,0.25,0.3333333333333333,0.3333333333333333,0.3333333333333333,0.5384615384615384,0.3333333333333333,0.25,0.42857142857142855,0.3333333333333333,0.3333333333333333,0.3333333333333333,0.3333333333333333,0.25,0.3333333333333333,0.25,0.25,0.25,1.0,0.17647058823529413,0.25,0.25,0.25,0.3333333333333333,0.17647058823529413,0.3333333333333333,0.3333333333333333,0.3333333333333333,0.42857142857142855,0.42857142857142855,0.3333333333333333,0.25,0.42857142857142855,0.3333333333333333,0.25,0.17647058823529413,0.17647058823529413,0.25,0.42857142857142855,0.25,0.3333333333333333,0.3333333333333333,0.3333333333333333,0.3333333333333333,0.3333333333333333,0.42857142857142855,0.25,0.25,0.3333333333333333,0.3333333333333333,0.3333333333333333,0.42857142857142855,0.3333333333333333,0.42857142857142855,0.25,0.3333333333333333,0.3333333333333333,0.42857142857142855
KSV,0.42857142857142855,0.3333333333333333,0.42857142857142855,0.5384615384615384,0.42857142857142855,0.3333333333333333,0.42857142857142855,0.3333333333333333,0.3333333333333333,0.42857142857142855,0.3333333333333333,0.3333333333333333,0.42857142857142855,0.5384615384615384,0.3333333333333333,0.3333333333333333,0.3333333333333333,0.42857142857142855,0.5384615384615384,0.42857142857142855,0.5384615384615384,0.42857142857142855,0.3333333333333333,0.3333333333333333,0.3333333333333333,0.25,0.42857142857142855,0.25,0.5384615384615384,0.42857142857142855,0.5384615384615384,0.42857142857142855,0.3333333333333333,0.5384615384615384,0.5384615384615384,0.3333333333333333,0.42857142857142855,0.17647058823529413,1.0,0.42857142857142855,0.42857142857142855,0.42857142857142855,0.17647058823529413,0.42857142857142855,0.25,0.3333333333333333,0.42857142857142855,0.25,0.3333333333333333,0.42857142857142855,0.25,0.3333333333333333,0.3333333333333333,0.3333333333333333,0.3333333333333333,0.42857142857142855,0.25,0.3333333333333333,0.5384615384615384,0.3333333333333333,0.3333333333333333,0.6666666666666666,0.3333333333333333,0.42857142857142855,0.3333333333333333,0.3333333333333333,0.42857142857142855,0.5384615384615384,0.42857142857142855,0.25,0.3333333333333333,0.42857142857142855,0.25,0.25,0.42857142857142855,0.42857142857142855,0.25
LTU,0.25,0.42857142857142855,0.6666666666666666,0.6666666666666666,0.6666666666666666,0.5384615384615384,0.6666666666666666,0.5384615384615384,0.6666666666666666,0.6666666666666666,0.5384615384615384,0.3333333333333333,0.5384615384615384,0.6666666666666666,0.6666666666666666,0.3333333333333333,0.6666666666666666,0.5384615384615384,0.6666666666666666,0.5384615384615384,0.6666666666666666,0.5384615384615384,0.3333333333333333,0.3333333333333333,0.42857142857142855,0.3333333333333333,0.5384615384615384,0.3333333333333333,0.42857142857142855,0.8181818181818182,0.42857142857142855,0.6666666666666666,0.3333333333333333,0.5384615384615384,0.5384615384615384,0.3333333333333333,0.5384615384615384,0.25,0.42857142857142855,1.0,0.3333333333333333,0.42857142857142855,0.42857142857142855,0.6666666666666666,0.5384615384615384,0.42857142857142855,0.5384615384615384,0.3333333333333333,0.6666666666666666,0.42857142857142855,0.42857142857142855,0.5384615384615384,0.5384615384615384,0.42857142857142855,0.42857142857142855,0.5384615384615384,0.42857142857142855,0.3333333333333333,0.5384615384615384,0.6666666666666666,0.42857142857142855,0.42857142857142855,0.6666666666666666,0.6666666666666666,0.6666666666666666,0.5384615384615384,0.5384615384615384,0.42857142857142855,0.6666666666666666,0.42857142857142855,0.5384615384615384,0.5384615384615384,0.5384615384615384,0.42857142857142855,0.5384615384615384,0.5384615384615384,0.3333333333333333
LUX,0.42857142857142855,0.42857142857142855,0.25,0.42857142857142855,0.3333333333333333,0.25,0.25,0.42857142857142855,0.42857142857142855,0.3333333333333333,0.17647058823529413,0.5384615384615384,0.25,0.3333333333333333,0.3333333333333333,0.5384615384615384,0.5384615384615384,0.25,0.42857142857142855,0.25,0.42857142857142855,0.42857142857142855,0.42857142857142855,0.3333333333333333,0.42857142857142855,0.3333333333333333,0.42857142857142855,0.3333333333333333,0.42857142857142855,0.42857142857142855,0.42857142857142855,0.3333333333333333,0.42857142857142855,0.3333333333333333,0.42857142857142855,0.3333333333333333,0.3333333333333333,0.25,0.42857142857142855,0.3333333333333333,1.0,0.42857142857142855,0.42857142857142855,0.25,0.25,0.3333333333333333,0.42857142857142855,0.42857142857142855,0.42857142857142855,0.3333333333333333,0.25,0.3333333333333333,0.25,0.3333333333333333,0.17647058823529413,0.5384615384615384,0.3333333333333333,0.42857142857142855,0.42857142857142855,0.42857142857142855,0.3333333333333333,0.42857142857142855,0.42857142857142855,0.42857142857142855,0.3333333333333333,0.25,0.42857142857142855,0.42857142857142855,0.25,0.5384615384615384,0.25,0.42857142857142855,0.3333333333333333,0.17647058823529413,0.3333333333333333,0.42857142857142855,0.5384615384615384
LVA,0.25,0.42857142857142855,0.42857142857142855,0.6666666666666666,0.5384615384615384,0.42857142857142855,0.42857142857142855,0.5384615384615384,0.5384615384615384,0.5384615384615384,0.3333333333333333,0.42857142857142855,0.5384615384615384,0.42857142857142855,0.42857142857142855,0.6666666666666666,0.42857142857142855,0.5384615384615384,0.5384615384615384,0.5384615384615384,0.42857142857142855,0.42857142857142855,0.3333333333333333,0.42857142857142855,0.42857142857142855,0.42857142857142855,0.3333333333333333,0.3333333333333333,0.5384615384615384,0.42857142857142855,0.42857142857142855,0.42857142857142855,0.42857142857142855,0.42857142857142855,0.42857142857142855,0.25,0.42857142857142855,0.25,0.42857142857142855,0.42857142857142855,0.42857142857142855,1.0,0.17647058823529413,0.5384615384615384,0.5384615384615384,0.42857142857142855,0.5384615384615384,0.42857142857142855,0.3333333333333333,0.42857142857142855,0.3333333333333333,0.42857142857142855,0.42857142857142855,0.5384615384615384,0.25,0.5384615384615384,0.3333333333333333,0.42857142857142855,0.42857142857142855,0.42857142857142855,0.5384615384615384,0.42857142857142855,0.3333333333333333,0.42857142857142855,0.42857142857142855,0.3333333333333333,0.3333333333333333,0.5384615384615384,0.42857142857142855,0.3333333333333333,0.3333333333333333,0.42857142857142855,0.3333333333333333,0.3333333333333333,0.6666666666666666,0.42857142857142855,0.3333333333333333
MAC,0.3333333333333333,0.3333333333333333,0.25,0.25,0.25,0.17647058823529413,0.25,0.3333333333333333,0.3333333333333333,0.25,0.17647058823529413,0.3333333333333333,0.17647058823529413,0.25,0.3333333333333333,0.25,0.42857142857142855,0.17647058823529413,0.25,0.17647058823529413,0.3333333333333333,0.3333333333333333,0.25,0.17647058823529413,0.3333333333333333,0.17647058823529413,0.3333333333333333,0.25,0.17647058823529413,0.5384615384615384,0.25,0.3333333333333333,0.25,0.17647058823529413,0.3333333333333333,0.25,0.25,0.3333333333333333,0.17647058823529413,0.42857142857142855,0.42857142857142855,0.17647058823529413,1.0,0.25,0.25,0.17647058823529413,0.3333333333333333,0.25,0.42857142857142855,0.25,0.25,0.25,0.25,0.17647058823529413,0.1111111111111111,0.3333333333333333,0.25,0.25,0.25,0.3333333333333333,0.25,0.25,0.42857142857142855,0.3333333333333333,0.42857142857142855,0.25,0.3333333333333333,0.25,0.25,0.3333333333333333,0.3333333333333333,0.3333333333333333,0.42857142857142855,0.17647058823529413,0.25,0.3333333333333333,0.42857142857142855
MAR,0.3333333333333333,0.42857142857142855,0.6666666666666666,0.6666666666666666,0.6666666666666666,0.42857142857142855,0.6666666666666666,0.42857142857142855,0.5384615384615384,0.6666666666666666,0.6666666666666666,0.25,0.8181818181818182,0.6666666666666666,0.5384615384615384,0.42857142857142855,0.42857142857142855,0.8181818181818182,0.6666666666666666,0.8181818181818182,0.6666666666666666,0.3333333333333333,0.3333333333333333,0.5384615384615384,0.3333333333333333,0.3333333333333333,0.5384615384615384,0.17647058823529413,0.42857142857142855,0.5384615384615384,0.3333333333333333,0.6666666666666666,0.42857142857142855,0.5384615384615384,0.5384615384615384,0.17647058823529413,0.6666666666666666,0.17647058823529413,0.42857142857142855,0.6666666666666666,0.25,0.5384615384615384,0.25,1.0,0.5384615384615384,0.42857142857142855,0.5384615384615384,0.25,0.42857142857142855,0.25,0.3333333333333333,0.5384615384615384,0.6666666666666666,0.6666666666666666,0.42857142857142855,0.42857142857142855,0.42857142857142855,0.3333333333333333,0.5384615384615384,0.42857142857142855,0.42857142857142855,0.42857142857142855,0.42857142857142855,0.42857142857142855,0.5384615384615384,0.3333333333333333,0.5384615384615384,0.42857142857142855,0.6666666666666666,0.25,0.3333333333333333,0.42857142857142855,0.42857142857142855,0.42857142857142855,0.6666666666666666,0.3333333333333333,0.25
MDA,0.25,0.5384615384615384,0.6666666666666666,0.5384615384615384,0.6666666666666666,0.5384615384615384,0.6666666666666666,0.6666666666666666,0.6666666666666666,0.6666666666666666,0.42857142857142855,0.42857142857142855,0.6666666666666666,0.5384615384615384,0.6666666666666666,0.42857142857142855,0.5384615384615384,0.6666666666666666,0.5384615384615384,0.6666666666666666,0.42857142857142855,0.3333333333333333,0.42857142857142855,0.42857142857142855,0.42857142857142855,0.3333333333333333,0.42857142857142855,0.3333333333333333,0.42857142857142855,0.42857142857142855,0.25,0.5384615384615384,0.42857142857142855,0.42857142857142855,0.25,0.17647058823529413,0.42857142857142855,0.3333333333333333,0.25,0.5384615384615384,0.25,0.5384615384615384,0.25,0.5384615384615384,1.0,0.42857142857142855,0.5384615384615384,0.42857142857142855,0.5384615384615384,0.25,0.3333333333333333,0.5384615384615384,0.6666666666666666,0.5384615384615384,0.25,0.3333333333333333,0.42857142857142855,0.42857142857142855,0.3333333333333333,0.6666666666666666,0.42857142857142855,0.3333333333333333,0.42857142857142855,0.42857142857142855,0.6666666666666666,0.42857142857142855,0.42857142857142855,0.3333333333333333,0.6666666666666666,0.42857142857142855,0.5384615384615384,0.3333333333333333,0.6666666666666666,0.5384615384615384,0.6666666666666666,0.3333333333333333,0.3333333333333333
MEX,0.17647058823529413,0.5384615384615384,0.42857142857142855,0.5384615384615384,0.6666666666666666,0.5384615384615384,0.42857142857142855,0.42857142857142855,0.5384615384615384,0.3333333333333333,0.42857142857142855,0.42857142857142855,0.5384615384615384,0.5384615384615384,0.42857142857142855,0.42857142857142855,0.42857142857142855,0.5384615384615384,0.42857142857142855,0.5384615384615384,0.5384615384615384,0.42857142857142855,0.42857142857142855,0.5384615384615384,0.42857142857142855,0.42857142857142855,0.5384615384615384,0.3333333333333333,0.42857142857142855,0.42857142857142855,0.3333333333333333,0.42857142857142855,0.42857142857142855,0.5384615384615384,0.5384615384615384,0.3333333333333333,0.42857142857142855,0.3333333333333333,0.3333333333333333,0.42857142857142855,0.3333333333333333,0.42857142857142855,0.17647058823529413,0.42857142857142855,0.42857142857142855,1.0,0.42857142857142855,0.5384615384615384,0.5384615384615384,0.42857142857142855,0.25,0.5384615384615384,0.5384615384615384,0.5384615384615384,0.5384615384615384,0.3333333333333333,0.42857142857142855,0.3333333333333333,0.6666666666666666,0.42857142857142855,0.42857142857142855,0.5384615384615384,0.5384615384615384,0.5384615384615384,0.42857142857142855,0.42857142857142855,0.5384615384615384,0.5384615384615384,0.42857142857142855,0.42857142857142855,0.3333333333333333,0.42857142857142855,0.42857142857142855,0.5384615384615384,0.5384615384615384,0.42857142857142855,0.3333333333333333
MLT,0.42857142857142855,0.5384615384615384,0.6666666666666666,0.6666666666666666,0.6666666666666666,0.5384615384615384,0.6666666666666666,0.42857142857142855,0.42857142857142855,0.5384615384615384,0.5384615384615384,0.42857142857142855,0.6666666666666666,0.6666666666666666,0.8181818181818182,0.5384615384615384,0.5384615384615384,0.6666666666666666,0.5384615384615384,0.6666666666666666,0.5384615384615384,0.42857142857142855,0.3333333333333333,0.42857142857142855,0.5384615384615384,0.25,0.6666666666666666,0.25,0.5384615384615384,0.5384615384615384,0.42857142857142855,0.5384615384615384,0.42857142857142855,0.5384615384615384,0.42857142857142855,0.3333333333333333,0.6666666666666666,0.3333333333333333,0.42857142857142855,0.5384615384615384,0.42857142857142855,0.5384615384615384,0.3333333333333333,0.5384615384615384,0.5384615384615384,0.42857142857142855,1.0,0.5384615384615384,0.5384615384615384,0.3333333333333333,0.5384615384615384,0.6666666666666666,0.5384615384615384,0.42857142857142855,0.3333333333333333,0.5384615384615384,0.25,0.42857142857142855,0.42857142857142855,0.5384615384615384,0.42857142857142855,0.5384615384615384,0.5384615384615384,0.42857142857142855,0.5384615384615384,0.3333333333333333,0.6666666666666666,0.42857142857142855,0.6666666666666666,0.42857142857142855,0.5384615384615384,0.5384615384615384,0.6666666666666666,0.5384615384615384,0.8181818181818182,0.42857142857142855,0.5384615384615384
MNE,0.25,0.42857142857142855,0.42857142857142855,0.42857142857142855,0.3333333333333333,0.5384615384615384,0.42857142857142855,0.5384615384615384,0.42857142857142855,0.42857142857142855,0.3333333333333333,0.42857142857142855,0.3333333333333333,0.3333333333333333,0.5384615384615384,0.5384615384615384,0.5384615384615384,0.3333333333333333,0.3333333333333333,0.3333333333333333,0.3333333333333333,0.42857142857142855,0.3333333333333333,0.3333333333333333,0.5384615384615384,0.3333333333333333,0.42857142857142855,0.42857142857142855,0.42857142857142855,0.42857142857142855,0.25,0.42857142857142855,0.3333333333333333,0.3333333333333333,0.42857142857142855,0.42857142857142855,0.42857142857142855,0.42857142857142855,0.25,0.3333333333333333,0.42857142857142855,0.42857142857142855,0.25,0.25,0.42857142857142855,0.5384615384615384,0.5384615384615384,1.0,0.42857142857142855,0.42857142857142855,0.42857142857142855,0.42857142857142855,0.42857142857142855,0.42857142857142855,0.3333333333333333,0.42857142857142855,0.3333333333333333,0.5384615384615384,0.42857142857142855,0.42857142857142855,0.42857142857142855,0.42857142857142855,0.5384615384615384,0.42857142857142855,0.42857142857142855,0.3333333333333333,0.42857142857142855,0.3333333333333333,0.42857142857142855,0.5384615384615384,0.3333333333333333,0.3333333333333333,0.5384615384615384,0.5384615384615384,0.42857142857142855,0.42857142857142855,0.5384615384615384
MYS,0.3333333333333333,0.6666666666666666,0.6666666666666666,0.5384615384615384,0.6666666666666666,0.5384615384615384,0.6666666666666666,0.5384615384615384,0.6666666666666666,0.5384615384615384,0.42857142857142855,0.5384615384615384,0.5384615384615384,0.6666666666666666,0.6666666666666666,0.3333333333333333,0.6666666666666666,0.5384615384615384,0.5384615384615384,0.5384615384615384,0.6666666666666666,0.5384615384615384,0.5384615384615384,0.5384615384615384,0.6666666666666666,0.42857142857142855,0.6666666666666666,0.3333333333333333,0.42857142857142855,0.6666666666666666,0.42857142857142855,0.6666666666666666,0.5384615384615384,0.5384615384615384,0.42857142857142855,0.3333333333333333,0.42857142857142855,0.42857142857142855,0.3333333333333333,0.6666666666666666,0.42857142857142855,0.3333333333333333,0.42857142857142855,0.42857142857142855,0.5384615384615384,0.5384615384615384,0.5384615384615384,0.42857142857142855,1.0,0.42857142857142855,0.3333333333333333,0.6666666666666666,0.6666666666666666,0.42857142857142855,0.3333333333333333,0.3333333333333333,0.42857142857142855,0.5384615384615384,0.5384615384615384,0.8181818181818182,0.42857142857142855,0.5384615384615384,0.6666666666666666,0.6666666666666666,0.6666666666666666,0.42857142857142855,0.6666666666666666,0.42857142857142855,0.6666666666666666,0.6666666666666666,0.5384615384615384,0.5384615384615384,0.6666666666666666,0.42857142857142855,0.5384615384615384,0.5384615384615384,0.5384615384615384
NLD,0.17647058823529413,0.3333333333333333,0.3333333333333333,0.42857142857142855,0.3333333333333333,0.42857142857142855,0.3333333333333333,0.42857142857142855,0.42857142857142855,0.3333333333333333,0.25,0.42857142857142855,0.25,0.3333333333333333,0.3333333333333333,0.3333333333333333,0.42857142857142855,0.25,0.3333333333333333,0.25,0.42857142857142855,0.6666666666666666,0.25,0.25,0.42857142857142855,0.42857142857142855,0.3333333333333333,0.42857142857142855,0.3333333333333333,0.5384615384615384,0.42857142857142855,0.42857142857142855,0.25,0.3333333333333333,0.42857142857142855,0.42857142857142855,0.25,0.3333333333333333,0.42857142857142855,0.42857142857142855,0.3333333333333333,0.42857142857142855,0.25,0.25,0.25,0.42857142857142855,0.3333333333333333,0.42857142857142855,0.42857142857142855,1.0,0.42857142857142855,0.3333333333333333,0.3333333333333333,0.3333333333333333,0.25,0.3333333333333333,0.3333333333333333,0.3333333333333333,0.42857142857142855,0.3333333333333333,0.42857142857142855,0.42857142857142855,0.42857142857142855,0.5384615384615384,0.42857142857142855,0.42857142857142855,0.3333333333333333,0.5384615384615384,0.3333333333333333,0.42857142857142855,0.3333333333333333,0.3333333333333333,0.3333333333333333,0.3333333333333333,0.3333333333333333,0.5384615384615384,0.3333333333333333
NOR,0.25,0.25,0.42857142857142855,0.42857142857142855,0.3333333333333333,0.42857142857142855,0.42857142857142855,0.3333333333333333,0.3333333333333333,0.42857142857142855,0.3333333333333333,0.25,0.3333333333333333,0.3333333333333333,0.5384615384615384,0.3333333333333333,0.42857142857142855,0.3333333333333333,0.3333333333333333,0.3333333333333333,0.3333333333333333,0.42857142857142855,0.1111111111111111,0.17647058823529413,0.3333333333333333,0.25,0.3333333333333333,0.25,0.25,0.42857142857142855,0.25,0.42857142857142855,0.17647058823529413,0.25,0.25,0.3333333333333333,0.3333333333333333,0.25,0.25,0.42857142857142855,0.25,0.3333333333333333,0.25,0.3333333333333333,0.3333333333333333,0.25,0.5384615384615384,0.42857142857142855,0.3333333333333333,0.42857142857142855,1.0,0.42857142857142855,0.3333333333333333,0.3333333333333333,0.17647058823529413,0.42857142857142855,0.25,0.25,0.25,0.3333333333333333,0.3333333333333333,0.25,0.3333333333333333,0.3333333333333333,0.42857142857142855,0.3333333333333333,0.3333333333333333,0.25,0.42857142857142855,0.3333333333333333,0.3333333333333333,0.25,0.42857142857142855,0.42857142857142855,0.42857142857142855,0.3333333333333333,0.3333333333333333
NZL,0.3333333333333333,0.6666666666666666,0.6666666666666666,0.6666666666666666,0.6666666666666666,0.6666666666666666,0.6666666666666666,0.42857142857142855,0.42857142857142855,0.5384615384615384,0.6666666666666666,0.42857142857142855,0.6666666666666666,0.6666666666666666,0.6666666666666666,0.3333333333333333,0.42857142857142855,0.6666666666666666,0.5384615384615384,0.6666666666666666,0.5384615384615384,0.3333333333333333,0.42857142857142855,0.5384615384615384,0.5384615384615384,0.42857142857142855,0.5384615384615384,0.25,0.42857142857142855,0.42857142857142855,0.42857142857142855,0.5384615384615384,0.42857142857142855,0.5384615384615384,0.3333333333333333,0.25,0.5384615384615384,0.42857142857142855,0.3333333333333333,0.5384615384615384,0.3333333333333333,0.42857142857142855,0.25,0.5384615384615384,0.5384615384615384,0.5384615384615384,0.6666666666666666,0.42857142857142855,0.6666666666666666,0.3333333333333333,0.42857142857142855,1.0,0.5384615384615384,0.5384615384615384,0.42857142857142855,0.3333333333333333,0.3333333333333333,0.42857142857142855,0.42857142857142855,0.6666666666666666,0.3333333333333333,0.42857142857142855,0.42857142857142855,0.42857142857142855,0.5384615384615384,0.3333333333333333,0.5384615384615384,0.3333333333333333,0.6666666666666666,0.42857142857142855,0.42857142857142855,0.5384615384615384,0.5384615384615384,0.5384615384615384,0.6666666666666666,0.3333333333333333,0.42857142857142855
PAN,0.3333333333333333,0.5384615384615384,0.8181818181818182,0.5384615384615384,0.6666666666666666,0.5384615384615384,0.8181818181818182,0.5384615384615384,0.6666666666666666,0.6666666666666666,0.5384615384615384,0.3333333333333333,0.8181818181818182,0.6666666666666666,0.6666666666666666,0.42857142857142855,0.5384615384615384,0.8181818181818182,0.5384615384615384,0.8181818181818182,0.6666666666666666,0.42857142857142855,0.42857142857142855,0.6666666666666666,0.5384615384615384,0.42857142857142855,0.6666666666666666,0.25,0.42857142857142855,0.5384615384615384,0.25,0.8181818181818182,0.5384615384615384,0.5384615384615384,0.42857142857142855,0.25,0.5384615384615384,0.3333333333333333,0.3333333333333333,0.5384615384615384,0.25,0.42857142857142855,0.25,0.6666666666666666,0.6666666666666666,0.5384615384615384,0.5384615384615384,0.42857142857142855,0.6666666666666666,0.3333333333333333,0.3333333333333333,0.5384615384615384,1.0,0.6666666666666666,0.3333333333333333,0.25,0.5384615384615384,0.5384615384615384,0.5384615384615384,0.5384615384615384,0.5384615384615384,0.5384615384615384,0.5384615384615384,0.5384615384615384,0.6666666666666666,0.3333333333333333,0.6666666666666666,0.42857142857142855,0.8181818181818182,0.42857142857142855,0.42857142857142855,0.3333333333333333,0.6666666666666666,0.5384615384615384,0.6666666666666666,0.42857142857142855,0.42857142857142855
PER,0.3333333333333333,0.42857142857142855,0.5384615384615384,0.5384615384615384,0.5384615384615384,0.42857142857142855,0.5384615384615384,0.5384615384615384,0.6666666666666666,0.6666666666666666,0.5384615384615384,0.3333333333333333,0.6666666666666666,0.5384615384615384,0.42857142857142855,0.5384615384615384,0.5384615384615384,0.6666666666666666,0.6666666666666666,0.6666666666666666,0.6666666666666666,0.3333333333333333,0.42857142857142855,0.5384615384615384,0.3333333333333333,0.42857142857142855,0.5384615384615384,0.3333333333333333,0.42857142857142855,0.42857142857142855,0.25,0.6666666666666666,0.5384615384615384,0.42857142857142855,0.42857142857142855,0.25,0.42857142857142855,0.25,0.3333333333333333,0.42857142857142855,0.3333333333333333,0.5384615384615384,0.17647058823529413,0.6666666666666666,0.5384615384615384,0.5384615384615384,0.42857142857142855,0.42857142857142855,0.42857142857142855,0.3333333333333333,0.3333333333333333,0.5384615384615384,0.6666666666666666,1.0,0.3333333333333333,0.3333333333333333,0.6666666666666666,0.42857142857142855,0.5384615384615384,0.42857142857142855,0.42857142857142855,0.42857142857142855,0.3333333333333333,0.42857142857142855,0.5384615384615384,0.25,0.5384615384615384,0.42857142857142855,0.5384615384615384,0.3333333333333333,0.25,0.25,0.42857142857142855,0.42857142857142855,0.5384615384615384,0.3333333333333333,0.25
PHL,0.1111111111111111,0.3333333333333333,0.42857142857142855,0.42857142857142855,0.42857142857142855,0.42857142857142855,0.42857142857142855,0.25,0.25,0.3333333333333333,0.6666666666666666,0.25,0.42857142857142855,0.5384615384615384,0.3333333333333333,0.17647058823529413,0.25,0.42857142857142855,0.42857142857142855,0.42857142857142855,0.42857142857142855,0.25,0.3333333333333333,0.3333333333333333,0.25,0.17647058823529413,0.42857142857142855,0.17647058823529413,0.42857142857142855,0.3333333333333333,0.3333333333333333,0.3333333333333333,0.25,0.5384615384615384,0.5384615384615384,0.17647058823529413,0.5384615384615384,0.17647058823529413,0.3333333333333333,0.42857142857142855,0.17647058823529413,0.25,0.1111111111111111,0.42857142857142855,0.25,0.5384615384615384,0.3333333333333333,0.3333333333333333,0.3333333333333333,0.25,0.17647058823529413,0.42857142857142855,0.3333333333333333,0.3333333333333333,1.0,0.3333333333333333,0.25,0.25,0.5384615384615384,0.3333333333333333,0.17647058823529413,0.42857142857142855,0.42857142857142855,0.42857142857142855,0.25,0.42857142857142855,0.42857142857142855,0.25,0.42857142857142855,0.25,0.25,0.42857142857142855,0.25,0.3333333333333333,0.3333333333333333,0.25,0.17647058823529413
POL,0.25,0.3333333333333333,0.3333333333333333,0.5384615384615384,0.42857142857142855,0.3333333333333333,0.3333333333333333,0.42857142857142855,0.42857142857142855,0.42857142857142855,0.3333333333333333,0.42857142857142855,0.3333333333333333,0.42857142857142855,0.42857142857142855,0.5384615384615384,0.5384615384615384,0.3333333333333333,0.5384615384615384,0.3333333333333333,0.42857142857142855,0.42857142857142855,0.3333333333333333,0.25,0.3333333333333333,0.17647058823529413,0.42857142857142855,0.3333333333333333,0.5384615384615384,0.5384615384615384,0.42857142857142855,0.3333333333333333,0.3333333333333333,0.42857142857142855,0.5384615384615384,0.3333333333333333,0.5384615384615384,0.17647058823529413,0.42857142857142855,0.5384615384615384,0.5384615384615384,0.5384615384615384,0.3333333333333333,0.42857142857142855,0.3333333333333333,0.3333333333333333,0.5384615384615384,0.42857142857142855,0.3333333333333333,0.3333333333333333,0.42857142857142855,0.3333333333333333,0.25,0.3333333333333333,0.3333333333333333,1.0,0.25,0.3333333333333333,0.42857142857142855,0.42857142857142855,0.3333333333333333,0.42857142857142855,0.5384615384615384,0.42857142857142855,0.3333333333333333,0.3333333333333333,0.42857142857142855,0.42857142857142855,0.3333333333333333,0.42857142857142855,0.3333333333333333,0.5384615384615384,0.3333333333333333,0.25,0.42857142857142855,0.42857142857142855,0.3333333333333333
PRT,0.17647058823529413,0.25,0.42857142857142855,0.3333333333333333,0.42857142857142855,0.3333333333333333,0.42857142857142855,0.42857142857142855,0.6666666666666666,0.5384615384615384,0.3333333333333333,0.25,0.42857142857142855,0.42857142857142855,0.3333333333333333,0.3333333333333333,0.5384615384615384,0.42857142857142855,0.5384615384615384,0.42857142857142855,0.5384615384615384,0.3333333333333333,0.3333333333333333,0.3333333333333333,0.25,0.3333333333333333,0.42857142857142855,0.42857142857142855,0.3333333333333333,0.42857142857142855,0.17647058823529413,0.5384615384615384,0.42857142857142855,0.42857142857142855,0.3333333333333333,0.25,0.25,0.25,0.25,0.42857142857142855,0.3333333333333333,0.3333333333333333,0.25,0.42857142857142855,0.42857142857142855,0.42857142857142855,0.25,0.3333333333333333,0.42857142857142855,0.3333333333333333,0.25,0.3333333333333333,0.5384615384615384,0.6666666666666666,0.25,0.25,1.0,0.3333333333333333,0.42857142857142855,0.42857142857142855,0.3333333333333333,0.3333333333333333,0.3333333333333333,0.42857142857142855,0.42857142857142855,0.25,0.42857142857142855,0.3333333333333333,0.42857142857142855,0.3333333333333333,0.25,0.17647058823529413,0.3333333333333333,0.3333333333333333,0.3333333333333333,0.3333333333333333,0.25
QAT,0.3333333333333333,0.5384615384615384,0.5384615384615384,0.42857142857142855,0.3333333333333333,0.5384615384615384,0.5384615384615384,0.5384615384615384,0.42857142857142855,0.5384615384615384,0.3333333333333333,0.5384615384615384,0.42857142857142855,0.42857142857142855,0.42857142857142855,0.42857142857142855,0.42857142857142855,0.42857142857142855,0.42857142857142855,0.42857142857142855,0.42857142857142855,0.42857142857142855,0.5384615384615384,0.5384615384615384,0.6666666666666666,0.3333333333333333,0.42857142857142855,0.3333333333333333,0.5384615384615384,0.42857142857142855,0.3333333333333333,0.5384615384615384,0.5384615384615384,0.42857142857142855,0.42857142857142855,0.25,0.42857142857142855,0.42857142857142855,0.3333333333333333,0.3333333333333333,0.42857142857142855,0.42857142857142855,0.25,0.3333333333333333,0.42857142857142855,0.3333333333333333,0.42857142857142855,0.5384615384615384,0.5384615384615384,0.3333333333333333,0.25,0.42857142857142855,0.5384615384615384,0.42857142857142855,0.25,0.3333333333333333,0.3333333333333333,1.0,0.42857142857142855,0.5384615384615384,0.42857142857142855,0.5384615384615384,0.42857142857142855,0.42857142857142855,0.42857142857142855,0.25,0.42857142857142855,0.3333333333333333,0.5384615384615384,0.5384615384615384,0.3333333333333333,0.42857142857142855,0.42857142857142855,0.25,0.42857142857142855,0.42857142857142855,0.6666666666666666
QAZ,0.3333333333333333,0.5384615384615384,0.5384615384615384,0.6666666666666666,0.5384615384615384,0.42857142857142855,0.5384615384615384,0.5384615384615384,0.5384615384615384,0.5384615384615384,0.42857142857142855,0.42857142857142855,0.5384615384615384,0.6666666666666666,0.42857142857142855,0.42857142857142855,0.5384615384615384,0.5384615384615384,0.6666666666666666,0.5384615384615384,0.8181818181818182,0.5384615384615384,0.5384615384615384,0.5384615384615384,0.42857142857142855,0.3333333333333333,0.6666666666666666,0.3333333333333333,0.5384615384615384,0.5384615384615384,0.42857142857142855,0.6666666666666666,0.42857142857142855,0.6666666666666666,0.8181818181818182,0.3333333333333333,0.5384615384615384,0.25,0.5384615384615384,0.5384615384615384,0.42857142857142855,0.42857142857142855,0.25,0.5384615384615384,0.3333333333333333,0.6666666666666666,0.42857142857142855,0.42857142857142855,0.5384615384615384,0.42857142857142855,0.25,0.42857142857142855,0.5384615384615384,0.5384615384615384,0.5384615384615384,0.42857142857142855,0.42857142857142855,0.42857142857142855,1.0,0.42857142857142855,0.42857142857142855,0.6666666666666666,0.5384615384615384,0.6666666666666666,0.5384615384615384,0.5384615384615384,0.6666666666666666,0.5384615384615384,0.5384615384615384,0.42857142857142855,0.3333333333333333,0.42857142857142855,0.42857142857142855,0.3333333333333333,0.42857142857142855,0.5384615384615384,0.3333333333333333
QCI,0.25,0.5384615384615384,0.6666666666666666,0.5384615384615384,0.6666666666666666,0.5384615384615384,0.6666666666666666,0.5384615384615384,0.6666666666666666,0.6666666666666666,0.42857142857142855,0.5384615384615384,0.5384615384615384,0.6666666666666666,0.6666666666666666,0.3333333333333333,0.6666666666666666,0.5384615384615384,0.6666666666666666,0.5384615384615384,0.5384615384615384,0.42857142857142855,0.5384615384615384,0.42857142857142855,0.5384615384615384,0.3333333333333333,0.5384615384615384,0.3333333333333333,0.5384615384615384,0.5384615384615384,0.42857142857142855,0.5384615384615384,0.5384615384615384,0.5384615384615384,0.3333333333333333,0.25,0.42857142857142855,0.3333333333333333,0.3333333333333333,0.6666666666666666,0.42857142857142855,0.42857142857142855,0.3333333333333333,0.42857142857142855,0.6666666666666666,0.42857142857142855,0.5384615384615384,0.42857142857142855,0.8181818181818182,0.3333333333333333,0.3333333333333333,0.6666666666666666,0.5384615384615384,0.42857142857142855,0.3333333333333333,0.42857142857142855,0.42857142857142855,0.5384615384615384,0.42857142857142855,1.0,0.3333333333333333,0.42857142857142855,0.5384615384615384,0.5384615384615384,0.5384615384615384,0.42857142857142855,0.5384615384615384,0.3333333333333333,0.6666666666666666,0.6666666666666666,0.5384615384615384,0.5384615384615384,0.5384615384615384,0.42857142857142855,0.5384615384615384,0.42857142857142855,0.42857142857142855
QMR,0.25,0.42857142857142855,0.42857142857142855,0.5384615384615384,0.42857142857142855,0.42857142857142855,0.42857142857142855,0.5384615384615384,0.5384615384615384,0.42857142857142855,0.25,0.3333333333333333,0.42857142857142855,0.3333333333333333,0.42857142857142855,0.5384615384615384,0.42857142857142855,0.42857142857142855,0.3333333333333333,0.42857142857142855,0.42857142857142855,0.5384615384615384,0.25,0.42857142857142855,0.5384615384615384,0.42857142857142855,0.3333333333333333,0.3333333333333333,0.3333333333333333,0.5384615384615384,0.3333333333333333,0.5384615384615384,0.3333333333333333,0.3333333333333333,0.42857142857142855,0.3333333333333333,0.3333333333333333,0.3333333333333333,0.3333333333333333,0.42857142857142855,0.3333333333333333,0.5384615384615384,0.25,0.42857142857142855,0.42857142857142855,0.42857142857142855,0.42857142857142855,0.42857142857142855,0.42857142857142855,0.42857142857142855,0.3333333333333333,0.3333333333333333,0.5384615384615384,0.42857142857142855,0.17647058823529413,0.3333333333333333,0.3333333333333333,0.42857142857142855,0.42857142857142855,0.3333333333333333,1.0,0.42857142857142855,0.42857142857142855,0.5384615384615384,0.5384615384615384,0.3333333333333333,0.3333333333333333,0.5384615384615384,0.42857142857142855,0.3333333333333333,0.3333333333333333,0.3333333333333333,0.42857142857142855,0.3333333333333333,0.5384615384615384,0.5384615384615384,0.42857142857142855
QRT,0.42857142857142855,0.5384615384615384,0.5384615384615384,0.5384615384615384,0.5384615384615384,0.42857142857142855,0.5384615384615384,0.42857142857142855,0.42857142857142855,0.42857142857142855,0.42857142857142855,0.5384615384615384,0.5384615384615384,0.6666666666666666,0.42857142857142855,0.42857142857142855,0.42857142857142855,0.5384615384615384,0.5384615384615384,0.5384615384615384,0.6666666666666666,0.5384615384615384,0.5384615384615384,0.5384615384615384,0.5384615384615384,0.25,0.6666666666666666,0.3333333333333333,0.6666666666666666,0.5384615384615384,0.42857142857142855,0.5384615384615384,0.5384615384615384,0.6666666666666666,0.6666666666666666,0.42857142857142855,0.5384615384615384,0.3333333333333333,0.6666666666666666,0.42857142857142855,0.42857142857142855,0.42857142857142855,0.25,0.42857142857142855,0.3333333333333333,0.5384615384615384,0.5384615384615384,0.42857142857142855,0.5384615384615384,0.42857142857142855,0.25,0.42857142857142855,0.5384615384615384,0.42857142857142855,0.42857142857142855,0.42857142857142855,0.3333333333333333,0.5384615384615384,0.6666666666666666,0.42857142857142855,0.42857142857142855,1.0,0.5384615384615384,0.5384615384615384,0.42857142857142855,0.3333333333333333,0.6666666666666666,0.5384615384615384,0.5384615384615384,0.42857142857142855,0.42857142857142855,0.5384615384615384,0.42857142857142855,0.25,0.5384615384615384,0.5384615384615384,0.42857142857142855
ROU,0.25,0.5384615384615384,0.5384615384615384,0.5384615384615384,0.5384615384615384,0.5384615384615384,0.5384615384615384,0.5384615384615384,0.5384615384615384,0.42857142857142855,0.42857142857142855,0.42857142857142855,0.42857142857142855,0.5384615384615384,0.6666666666666666,0.42857142857142855,0.6666666666666666,0.42857142857142855,0.42857142857142855,0.42857142857142855,0.5384615384615384,0.5384615384615384,0.42857142857142855,0.42857142857142855,0.5384615384615384,0.3333333333333333,0.6666666666666666,0.3333333333333333,0.42857142857142855,0.6666666666666666,0.3333333333333333,0.5384615384615384,0.3333333333333333,0.5384615384615384,0.5384615384615384,0.42857142857142855,0.6666666666666666,0.3333333333333333,0.3333333333333333,0.6666666666666666,0.42857142857142855,0.3333333333333333,0.42857142857142855,0.42857142857142855,0.42857142857142855,0.5384615384615384,0.5384615384615384,0.5384615384615384,0.6666666666666666,0.42857142857142855,0.3333333333333333,0.42857142857142855,0.5384615384615384,0.3333333333333333,0.42857142857142855,0.5384615384615384,0.3333333333333333,0.42857142857142855,0.5384615384615384,0.5384615384615384,0.42857142857142855,0.5384615384615384,1.0,0.6666666666666666,0.5384615384615384,0.42857142857142855,0.6666666666666666,0.42857142857142855,0.5384615384615384,0.6666666666666666,0.42857142857142855,0.5384615384615384,0.6666666666666666,0.42857142857142855,0.42857142857142855,0.5384615384615384,0.5384615384615384
RUS,0.25,0.5384615384615384,0.5384615384615384,0.6666666666666666,0.5384615384615384,0.5384615384615384,0.5384615384615384,0.6666666666666666,0.6666666666666666,0.5384615384615384,0.3333333333333333,0.42857142857142855,0.42857142857142855,0.5384615384615384,0.5384615384615384,0.42857142857142855,0.6666666666666666,0.42857142857142855,0.5384615384615384,0.42857142857142855,0.6666666666666666,0.6666666666666666,0.42857142857142855,0.42857142857142855,0.5384615384615384,0.42857142857142855,0.5384615384615384,0.42857142857142855,0.42857142857142855,0.6666666666666666,0.5384615384615384,0.6666666666666666,0.3333333333333333,0.5384615384615384,0.5384615384615384,0.42857142857142855,0.42857142857142855,0.3333333333333333,0.42857142857142855,0.6666666666666666,0.42857142857142855,0.42857142857142855,0.3333333333333333,0.42857142857142855,0.42857142857142855,0.5384615384615384,0.42857142857142855,0.42857142857142855,0.6666666666666666,0.5384615384615384,0.3333333333333333,0.42857142857142855,0.5384615384615384,0.42857142857142855,0.42857142857142855,0.42857142857142855,0.42857142857142855,0.42857142857142855,0.6666666666666666,0.5384615384615384,0.5384615384615384,0.5384615384615384,0.6666666666666666,1.0,0.6666666666666666,0.6666666666666666,0.5384615384615384,0.5384615384615384,0.5384615384615384,0.5384615384615384,0.42857142857142855,0.42857142857142855,0.5384615384615384,0.3333333333333333,0.42857142857142855,0.6666666666666666,0.42857142857142855
SAU,0.42857142857142855,0.6666666666666666,0.6666666666666666,0.6666666666666666,0.5384615384615384,0.5384615384615384,0.6666666666666666,0.8181818181818182,0.6666666666666666,0.6666666666666666,0.42857142857142855,0.42857142857142855,0.5384615384615384,0.5384615384615384,0.6666666666666666,0.42857142857142855,0.6666666666666666,0.5384615384615384,0.5384615384615384,0.5384615384615384,0.6666666666666666,0.5384615384615384,0.42857142857142855,0.42857142857142855,0.5384615384615384,0.42857142857142855,0.5384615384615384,0.42857142857142855,0.3333333333333333,0.6666666666666666,0.3333333333333333,0.8181818181818182,0.3333333333333333,0.42857142857142855,0.42857142857142855,0.3333333333333333,0.42857142857142855,0.42857142857142855,0.3333333333333333,0.6666666666666666,0.3333333333333333,0.42857142857142855,0.42857142857142855,0.5384615384615384,0.6666666666666666,0.42857142857142855,0.5384615384615384,0.42857142857142855,0.6666666666666666,0.42857142857142855,0.42857142857142855,0.5384615384615384,0.6666666666666666,0.5384615384615384,0.25,0.3333333333333333,0.42857142857142855,0.42857142857142855,0.5384615384615384,0.5384615384615384,0.5384615384615384,0.42857142857142855,0.5384615384615384,0.6666666666666666,1.0,0.5384615384615384,0.5384615384615384,0.42857142857142855,0.6666666666666666,0.42857142857142855,0.5384615384615384,0.3333333333333333,0.8181818181818182,0.42857142857142855,0.5384615384615384,0.5384615384615384,0.42857142857142855
SGP,0.17647058823529413,0.42857142857142855,0.42857142857142855,0.5384615384615384,0.42857142857142855,0.42857142857142855,0.42857142857142855,0.5384615384615384,0.42857142857142855,0.42857142857142855,0.25,0.42857142857142855,0.3333333333333333,0.42857142857142855,0.42857142857142855,0.25,0.42857142857142855,0.3333333333333333,0.42857142857142855,0.3333333333333333,0.42857142857142855,0.5384615384615384,0.3333333333333333,0.25,0.3333333333333333,0.25,0.3333333333333333,0.3333333333333333,0.3333333333333333,0.42857142857142855,0.42857142857142855,0.42857142857142855,0.17647058823529413,0.42857142857142855,0.42857142857142855,0.25,0.3333333333333333,0.25,0.3333333333333333,0.5384615384615384,0.25,0.3333333333333333,0.25,0.3333333333333333,0.42857142857142855,0.42857142857142855,0.3333333333333333,0.3333333333333333,0.42857142857142855,0.42857142857142855,0.3333333333333333,0.3333333333333333,0.3333333333333333,0.25,0.42857142857142855,0.3333333333333333,0.25,0.25,0.5384615384615384,0.42857142857142855,0.3333333333333333,0.3333333333333333,0.42857142857142855,0.6666666666666666,0.5384615384615384,1.0,0.3333333333333333,0.3333333333333333,0.42857142857142855,0.42857142857142855,0.42857142857142855,0.3333333333333333,0.42857142857142855,0.3333333333333333,0.3333333333333333,0.42857142857142855,0.25
SRB,0.42857142857142855,0.5384615384615384,0.6666666666666666,0.5384615384615384,0.6666666666666666,0.42857142857142855,0.6666666666666666,0.42857142857142855,0.5384615384615384,0.5384615384615384,0.5384615384615384,0.42857142857142855,0.6666666666666666,0.8181818181818182,0.6666666666666666,0.42857142857142855,0.6666666666666666,0.6666666666666666,0.6666666666666666,0.6666666666666666,0.8181818181818182,0.42857142857142855,0.5384615384615384,0.5384615384615384,0.42857142857142855,0.25,1.0,0.25,0.5384615384615384,0.5384615384615384,0.3333333333333333,0.6666666666666666,0.5384615384615384,0.6666666666666666,0.5384615384615384,0.3333333333333333,0.6666666666666666,0.25,0.42857142857142855,0.5384615384615384,0.42857142857142855,0.3333333333333333,0.3333333333333333,0.5384615384615384,0.42857142857142855,0.5384615384615384,0.6666666666666666,0.42857142857142855,0.6666666666666666,0.3333333333333333,0.3333333333333333,0.5384615384615384,0.6666666666666666,0.5384615384615384,0.42857142857142855,0.42857142857142855,0.42857142857142855,0.42857142857142855,0.6666666666666666,0.5384615384615384,0.3333333333333333,0.6666666666666666,0.6666666666666666,0.5384615384615384,0.5384615384615384,0.3333333333333333,1.0,0.42857142857142855,0.6666666666666666,0.5384615384615384,0.42857142857142855,0.42857142857142855,0.6666666666666666,0.42857142857142855,0.5384615384615384,0.42857142857142855,0.42857142857142855
SVK,0.25,0.42857142857142855,0.3333333333333333,0.5384615384615384,0.5384615384615384,0.3333333333333333,0.3333333333333333,0.42857142857142855,0.5384615384615384,0.3333333333333333,0.25,0.42857142857142855,0.42857142857142855,0.42857142857142855,0.3333333333333333,0.5384615384615384,0.42857142857142855,0.42857142857142855,0.42857142857142855,0.42857142857142855,0.5384615384615384,0.5384615384615384,0.3333333333333333,0.42857142857142855,0.42857142857142855,0.3333333333333333,0.42857142857142855,0.3333333333333333,0.5384615384615384,0.5384615384615384,0.6666666666666666,0.42857142857142855,0.42857142857142855,0.42857142857142855,0.5384615384615384,0.3333333333333333,0.3333333333333333,0.3333333333333333,0.5384615384615384,0.42857142857142855,0.42857142857142855,0.5384615384615384,0.25,0.42857142857142855,0.3333333333333333,0.5384615384615384,0.42857142857142855,0.3333333333333333,0.42857142857142855,0.5384615384615384,0.25,0.3333333333333333,0.42857142857142855,0.42857142857142855,0.25,0.42857142857142855,0.3333333333333333,0.3333333333333333,0.5384615384615384,0.3333333333333333,0.5384615384615384,0.5384615384615384,0.42857142857142855,0.5384615384615384,0.42857142857142855,0.3333333333333333,0.42857142857142855,1.0,0.3333333333333333,0.3333333333333333,0.42857142857142855,0.42857142857142855,0.3333333333333333,0.3333333333333333,0.5384615384615384,0.5384615384615384,0.3333333333333333
SVN,0.3333333333333333,0.5384615384615384,1.0,0.6666666666666666,0.6666666666666666,0.6666666666666666,1.0,0.5384615384615384,0.5384615384615384,0.8181818181818182,0.6666666666666666,0.3333333333333333,0.8181818181818182,0.8181818181818182,0.8181818181818182,0.3333333333333333,0.5384615384615384,0.8181818181818182,0.6666666666666666,0.8181818181818182,0.6666666666666666,0.42857142857142855,0.42857142857142855,0.5384615384615384,0.5384615384615384,0.3333333333333333,0.6666666666666666,0.25,0.5384615384615384,0.5384615384615384,0.3333333333333333,0.8181818181818182,0.42857142857142855,0.6666666666666666,0.42857142857142855,0.25,0.6666666666666666,0.3333333333333333,0.42857142857142855,0.6666666666666666,0.25,0.42857142857142855,0.25,0.6666666666666666,0.6666666666666666,0.42857142857142855,0.6666666666666666,0.42857142857142855,0.6666666666666666,0.3333333333333333,0.42857142857142855,0.6666666666666666,0.8181818181818182,0.5384615384615384,0.42857142857142855,0.3333333333333333,0.42857142857142855,0.5384615384615384,0.5384615384615384,0.6666666666666666,0.42857142857142855,0.5384615384615384,0.5384615384615384,0.5384615384615384,0.6666666666666666,0.42857142857142855,0.6666666666666666,0.3333333333333333,1.0,0.42857142857142855,0.5384615384615384,0.42857142857142855,0.6666666666666666,0.5384615384615384,0.6666666666666666,0.42857142857142855,0.42857142857142855
SWE,0.25,0.5384615384615384,0.42857142857142855,0.42857142857142855,0.42857142857142855,0.42857142857142855,0.42857142857142855,0.5384615384615384,0.5384615384615384,0.42857142857142855,0.25,0.6666666666666666,0.3333333333333333,0.42857142857142855,0.5384615384615384,0.42857142857142855,0.6666666666666666,0.3333333333333333,0.42857142857142855,0.3333333333333333,0.42857142857142855,0.5384615384615384,0.5384615384615384,0.42857142857142855,0.5384615384615384,0.3333333333333333,0.5384615384615384,0.3333333333333333,0.42857142857142855,0.42857142857142855,0.3333333333333333,0.42857142857142855,0.42857142857142855,0.42857142857142855,0.3333333333333333,0.3333333333333333,0.42857142857142855,0.3333333333333333,0.25,0.42857142857142855,0.5384615384615384,0.3333333333333333,0.3333333333333333,0.25,0.42857142857142855,0.42857142857142855,0.42857142857142855,0.5384615384615384,0.6666666666666666,0.42857142857142855,0.3333333333333333,0.42857142857142855,0.42857142857142855,0.3333333333333333,0.25,0.42857142857142855,0.3333333333333333,0.5384615384615384,0.42857142857142855,0.6666666666666666,0.3333333333333333,0.42857142857142855,0.6666666666666666,0.5384615384615384,0.42857142857142855,0.42857142857142855,0.5384615384615384,0.3333333333333333,0.42857142857142855,1.0,0.3333333333333333,0.42857142857142855,0.5384615384615384,0.3333333333333333,0.3333333333333333,0.42857142857142855,0.5384615384615384
TAP,0.25,0.42857142857142855,0.5384615384615384,0.42857142857142855,0.5384615384615384,0.42857142857142855,0.5384615384615384,0.42857142857142855,0.42857142857142855,0.42857142857142855,0.3333333333333333,0.42857142857142855,0.42857142857142855,0.5384615384615384,0.5384615384615384,0.25,0.42857142857142855,0.42857142857142855,0.42857142857142855,0.42857142857142855,0.42857142857142855,0.42857142857142855,0.3333333333333333,0.25,0.42857142857142855,0.17647058823529413,0.42857142857142855,0.3333333333333333,0.5384615384615384,0.5384615384615384,0.42857142857142855,0.42857142857142855,0.3333333333333333,0.42857142857142855,0.3333333333333333,0.25,0.3333333333333333,0.42857142857142855,0.3333333333333333,0.5384615384615384,0.25,0.3333333333333333,0.3333333333333333,0.3333333333333333,0.5384615384615384,0.3333333333333333,0.5384615384615384,0.3333333333333333,0.5384615384615384,0.3333333333333333,0.3333333333333333,0.42857142857142855,0.42857142857142855,0.25,0.25,0.3333333333333333,0.25,0.3333333333333333,0.3333333333333333,0.5384615384615384,0.3333333333333333,0.42857142857142855,0.42857142857142855,0.42857142857142855,0.5384615384615384,0.42857142857142855,0.42857142857142855,0.42857142857142855,0.5384615384615384,0.3333333333333333,1.0,0.42857142857142855,0.5384615384615384,0.3333333333333333,0.5384615384615384,0.42857142857142855,0.3333333333333333
THA,0.3333333333333333,0.5384615384615384,0.42857142857142855,0.5384615384615384,0.5384615384615384,0.42857142857142855,0.42857142857142855,0.3333333333333333,0.3333333333333333,0.3333333333333333,0.42857142857142855,0.5384615384615384,0.42857142857142855,0.5384615384615384,0.42857142857142855,0.3333333333333333,0.3333333333333333,0.42857142857142855,0.42857142857142855,0.42857142857142855,0.42857142857142855,0.42857142857142855,0.42857142857142855,0.42857142857142855,0.5384615384615384,0.25,0.42857142857142855,0.25,0.5384615384615384,0.5384615384615384,0.5384615384615384,0.3333333333333333,0.42857142857142855,0.5384615384615384,0.5384615384615384,0.3333333333333333,0.5384615384615384,0.3333333333333333,0.42857142857142855,0.5384615384615384,0.42857142857142855,0.42857142857142855,0.3333333333333333,0.42857142857142855,0.3333333333333333,0.42857142857142855,0.5384615384615384,0.3333333333333333,0.5384615384615384,0.3333333333333333,0.25,0.5384615384615384,0.3333333333333333,0.25,0.42857142857142855,0.5384615384615384,0.17647058823529413,0.42857142857142855,0.42857142857142855,0.5384615384615384,0.3333333333333333,0.5384615384615384,0.5384615384615384,0.42857142857142855,0.3333333333333333,0.3333333333333333,0.42857142857142855,0.42857142857142855,0.42857142857142855,0.42857142857142855,0.42857142857142855,1.0,0.3333333333333333,0.25,0.5384615384615384,0.42857142857142855,0.42857142857142855
TUR,0.42857142857142855,0.6666666666666666,0.6666666666666666,0.5384615384615384,0.5384615384615384,0.5384615384615384,0.6666666666666666,0.6666666666666666,0.5384615384615384,0.5384615384615384,0.42857142857142855,0.42857142857142855,0.5384615384615384,0.5384615384615384,0.8181818181818182,0.42857142857142855,0.6666666666666666,0.5384615384615384,0.42857142857142855,0.5384615384615384,0.5384615384615384,0.42857142857142855,0.42857142857142855,0.42857142857142855,0.5384615384615384,0.3333333333333333,0.6666666666666666,0.3333333333333333,0.3333333333333333,0.5384615384615384,0.25,0.6666666666666666,0.3333333333333333,0.42857142857142855,0.3333333333333333,0.3333333333333333,0.5384615384615384,0.42857142857142855,0.25,0.5384615384615384,0.3333333333333333,0.3333333333333333,0.42857142857142855,0.42857142857142855,0.6666666666666666,0.42857142857142855,0.6666666666666666,0.5384615384615384,0.6666666666666666,0.3333333333333333,0.42857142857142855,0.5384615384615384,0.6666666666666666,0.42857142857142855,0.25,0.3333333333333333,0.3333333333333333,0.42857142857142855,0.42857142857142855,0.5384615384615384,0.42857142857142855,0.42857142857142855,0.6666666666666666,0.5384615384615384,0.8181818181818182,0.42857142857142855,0.6666666666666666,0.3333333333333333,0.6666666666666666,0.5384615384615384,0.5384615384615384,0.3333333333333333,1.0,0.5384615384615384,0.5384615384615384,0.42857142857142855,0.5384615384615384
UKR,0.17647058823529413,0.3333333333333333,0.5384615384615384,0.42857142857142855,0.5384615384615384,0.5384615384615384,0.5384615384615384,0.3333333333333333,0.42857142857142855,0.42857142857142855,0.42857142857142855,0.17647058823529413,0.5384615384615384,0.42857142857142855,0.6666666666666666,0.3333333333333333,0.42857142857142855,0.5384615384615384,0.3333333333333333,0.5384615384615384,0.3333333333333333,0.25,0.17647058823529413,0.3333333333333333,0.3333333333333333,0.3333333333333333,0.42857142857142855,0.17647058823529413,0.25,0.3333333333333333,0.25,0.42857142857142855,0.25,0.3333333333333333,0.25,0.25,0.42857142857142855,0.25,0.25,0.42857142857142855,0.17647058823529413,0.3333333333333333,0.17647058823529413,0.42857142857142855,0.5384615384615384,0.5384615384615384,0.5384615384615384,0.5384615384615384,0.42857142857142855,0.3333333333333333,0.42857142857142855,0.5384615384615384,0.5384615384615384,0.42857142857142855,0.3333333333333333,0.25,0.3333333333333333,0.25,0.3333333333333333,0.42857142857142855,0.3333333333333333,0.25,0.42857142857142855,0.3333333333333333,0.42857142857142855,0.3333333333333333,0.42857142857142855,0.3333333333333333,0.5384615384615384,0.3333333333333333,0.3333333333333333,0.25,0.5384615384615384,1.0,0.5384615384615384,0.25,0.3333333333333333
URY,0.3333333333333333,0.5384615384615384,0.6666666666666666,0.6666666666666666,0.8181818181818182,0.5384615384615384,0.6666666666666666,0.42857142857142855,0.5384615384615384,0.5384615384615384,0.5384615384615384,0.42857142857142855,0.8181818181818182,0.6666666666666666,0.6666666666666666,0.5384615384615384,0.42857142857142855,0.8181818181818182,0.5384615384615384,0.8181818181818182,0.5384615384615384,0.42857142857142855,0.3333333333333333,0.5384615384615384,0.5384615384615384,0.3333333333333333,0.5384615384615384,0.25,0.5384615384615384,0.5384615384615384,0.42857142857142855,0.5384615384615384,0.5384615384615384,0.5384615384615384,0.42857142857142855,0.25,0.5384615384615384,0.3333333333333333,0.42857142857142855,0.5384615384615384,0.3333333333333333,0.6666666666666666,0.25,0.6666666666666666,0.6666666666666666,0.5384615384615384,0.8181818181818182,0.42857142857142855,0.5384615384615384,0.3333333333333333,0.42857142857142855,0.6666666666666666,0.6666666666666666,0.5384615384615384,0.3333333333333333,0.42857142857142855,0.3333333333333333,0.42857142857142855,0.42857142857142855,0.5384615384615384,0.5384615384615384,0.5384615384615384,0.42857142857142855,0.42857142857142855,0.5384615384615384,0.3333333333333333,0.5384615384615384,0.5384615384615384,0.6666666666666666,0.3333333333333333,0.5384615384615384,0.5384615384615384,0.5384615384615384,0.5384615384615384,1.0,0.42857142857142855,0.42857142857142855
USA,0.25,0.42857142857142855,0.42857142857142855,0.5384615384615384,0.42857142857142855,0.42857142857142855,0.42857142857142855,0.5384615384615384,0.5384615384615384,0.42857142857142855,0.25,0.42857142857142855,0.3333333333333333,0.42857142857142855,0.42857142857142855,0.42857142857142855,0.5384615384615384,0.3333333333333333,0.42857142857142855,0.3333333333333333,0.5384615384615384,0.6666666666666666,0.42857142857142855,0.42857142857142855,0.6666666666666666,0.42857142857142855,0.42857142857142855,0.5384615384615384,0.42857142857142855,0.6666666666666666,0.42857142857142855,0.5384615384615384,0.42857142857142855,0.42857142857142855,0.5384615384615384,0.42857142857142855,0.3333333333333333,0.3333333333333333,0.42857142857142855,0.5384615384615384,0.42857142857142855,0.42857142857142855,0.3333333333333333,0.3333333333333333,0.3333333333333333,0.42857142857142855,0.42857142857142855,0.42857142857142855,0.5384615384615384,0.5384615384615384,0.3333333333333333,0.3333333333333333,0.42857142857142855,0.3333333333333333,0.25,0.42857142857142855,0.3333333333333333,0.42857142857142855,0.5384615384615384,0.42857142857142855,0.5384615384615384,0.5384615384615384,0.5384615384615384,0.6666666666666666,0.5384615384615384,0.42857142857142855,0.42857142857142855,0.5384615384615384,0.42857142857142855,0.42857142857142855,0.42857142857142855,0.42857142857142855,0.42857142857142855,0.25,0.42857142857142855,1.0,0.42857142857142855
VNM,0.3333333333333333,0.5384615384615384,0.42857142857142855,0.42857142857142855,0.3333333333333333,0.5384615384615384,0.42857142857142855,0.42857142857142855,0.3333333333333333,0.3333333333333333,0.25,0.42857142857142855,0.3333333333333333,0.3333333333333333,0.5384615384615384,0.42857142857142855,0.42857142857142855,0.3333333333333333,0.25,0.3333333333333333,0.3333333333333333,0.42857142857142855,0.3333333333333333,0.42857142857142855,0.6666666666666666,0.3333333333333333,0.42857142857142855,0.25,0.3333333333333333,0.42857142857142855,0.3333333333333333,0.42857142857142855,0.3333333333333333,0.3333333333333333,0.3333333333333333,0.3333333333333333,0.42857142857142855,0.42857142857142855,0.25,0.3333333333333333,0.5384615384615384,0.3333333333333333,0.42857142857142855,0.25,0.3333333333333333,0.3333333333333333,0.5384615384615384,0.5384615384615384,0.5384615384615384,0.3333333333333333,0.3333333333333333,0.42857142857142855,0.42857142857142855,0.25,0.17647058823529413,0.3333333333333333,0.25,0.6666666666666666,0.3333333333333333,0.42857142857142855,0.42857142857142855,0.42857142857142855,0.5384615384615384,0.42857142857142855,0.42857142857142855,0.25,0.42857142857142855,0.3333333333333333,0.42857142857142855,0.5384615384615384,0.3333333333333333,0.42857142857142855,0.5384615384615384,0.3333333333333333,0.42857142857142855,0.42857142857142855,1.0
