,ALB,ARE,ARG,AUS,AUT,BEL,BGR,BIH,BLR,BRA,BRN,CAN,CHE,CHL,COL,CRI,CZE,DEU,DNK,DOM,ESP,EST,FIN,FRA,GBR,GEO,GRC,HKG,HRV,HUN,IDN,IRL,ISL,ITA,JOR,JPN,KAZ,KOR,KSV,LTU,LUX,LVA,MAC,MAR,MDA,MEX,MLT,MNE,MYS,NLD,NOR,NZL,PAN,PER,PHL,POL,PRT,QAT,QAZ,QCI,QMR,QRT,ROU,RUS,SAU,SGP,SRB,SVK,SVN,SWE,TAP,THA,TUR,UKR,URY,USA,VNM
ALB,1.0,0.42857142857142855,0.42857142857142855,0.3333333333333333,0.42857142857142855,0.42857142857142855,0.3333333333333333,0.3333333333333333,0.3333333333333333,0.42857142857142855,0.3333333333333333,0.42857142857142855,0.3333333333333333,0.42857142857142855,0.42857142857142855,0.3333333333333333,0.3333333333333333,0.3333333333333333,0.25,0.42857142857142855,0.42857142857142855,0.42857142857142855,0.17647058823529413,0.3333333333333333,0.25,0.42857142857142855,0.42857142857142855,0.5384615384615384,0.42857142857142855,0.42857142857142855,0.3333333333333333,0.3333333333333333,0.42857142857142855,0.42857142857142855,0.5384615384615384,0.25,0.3333333333333333,0.42857142857142855,0.6666666666666666,0.42857142857142855,0.3333333333333333,0.3333333333333333,0.3333333333333333,0.25,0.25,0.25,0.42857142857142855,0.3333333333333333,0.25,0.3333333333333333,0.25,0.3333333333333333,0.3333333333333333,0.3333333333333333,0.17647058823529413,0.42857142857142855,0.25,0.5384615384615384,0.42857142857142855,0.3333333333333333,0.42857142857142855,0.3333333333333333,0.42857142857142855,0.42857142857142855,0.5384615384615384,0.3333333333333333,0.42857142857142855,0.42857142857142855,0.3333333333333333,0.3333333333333333,0.3333333333333333,0.3333333333333333,0.3333333333333333,0.3333333333333333,0.17647058823529413,0.25,0.17647058823529413
ARE,0.42857142857142855,1.0,0.42857142857142855,0.5384615384615384,0.42857142857142855,0.3333333333333333,0.3333333333333333,0.5384615384615384,0.6666666666666666,0.42857142857142855,0.42857142857142855,0.3333333333333333,0.5384615384615384,0.5384615384615384,0.42857142857142855,0.42857142857142855,0.42857142857142855,0.42857142857142855,0.42857142857142855,0.6666666666666666,0.42857142857142855,0.42857142857142855,0.3333333333333333,0.5384615384615384,0.42857142857142855,0.42857142857142855,0.5384615384615384,0.5384615384615384,0.5384615384615384,0.42857142857142855,0.42857142857142855,0.42857142857142855,0.42857142857142855,0.5384615384615384,0.5384615384615384,0.25,0.42857142857142855,0.3333333333333333,0.6666666666666666,0.42857142857142855,0.42857142857142855,0.3333333333333333,0.42857142857142855,0.42857142857142855,0.42857142857142855,0.42857142857142855,0.6666666666666666,0.5384615384615384,0.42857142857142855,0.42857142857142855,0.42857142857142855,0.6666666666666666,0.42857142857142855,0.25,0.3333333333333333,0.5384615384615384,0.3333333333333333,0.6666666666666666,0.5384615384615384,0.25,0.3333333333333333,0.5384615384615384,0.6666666666666666,0.5384615384615384,0.42857142857142855,0.3333333333333333,0.5384615384615384,0.5384615384615384,0.42857142857142855,0.42857142857142855,0.42857142857142855,0.42857142857142855,0.42857142857142855,0.42857142857142855,0.25,0.42857142857142855,0.3333333333333333
ARG,0.42857142857142855,0.42857142857142855,1.0,0.5384615384615384,0.6666666666666666,0.42857142857142855,0.6666666666666666,0.6666666666666666,0.3333333333333333,0.6666666666666666,0.5384615384615384,0.42857142857142855,0.6666666666666666,0.5384615384615384,0.6666666666666666,0.5384615384615384,0.42857142857142855,0.5384615384615384,0.5384615384615384,0.6666666666666666,0.6666666666666666,0.5384615384615384,0.3333333333333333,0.42857142857142855,0.42857142857142855,0.5384615384615384,0.8181818181818182,0.3333333333333333,0.5384615384615384,0.5384615384615384,0.3333333333333333,0.42857142857142855,0.3333333333333333,0.5384615384615384,0.5384615384615384,0.25,0.6666666666666666,0.42857142857142855,0.5384615384615384,0.6666666666666666,0.42857142857142855,0.42857142857142855,0.3333333333333333,0.6666666666666666,0.3333333333333333,0.42857142857142855,0.5384615384615384,0.5384615384615384,0.25,0.25,0.3333333333333333,0.6666666666666666,0.8181818181818182,0.5384615384615384,0.3333333333333333,0.5384615384615384,0.42857142857142855,0.42857142857142855,0.6666666666666666,0.3333333333333333,0.6666666666666666,0.5384615384615384,0.5384615384615384,0.8181818181818182,0.8181818181818182,0.3333333333333333,0.6666666666666666,0.6666666666666666,0.6666666666666666,0.42857142857142855,0.3333333333333333,0.5384615384615384,0.5384615384615384,0.8181818181818182,0.5384615384615384,0.3333333333333333,0.3333333333333333
AUS,0.3333333333333333,0.5384615384615384,0.5384615384615384,1.0,0.5384615384615384,0.5384615384615384,0.3333333333333333,0.42857142857142855,0.5384615384615384,0.42857142857142855,0.42857142857142855,0.3333333333333333,0.5384615384615384,0.5384615384615384,0.5384615384615384,0.42857142857142855,0.42857142857142855,0.5384615384615384,0.6666666666666666,0.5384615384615384,0.6666666666666666,0.6666666666666666,0.42857142857142855,0.3333333333333333,0.42857142857142855,0.5384615384615384,0.6666666666666666,0.3333333333333333,0.5384615384615384,0.42857142857142855,0.5384615384615384,0.42857142857142855,0.3333333333333333,0.5384615384615384,0.3333333333333333,0.3333333333333333,0.42857142857142855,0.5384615384615384,0.42857142857142855,0.5384615384615384,0.42857142857142855,0.42857142857142855,0.42857142857142855,0.42857142857142855,0.3333333333333333,0.5384615384615384,0.6666666666666666,0.42857142857142855,0.3333333333333333,0.25,0.42857142857142855,0.8181818181818182,0.42857142857142855,0.3333333333333333,0.42857142857142855,0.42857142857142855,0.3333333333333333,0.42857142857142855,0.5384615384615384,0.3333333333333333,0.3333333333333333,0.5384615384615384,0.5384615384615384,0.6666666666666666,0.42857142857142855,0.3333333333333333,0.5384615384615384,0.5384615384615384,0.42857142857142855,0.5384615384615384,0.3333333333333333,0.5384615384615384,0.3333333333333333,0.5384615384615384,0.25,0.42857142857142855,0.3333333333333333
AUT,0.42857142857142855,0.42857142857142855,0.6666666666666666,0.5384615384615384,1.0,0.5384615384615384,0.42857142857142855,0.5384615384615384,0.5384615384615384,0.6666666666666666,0.8181818181818182,0.3333333333333333,0.6666666666666666,0.5384615384615384,0.8181818181818182,0.42857142857142855,0.42857142857142855,0.8181818181818182,0.5384615384615384,0.6666666666666666,0.8181818181818182,0.5384615384615384,0.3333333333333333,0.5384615384615384,0.3333333333333333,0.5384615384615384,0.6666666666666666,0.25,0.6666666666666666,0.6666666666666666,0.42857142857142855,0.3333333333333333,0.42857142857142855,0.5384615384615384,0.5384615384615384,0.17647058823529413,0.8181818181818182,0.3333333333333333,0.5384615384615384,1.0,0.42857142857142855,0.3333333333333333,0.3333333333333333,0.5384615384615384,0.3333333333333333,0.6666666666666666,0.5384615384615384,0.42857142857142855,0.42857142857142855,0.25,0.42857142857142855,0.5384615384615384,0.5384615384615384,0.42857142857142855,0.42857142857142855,0.42857142857142855,0.42857142857142855,0.5384615384615384,0.8181818181818182,0.3333333333333333,0.5384615384615384,0.6666666666666666,0.42857142857142855,0.6666666666666666,0.5384615384615384,0.3333333333333333,0.5384615384615384,0.8181818181818182,0.42857142857142855,0.42857142857142855,0.3333333333333333,0.42857142857142855,0.5384615384615384,0.5384615384615384,0.3333333333333333,0.25,0.3333333333333333
BEL,0.42857142857142855,0.3333333333333333,0.42857142857142855,0.5384615384615384,0.5384615384615384,1.0,0.25,0.25,0.42857142857142855,0.5384615384615384,0.42857142857142855,0.25,0.3333333333333333,0.3333333333333333,0.42857142857142855,0.3333333333333333,0.3333333333333333,0.42857142857142855,0.3333333333333333,0.42857142857142855,0.5384615384615384,0.3333333333333333,0.25,0.3333333333333333,0.17647058823529413,0.3333333333333333,0.42857142857142855,0.25,0.42857142857142855,0.5384615384615384,0.5384615384615384,0.25,0.25,0.3333333333333333,0.25,0.17647058823529413,0.42857142857142855,0.3333333333333333,0.3333333333333333,0.5384615384615384,0.42857142857142855,0.3333333333333333,0.3333333333333333,0.25,0.17647058823529413,0.42857142857142855,0.3333333333333333,0.25,0.25,0.3333333333333333,0.25,0.42857142857142855,0.3333333333333333,0.25,0.25,0.42857142857142855,0.42857142857142855,0.3333333333333333,0.42857142857142855,0.3333333333333333,0.3333333333333333,0.3333333333333333,0.42857142857142855,0.42857142857142855,0.3333333333333333,0.42857142857142855,0.3333333333333333,0.42857142857142855,0.3333333333333333,0.42857142857142855,0.42857142857142855,0.42857142857142855,0.3333333333333333,0.3333333333333333,0.25,0.25,0.17647058823529413
BGR,0.3333333333333333,0.3333333333333333,0.6666666666666666,0.3333333333333333,0.42857142857142855,0.25,1.0,0.42857142857142855,0.25,0.42857142857142855,0.42857142857142855,0.25,0.5384615384615384,0.3333333333333333,0.5384615384615384,0.42857142857142855,0.25,0.3333333333333333,0.42857142857142855,0.5384615384615384,0.42857142857142855,0.3333333333333333,0.25,0.3333333333333333,0.3333333333333333,0.42857142857142855,0.5384615384615384,0.25,0.3333333333333333,0.3333333333333333,0.17647058823529413,0.3333333333333333,0.3333333333333333,0.3333333333333333,0.5384615384615384,0.25,0.42857142857142855,0.3333333333333333,0.42857142857142855,0.42857142857142855,0.25,0.3333333333333333,0.25,0.5384615384615384,0.42857142857142855,0.25,0.3333333333333333,0.5384615384615384,0.17647058823529413,0.1111111111111111,0.17647058823529413,0.42857142857142855,0.6666666666666666,0.42857142857142855,0.3333333333333333,0.3333333333333333,0.42857142857142855,0.42857142857142855,0.42857142857142855,0.25,0.42857142857142855,0.3333333333333333,0.42857142857142855,0.5384615384615384,0.5384615384615384,0.17647058823529413,0.5384615384615384,0.42857142857142855,0.42857142857142855,0.25,0.17647058823529413,0.3333333333333333,0.3333333333333333,0.5384615384615384,0.5384615384615384,0.17647058823529413,0.25
BIH,0.3333333333333333,0.5384615384615384,0.6666666666666666,0.42857142857142855,0.5384615384615384,0.25,0.42857142857142855,1.0,0.42857142857142855,0.42857142857142855,0.5384615384615384,0.5384615384615384,0.5384615384615384,0.6666666666666666,0.5384615384615384,0.3333333333333333,0.42857142857142855,0.42857142857142855,0.42857142857142855,0.5384615384615384,0.5384615384615384,0.5384615384615384,0.3333333333333333,0.5384615384615384,0.5384615384615384,0.5384615384615384,0.6666666666666666,0.3333333333333333,0.5384615384615384,0.42857142857142855,0.3333333333333333,0.42857142857142855,0.42857142857142855,0.6666666666666666,0.5384615384615384,0.25,0.6666666666666666,0.25,0.5384615384615384,0.5384615384615384,0.42857142857142855,0.42857142857142855,0.25,0.8181818181818182,0.25,0.42857142857142855,0.6666666666666666,0.6666666666666666,0.42857142857142855,0.3333333333333333,0.42857142857142855,0.5384615384615384,0.6666666666666666,0.5384615384615384,0.3333333333333333,0.5384615384615384,0.25,0.5384615384615384,0.6666666666666666,0.25,0.5384615384615384,0.6666666666666666,0.42857142857142855,0.6666666666666666,0.6666666666666666,0.25,0.6666666666666666,0.6666666666666666,0.6666666666666666,0.42857142857142855,0.3333333333333333,0.5384615384615384,0.5384615384615384,0.6666666666666666,0.5384615384615384,0.42857142857142855,0.3333333333333333
BLR,0.3333333333333333,0.6666666666666666,0.3333333333333333,0.5384615384615384,0.5384615384615384,0.42857142857142855,0.25,0.42857142857142855,1.0,0.42857142857142855,0.5384615384615384,0.25,0.42857142857142855,0.42857142857142855,0.42857142857142855,0.3333333333333333,0.5384615384615384,0.5384615384615384,0.42857142857142855,0.5384615384615384,0.5384615384615384,0.5384615384615384,0.3333333333333333,0.42857142857142855,0.3333333333333333,0.5384615384615384,0.42857142857142855,0.42857142857142855,0.5384615384615384,0.5384615384615384,0.5384615384615384,0.3333333333333333,0.3333333333333333,0.42857142857142855,0.3333333333333333,0.25,0.5384615384615384,0.3333333333333333,0.42857142857142855,0.5384615384615384,0.42857142857142855,0.42857142857142855,0.42857142857142855,0.42857142857142855,0.3333333333333333,0.6666666666666666,0.5384615384615384,0.5384615384615384,0.5384615384615384,0.42857142857142855,0.42857142857142855,0.5384615384615384,0.3333333333333333,0.3333333333333333,0.5384615384615384,0.3333333333333333,0.3333333333333333,0.5384615384615384,0.5384615384615384,0.3333333333333333,0.3333333333333333,0.6666666666666666,0.5384615384615384,0.42857142857142855,0.25,0.25,0.5384615384615384,0.5384615384615384,0.42857142857142855,0.5384615384615384,0.5384615384615384,0.42857142857142855,0.42857142857142855,0.42857142857142855,0.25,0.3333333333333333,0.3333333333333333
BRA,0.42857142857142855,0.42857142857142855,0.6666666666666666,0.42857142857142855,0.6666666666666666,0.5384615384615384,0.42857142857142855,0.42857142857142855,0.42857142857142855,1.0,0.5384615384615384,0.3333333333333333,0.5384615384615384,0.3333333333333333,0.5384615384615384,0.42857142857142855,0.3333333333333333,0.5384615384615384,0.42857142857142855,0.6666666666666666,0.5384615384615384,0.42857142857142855,0.25,0.42857142857142855,0.25,0.3333333333333333,0.5384615384615384,0.42857142857142855,0.42857142857142855,0.8181818181818182,0.3333333333333333,0.25,0.25,0.3333333333333333,0.5384615384615384,0.17647058823529413,0.6666666666666666,0.42857142857142855,0.5384615384615384,0.6666666666666666,0.5384615384615384,0.25,0.3333333333333333,0.42857142857142855,0.42857142857142855,0.5384615384615384,0.3333333333333333,0.3333333333333333,0.42857142857142855,0.42857142857142855,0.3333333333333333,0.5384615384615384,0.5384615384615384,0.42857142857142855,0.3333333333333333,0.42857142857142855,0.5384615384615384,0.3333333333333333,0.5384615384615384,0.25,0.6666666666666666,0.42857142857142855,0.5384615384615384,0.5384615384615384,0.6666666666666666,0.3333333333333333,0.42857142857142855,0.5384615384615384,0.42857142857142855,0.3333333333333333,0.5384615384615384,0.42857142857142855,0.5384615384615384,0.5384615384615384,0.3333333333333333,0.25,0.25
BRN,0.3333333333333333,0.42857142857142855,0.5384615384615384,0.42857142857142855,0.8181818181818182,0.42857142857142855,0.42857142857142855,0.5384615384615384,0.5384615384615384,0.5384615384615384,1.0,0.25,0.6666666666666666,0.5384615384615384,0.6666666666666666,0.42857142857142855,0.42857142857142855,0.6666666666666666,0.42857142857142855,0.5384615384615384,0.6666666666666666,0.42857142857142855,0.3333333333333333,0.6666666666666666,0.25,0.42857142857142855,0.5384615384615384,0.17647058823529413,0.6666666666666666,0.6666666666666666,0.3333333333333333,0.3333333333333333,0.5384615384615384,0.5384615384615384,0.42857142857142855,0.1111111111111111,0.6666666666666666,0.25,0.42857142857142855,0.8181818181818182,0.3333333333333333,0.3333333333333333,0.25,0.6666666666666666,0.3333333333333333,0.5384615384615384,0.5384615384615384,0.42857142857142855,0.42857142857142855,0.25,0.3333333333333333,0.42857142857142855,0.6666666666666666,0.5384615384615384,0.42857142857142855,0.42857142857142855,0.42857142857142855,0.5384615384615384,0.8181818181818182,0.25,0.42857142857142855,0.6666666666666666,0.3333333333333333,0.5384615384615384,0.42857142857142855,0.25,0.42857142857142855,0.8181818181818182,0.42857142857142855,0.42857142857142855,0.3333333333333333,0.3333333333333333,0.42857142857142855,0.42857142857142855,0.42857142857142855,0.17647058823529413,0.25
CAN,0.42857142857142855,0.3333333333333333,0.42857142857142855,0.3333333333333333,0.3333333333333333,0.25,0.25,0.5384615384615384,0.25,0.3333333333333333,0.25,1.0,0.3333333333333333,0.42857142857142855,0.3333333333333333,0.25,0.3333333333333333,0.3333333333333333,0.3333333333333333,0.3333333333333333,0.42857142857142855,0.5384615384615384,0.3333333333333333,0.3333333333333333,0.6666666666666666,0.42857142857142855,0.5384615384615384,0.3333333333333333,0.42857142857142855,0.25,0.3333333333333333,0.3333333333333333,0.25,0.42857142857142855,0.42857142857142855,0.17647058823529413,0.42857142857142855,0.25,0.5384615384615384,0.3333333333333333,0.5384615384615384,0.42857142857142855,0.25,0.42857142857142855,0.25,0.25,0.42857142857142855,0.42857142857142855,0.3333333333333333,0.42857142857142855,0.25,0.42857142857142855,0.3333333333333333,0.3333333333333333,0.17647058823529413,0.3333333333333333,0.17647058823529413,0.3333333333333333,0.3333333333333333,0.3333333333333333,0.42857142857142855,0.3333333333333333,0.3333333333333333,0.5384615384615384,0.5384615384615384,0.25,0.5384615384615384,0.3333333333333333,0.42857142857142855,0.3333333333333333,0.42857142857142855,0.5384615384615384,0.3333333333333333,0.42857142857142855,0.25,0.6666666666666666,0.3333333333333333
CHE,0.3333333333333333,0.5384615384615384,0.6666666666666666,0.5384615384615384,0.6666666666666666,0.3333333333333333,0.5384615384615384,0.5384615384615384,0.42857142857142855,0.5384615384615384,0.6666666666666666,0.3333333333333333,1.0,0.42857142857142855,0.6666666666666666,0.6666666666666666,0.42857142857142855,0.6666666666666666,0.5384615384615384,0.6666666666666666,0.5384615384615384,0.5384615384615384,0.25,0.5384615384615384,0.42857142857142855,0.42857142857142855,0.6666666666666666,0.3333333333333333,0.5384615384615384,0.42857142857142855,0.42857142857142855,0.3333333333333333,0.5384615384615384,0.42857142857142855,0.5384615384615384,0.17647058823529413,0.6666666666666666,0.3333333333333333,0.5384615384615384,0.6666666666666666,0.42857142857142855,0.3333333333333333,0.25,0.6666666666666666,0.5384615384615384,0.5384615384615384,0.5384615384615384,0.42857142857142855,0.3333333333333333,0.25,0.42857142857142855,0.6666666666666666,0.6666666666666666,0.42857142857142855,0.42857142857142855,0.42857142857142855,0.42857142857142855,0.42857142857142855,0.6666666666666666,0.3333333333333333,0.5384615384615384,0.6666666666666666,0.42857142857142855,0.6666666666666666,0.5384615384615384,0.3333333333333333,0.5384615384615384,0.6666666666666666,0.42857142857142855,0.42857142857142855,0.3333333333333333,0.42857142857142855,0.5384615384615384,0.6666666666666666,0.42857142857142855,0.3333333333333333,0.42857142857142855
CHL,0.42857142857142855,0.5384615384615384,0.5384615384615384,0.5384615384615384,0.5384615384615384,0.3333333333333333,0.3333333333333333,0.6666666666666666,0.42857142857142855,0.3333333333333333,0.5384615384615384,0.42857142857142855,0.42857142857142855,1.0,0.5384615384615384,0.3333333333333333,0.42857142857142855,0.42857142857142855,0.42857142857142855,0.42857142857142855,0.6666666666666666,0.5384615384615384,0.42857142857142855,0.5384615384615384,0.42857142857142855,0.5384615384615384,0.6666666666666666,0.25,0.6666666666666666,0.42857142857142855,0.3333333333333333,0.5384615384615384,0.42857142857142855,0.8181818181818182,0.42857142857142855,0.25,0.42857142857142855,0.42857142857142855,0.5384615384615384,0.5384615384615384,0.3333333333333333,0.42857142857142855,0.3333333333333333,0.5384615384615384,0.17647058823529413,0.3333333333333333,0.8181818181818182,0.5384615384615384,0.3333333333333333,0.25,0.3333333333333333,0.5384615384615384,0.5384615384615384,0.42857142857142855,0.25,0.5384615384615384,0.25,0.6666666666666666,0.6666666666666666,0.25,0.3333333333333333,0.5384615384615384,0.42857142857142855,0.6666666666666666,0.5384615384615384,0.3333333333333333,0.5384615384615384,0.6666666666666666,0.5384615384615384,0.42857142857142855,0.25,0.42857142857142855,0.3333333333333333,0.42857142857142855,0.3333333333333333,0.3333333333333333,0.25
COL,0.42857142857142855,0.42857142857142855,0.6666666666666666,0.5384615384615384,0.8181818181818182,0.42857142857142855,0.5384615384615384,0.5384615384615384,0.42857142857142855,0.5384615384615384,0.6666666666666666,0.3333333333333333,0.6666666666666666,0.5384615384615384,1.0,0.42857142857142855,0.42857142857142855,0.6666666666666666,0.6666666666666666,0.6666666666666666,0.6666666666666666,0.5384615384615384,0.3333333333333333,0.42857142857142855,0.42857142857142855,0.5384615384615384,0.6666666666666666,0.25,0.6666666666666666,0.5384615384615384,0.42857142857142855,0.3333333333333333,0.42857142857142855,0.5384615384615384,0.5384615384615384,0.25,0.6666666666666666,0.3333333333333333,0.5384615384615384,0.8181818181818182,0.42857142857142855,0.42857142857142855,0.25,0.5384615384615384,0.3333333333333333,0.5384615384615384,0.5384615384615384,0.42857142857142855,0.42857142857142855,0.17647058823529413,0.42857142857142855,0.5384615384615384,0.5384615384615384,0.42857142857142855,0.3333333333333333,0.42857142857142855,0.42857142857142855,0.6666666666666666,0.8181818181818182,0.3333333333333333,0.5384615384615384,0.6666666666666666,0.3333333333333333,0.6666666666666666,0.5384615384615384,0.3333333333333333,0.5384615384615384,0.8181818181818182,0.42857142857142855,0.42857142857142855,0.25,0.42857142857142855,0.42857142857142855,0.5384615384615384,0.3333333333333333,0.25,0.3333333333333333
CRI,0.3333333333333333,0.42857142857142855,0.5384615384615384,0.42857142857142855,0.42857142857142855,0.3333333333333333,0.42857142857142855,0.3333333333333333,0.3333333333333333,0.42857142857142855,0.42857142857142855,0.25,0.6666666666666666,0.3333333333333333,0.42857142857142855,1.0,0.42857142857142855,0.42857142857142855,0.3333333333333333,0.42857142857142855,0.42857142857142855,0.42857142857142855,0.17647058823529413,0.5384615384615384,0.3333333333333333,0.3333333333333333,0.5384615384615384,0.3333333333333333,0.42857142857142855,0.3333333333333333,0.42857142857142855,0.3333333333333333,0.3333333333333333,0.3333333333333333,0.3333333333333333,0.17647058823529413,0.42857142857142855,0.3333333333333333,0.42857142857142855,0.42857142857142855,0.3333333333333333,0.3333333333333333,0.25,0.42857142857142855,0.42857142857142855,0.3333333333333333,0.42857142857142855,0.3333333333333333,0.17647058823529413,0.25,0.3333333333333333,0.5384615384615384,0.5384615384615384,0.3333333333333333,0.3333333333333333,0.42857142857142855,0.5384615384615384,0.3333333333333333,0.42857142857142855,0.3333333333333333,0.42857142857142855,0.42857142857142855,0.42857142857142855,0.5384615384615384,0.42857142857142855,0.25,0.42857142857142855,0.42857142857142855,0.42857142857142855,0.42857142857142855,0.3333333333333333,0.42857142857142855,0.42857142857142855,0.5384615384615384,0.42857142857142855,0.25,0.42857142857142855
CZE,0.3333333333333333,0.42857142857142855,0.42857142857142855,0.42857142857142855,0.42857142857142855,0.3333333333333333,0.25,0.42857142857142855,0.5384615384615384,0.3333333333333333,0.42857142857142855,0.3333333333333333,0.42857142857142855,0.42857142857142855,0.42857142857142855,0.42857142857142855,1.0,0.42857142857142855,0.3333333333333333,0.3333333333333333,0.42857142857142855,0.5384615384615384,0.3333333333333333,0.3333333333333333,0.42857142857142855,0.42857142857142855,0.42857142857142855,0.3333333333333333,0.6666666666666666,0.42857142857142855,0.42857142857142855,0.5384615384615384,0.3333333333333333,0.42857142857142855,0.25,0.25,0.42857142857142855,0.3333333333333333,0.3333333333333333,0.42857142857142855,0.42857142857142855,0.5384615384615384,0.25,0.42857142857142855,0.17647058823529413,0.42857142857142855,0.5384615384615384,0.42857142857142855,0.3333333333333333,0.3333333333333333,0.3333333333333333,0.42857142857142855,0.42857142857142855,0.5384615384615384,0.25,0.42857142857142855,0.25,0.42857142857142855,0.5384615384615384,0.5384615384615384,0.42857142857142855,0.6666666666666666,0.3333333333333333,0.42857142857142855,0.3333333333333333,0.25,0.42857142857142855,0.5384615384615384,0.6666666666666666,0.8181818181818182,0.42857142857142855,0.3333333333333333,0.42857142857142855,0.5384615384615384,0.3333333333333333,0.3333333333333333,0.3333333333333333
DEU,0.3333333333333333,0.42857142857142855,0.5384615384615384,0.5384615384615384,0.8181818181818182,0.42857142857142855,0.3333333333333333,0.42857142857142855,0.5384615384615384,0.5384615384615384,0.6666666666666666,0.3333333333333333,0.6666666666666666,0.42857142857142855,0.6666666666666666,0.42857142857142855,0.42857142857142855,1.0,0.6666666666666666,0.5384615384615384,0.6666666666666666,0.5384615384615384,0.3333333333333333,0.42857142857142855,0.42857142857142855,0.42857142857142855,0.5384615384615384,0.25,0.5384615384615384,0.5384615384615384,0.42857142857142855,0.3333333333333333,0.42857142857142855,0.42857142857142855,0.42857142857142855,0.17647058823529413,0.6666666666666666,0.3333333333333333,0.42857142857142855,0.8181818181818182,0.3333333333333333,0.42857142857142855,0.42857142857142855,0.42857142857142855,0.42857142857142855,0.6666666666666666,0.5384615384615384,0.3333333333333333,0.5384615384615384,0.3333333333333333,0.42857142857142855,0.5384615384615384,0.42857142857142855,0.3333333333333333,0.42857142857142855,0.3333333333333333,0.3333333333333333,0.42857142857142855,0.6666666666666666,0.3333333333333333,0.42857142857142855,0.6666666666666666,0.42857142857142855,0.5384615384615384,0.42857142857142855,0.42857142857142855,0.42857142857142855,0.6666666666666666,0.3333333333333333,0.42857142857142855,0.42857142857142855,0.3333333333333333,0.5384615384615384,0.5384615384615384,0.25,0.3333333333333333,0.42857142857142855
DNK,0.25,0.42857142857142855,0.5384615384615384,0.6666666666666666,0.5384615384615384,0.3333333333333333,0.42857142857142855,0.42857142857142855,0.42857142857142855,0.42857142857142855,0.42857142857142855,0.3333333333333333,0.5384615384615384,0.42857142857142855,0.6666666666666666,0.3333333333333333,0.3333333333333333,0.6666666666666666,1.0,0.5384615384615384,0.5384615384615384,0.5384615384615384,0.42857142857142855,0.25,0.5384615384615384,0.42857142857142855,0.5384615384615384,0.25,0.42857142857142855,0.42857142857142855,0.42857142857142855,0.3333333333333333,0.3333333333333333,0.42857142857142855,0.3333333333333333,0.3333333333333333,0.42857142857142855,0.42857142857142855,0.3333333333333333,0.5384615384615384,0.3333333333333333,0.5384615384615384,0.42857142857142855,0.42857142857142855,0.42857142857142855,0.5384615384615384,0.5384615384615384,0.3333333333333333,0.5384615384615384,0.25,0.42857142857142855,0.6666666666666666,0.42857142857142855,0.3333333333333333,0.42857142857142855,0.25,0.3333333333333333,0.42857142857142855,0.5384615384615384,0.25,0.3333333333333333,0.5384615384615384,0.42857142857142855,0.5384615384615384,0.42857142857142855,0.42857142857142855,0.42857142857142855,0.5384615384615384,0.3333333333333333,0.3333333333333333,0.3333333333333333,0.42857142857142855,0.3333333333333333,0.5384615384615384,0.25,0.42857142857142855,0.3333333333333333
DOM,0.42857142857142855,0.6666666666666666,0.6666666666666666,0.5384615384615384,0.6666666666666666,0.42857142857142855,0.5384615384615384,0.5384615384615384,0.5384615384615384,0.6666666666666666,0.5384615384615384,0.3333333333333333,0.6666666666666666,0.42857142857142855,0.6666666666666666,0.42857142857142855,0.3333333333333333,0.5384615384615384,0.5384615384615384,1.0,0.5384615384615384,0.42857142857142855,0.3333333333333333,0.42857142857142855,0.3333333333333333,0.5384615384615384,0.6666666666666666,0.42857142857142855,0.5384615384615384,0.5384615384615384,0.42857142857142855,0.25,0.3333333333333333,0.42857142857142855,0.6666666666666666,0.17647058823529413,0.6666666666666666,0.3333333333333333,0.6666666666666666,0.6666666666666666,0.5384615384615384,0.25,0.3333333333333333,0.5384615384615384,0.5384615384615384,0.5384615384615384,0.42857142857142855,0.5384615384615384,0.3333333333333333,0.25,0.42857142857142855,0.6666666666666666,0.5384615384615384,0.3333333333333333,0.42857142857142855,0.42857142857142855,0.42857142857142855,0.5384615384615384,0.6666666666666666,0.25,0.5384615384615384,0.5384615384615384,0.5384615384615384,0.6666666666666666,0.5384615384615384,0.3333333333333333,0.6666666666666666,0.6666666666666666,0.42857142857142855,0.3333333333333333,0.3333333333333333,0.5384615384615384,0.42857142857142855,0.5384615384615384,0.3333333333333333,0.3333333333333333,0.3333333333333333
ESP,0.42857142857142855,0.42857142857142855,0.6666666666666666,0.6666666666666666,0.8181818181818182,0.5384615384615384,0.42857142857142855,0.5384615384615384,0.5384615384615384,0.5384615384615384,0.6666666666666666,0.42857142857142855,0.5384615384615384,0.6666666666666666,0.6666666666666666,0.42857142857142855,0.42857142857142855,0.6666666666666666,0.5384615384615384,0.5384615384615384,1.0,0.6666666666666666,0.42857142857142855,0.5384615384615384,0.42857142857142855,0.6666666666666666,0.8181818181818182,0.25,0.6666666666666666,0.5384615384615384,0.42857142857142855,0.42857142857142855,0.3333333333333333,0.6666666666666666,0.42857142857142855,0.25,0.6666666666666666,0.42857142857142855,0.5384615384615384,0.8181818181818182,0.42857142857142855,0.42857142857142855,0.42857142857142855,0.5384615384615384,0.25,0.5384615384615384,0.6666666666666666,0.5384615384615384,0.3333333333333333,0.25,0.3333333333333333,0.6666666666666666,0.5384615384615384,0.42857142857142855,0.42857142857142855,0.42857142857142855,0.42857142857142855,0.5384615384615384,0.6666666666666666,0.3333333333333333,0.42857142857142855,0.5384615384615384,0.5384615384615384,0.8181818181818182,0.5384615384615384,0.25,0.6666666666666666,0.6666666666666666,0.5384615384615384,0.42857142857142855,0.3333333333333333,0.5384615384615384,0.42857142857142855,0.5384615384615384,0.3333333333333333,0.3333333333333333,0.3333333333333333
EST,0.42857142857142855,0.42857142857142855,0.5384615384615384,0.6666666666666666,0.5384615384615384,0.3333333333333333,0.3333333333333333,0.5384615384615384,0.5384615384615384,0.42857142857142855,0.42857142857142855,0.5384615384615384,0.5384615384615384,0.5384615384615384,0.5384615384615384,0.42857142857142855,0.5384615384615384,0.5384615384615384,0.5384615384615384,0.42857142857142855,0.6666666666666666,1.0,0.3333333333333333,0.3333333333333333,0.5384615384615384,0.6666666666666666,0.6666666666666666,0.42857142857142855,0.5384615384615384,0.42857142857142855,0.5384615384615384,0.42857142857142855,0.3333333333333333,0.5384615384615384,0.42857142857142855,0.3333333333333333,0.5384615384615384,0.5384615384615384,0.5384615384615384,0.5384615384615384,0.5384615384615384,0.5384615384615384,0.3333333333333333,0.5384615384615384,0.3333333333333333,0.5384615384615384,0.6666666666666666,0.5384615384615384,0.42857142857142855,0.3333333333333333,0.42857142857142855,0.6666666666666666,0.42857142857142855,0.5384615384615384,0.42857142857142855,0.3333333333333333,0.25,0.42857142857142855,0.5384615384615384,0.42857142857142855,0.5384615384615384,0.6666666666666666,0.42857142857142855,0.6666666666666666,0.5384615384615384,0.25,0.6666666666666666,0.5384615384615384,0.5384615384615384,0.5384615384615384,0.42857142857142855,0.5384615384615384,0.42857142857142855,0.6666666666666666,0.3333333333333333,0.42857142857142855,0.42857142857142855
FIN,0.17647058823529413,0.3333333333333333,0.3333333333333333,0.42857142857142855,0.3333333333333333,0.25,0.25,0.3333333333333333,0.3333333333333333,0.25,0.3333333333333333,0.3333333333333333,0.25,0.42857142857142855,0.3333333333333333,0.17647058823529413,0.3333333333333333,0.3333333333333333,0.42857142857142855,0.3333333333333333,0.42857142857142855,0.3333333333333333,1.0,0.25,0.3333333333333333,0.3333333333333333,0.42857142857142855,0.17647058823529413,0.5384615384615384,0.3333333333333333,0.25,0.42857142857142855,0.25,0.5384615384615384,0.25,0.17647058823529413,0.25,0.3333333333333333,0.25,0.3333333333333333,0.3333333333333333,0.3333333333333333,0.25,0.3333333333333333,0.25,0.3333333333333333,0.42857142857142855,0.42857142857142855,0.25,0.17647058823529413,0.17647058823529413,0.42857142857142855,0.3333333333333333,0.25,0.17647058823529413,0.3333333333333333,0.17647058823529413,0.3333333333333333,0.42857142857142855,0.3333333333333333,0.17647058823529413,0.3333333333333333,0.25,0.42857142857142855,0.25,0.25,0.3333333333333333,0.42857142857142855,0.3333333333333333,0.3333333333333333,0.25,0.3333333333333333,0.1111111111111111,0.25,0.25,0.3333333333333333,0.25
FRA,0.3333333333333333,0.5384615384615384,0.42857142857142855,0.3333333333333333,0.5384615384615384,0.3333333333333333,0.3333333333333333,0.5384615384615384,0.42857142857142855,0.42857142857142855,0.6666666666666666,0.3333333333333333,0.5384615384615384,0.5384615384615384,0.42857142857142855,0.5384615384615384,0.3333333333333333,0.42857142857142855,0.25,0.42857142857142855,0.5384615384615384,0.3333333333333333,0.25,1.0,0.3333333333333333,0.3333333333333333,0.5384615384615384,0.25,0.5384615384615384,0.42857142857142855,0.3333333333333333,0.3333333333333333,0.42857142857142855,0.5384615384615384,0.42857142857142855,0.1111111111111111,0.5384615384615384,0.17647058823529413,0.5384615384615384,0.5384615384615384,0.3333333333333333,0.25,0.25,0.5384615384615384,0.3333333333333333,0.3333333333333333,0.5384615384615384,0.42857142857142855,0.3333333333333333,0.3333333333333333,0.25,0.42857142857142855,0.5384615384615384,0.3333333333333333,0.3333333333333333,0.5384615384615384,0.5384615384615384,0.5384615384615384,0.5384615384615384,0.17647058823529413,0.3333333333333333,0.42857142857142855,0.42857142857142855,0.5384615384615384,0.42857142857142855,0.17647058823529413,0.42857142857142855,0.5384615384615384,0.42857142857142855,0.3333333333333333,0.3333333333333333,0.42857142857142855,0.42857142857142855,0.3333333333333333,0.42857142857142855,0.25,0.3333333333333333
GBR,0.25,0.42857142857142855,0.42857142857142855,0.42857142857142855,0.3333333333333333,0.17647058823529413,0.3333333333333333,0.5384615384615384,0.3333333333333333,0.25,0.25,0.6666666666666666,0.42857142857142855,0.42857142857142855,0.42857142857142855,0.3333333333333333,0.42857142857142855,0.42857142857142855,0.5384615384615384,0.3333333333333333,0.42857142857142855,0.5384615384615384,0.3333333333333333,0.3333333333333333,1.0,0.42857142857142855,0.5384615384615384,0.3333333333333333,0.42857142857142855,0.17647058823529413,0.3333333333333333,0.42857142857142855,0.25,0.42857142857142855,0.3333333333333333,0.3333333333333333,0.42857142857142855,0.25,0.42857142857142855,0.3333333333333333,0.42857142857142855,0.5384615384615384,0.3333333333333333,0.42857142857142855,0.25,0.3333333333333333,0.5384615384615384,0.42857142857142855,0.42857142857142855,0.3333333333333333,0.3333333333333333,0.5384615384615384,0.3333333333333333,0.25,0.25,0.3333333333333333,0.25,0.42857142857142855,0.3333333333333333,0.3333333333333333,0.3333333333333333,0.42857142857142855,0.42857142857142855,0.5384615384615384,0.42857142857142855,0.25,0.5384615384615384,0.3333333333333333,0.42857142857142855,0.42857142857142855,0.3333333333333333,0.42857142857142855,0.42857142857142855,0.5384615384615384,0.25,0.6666666666666666,0.42857142857142855
GEO,0.42857142857142855,0.42857142857142855,0.5384615384615384,0.5384615384615384,0.5384615384615384,0.3333333333333333,0.42857142857142855,0.5384615384615384,0.5384615384615384,0.3333333333333333,0.42857142857142855,0.42857142857142855,0.42857142857142855,0.5384615384615384,0.5384615384615384,0.3333333333333333,0.42857142857142855,0.42857142857142855,0.42857142857142855,0.5384615384615384,0.6666666666666666,0.6666666666666666,0.3333333333333333,0.3333333333333333,0.42857142857142855,1.0,0.6666666666666666,0.3333333333333333,0.5384615384615384,0.3333333333333333,0.42857142857142855,0.3333333333333333,0.25,0.5384615384615384,0.42857142857142855,0.3333333333333333,0.5384615384615384,0.3333333333333333,0.5384615384615384,0.5384615384615384,0.42857142857142855,0.42857142857142855,0.3333333333333333,0.5384615384615384,0.25,0.42857142857142855,0.5384615384615384,0.6666666666666666,0.25,0.17647058823529413,0.3333333333333333,0.5384615384615384,0.42857142857142855,0.42857142857142855,0.42857142857142855,0.3333333333333333,0.25,0.5384615384615384,0.5384615384615384,0.3333333333333333,0.42857142857142855,0.5384615384615384,0.42857142857142855,0.6666666666666666,0.42857142857142855,0.17647058823529413,0.8181818181818182,0.5384615384615384,0.5384615384615384,0.42857142857142855,0.25,0.5384615384615384,0.3333333333333333,0.5384615384615384,0.3333333333333333,0.3333333333333333,0.3333333333333333
GRC,0.42857142857142855,0.5384615384615384,0.8181818181818182,0.6666666666666666,0.6666666666666666,0.42857142857142855,0.5384615384615384,0.6666666666666666,0.42857142857142855,0.5384615384615384,0.5384615384615384,0.5384615384615384,0.6666666666666666,0.6666666666666666,0.6666666666666666,0.5384615384615384,0.42857142857142855,0.5384615384615384,0.5384615384615384,0.6666666666666666,0.8181818181818182,0.6666666666666666,0.42857142857142855,0.5384615384615384,0.5384615384615384,0.6666666666666666,1.0,0.3333333333333333,0.6666666666666666,0.42857142857142855,0.42857142857142855,0.42857142857142855,0.3333333333333333,0.6666666666666666,0.5384615384615384,0.25,0.6666666666666666,0.42857142857142855,0.6666666666666666,0.6666666666666666,0.5384615384615384,0.42857142857142855,0.3333333333333333,0.6666666666666666,0.3333333333333333,0.42857142857142855,0.6666666666666666,0.6666666666666666,0.25,0.25,0.3333333333333333,0.8181818181818182,0.6666666666666666,0.42857142857142855,0.3333333333333333,0.5384615384615384,0.42857142857142855,0.5384615384615384,0.6666666666666666,0.3333333333333333,0.5384615384615384,0.5384615384615384,0.5384615384615384,1.0,0.6666666666666666,0.25,0.8181818181818182,0.6666666666666666,0.6666666666666666,0.42857142857142855,0.3333333333333333,0.6666666666666666,0.42857142857142855,0.6666666666666666,0.42857142857142855,0.42857142857142855,0.42857142857142855
HKG,0.5384615384615384,0.5384615384615384,0.3333333333333333,0.3333333333333333,0.25,0.25,0.25,0.3333333333333333,0.42857142857142855,0.42857142857142855,0.17647058823529413,0.3333333333333333,0.3333333333333333,0.25,0.25,0.3333333333333333,0.3333333333333333,0.25,0.25,0.42857142857142855,0.25,0.42857142857142855,0.17647058823529413,0.25,0.3333333333333333,0.3333333333333333,0.3333333333333333,1.0,0.25,0.3333333333333333,0.3333333333333333,0.25,0.25,0.25,0.42857142857142855,0.3333333333333333,0.3333333333333333,0.42857142857142855,0.5384615384615384,0.25,0.42857142857142855,0.25,0.3333333333333333,0.25,0.3333333333333333,0.3333333333333333,0.3333333333333333,0.3333333333333333,0.3333333333333333,0.42857142857142855,0.3333333333333333,0.42857142857142855,0.25,0.25,0.25,0.3333333333333333,0.25,0.3333333333333333,0.25,0.3333333333333333,0.42857142857142855,0.3333333333333333,0.5384615384615384,0.3333333333333333,0.42857142857142855,0.25,0.42857142857142855,0.25,0.3333333333333333,0.3333333333333333,0.42857142857142855,0.3333333333333333,0.42857142857142855,0.42857142857142855,0.17647058823529413,0.3333333333333333,0.25
HRV,0.42857142857142855,0.5384615384615384,0.5384615384615384,0.5384615384615384,0.6666666666666666,0.42857142857142855,0.3333333333333333,0.5384615384615384,0.5384615384615384,0.42857142857142855,0.6666666666666666,0.42857142857142855,0.5384615384615384,0.6666666666666666,0.6666666666666666,0.42857142857142855,0.6666666666666666,0.5384615384615384,0.42857142857142855,0.5384615384615384,0.6666666666666666,0.5384615384615384,0.5384615384615384,0.5384615384615384,0.42857142857142855,0.5384615384615384,0.6666666666666666,0.25,1.0,0.5384615384615384,0.42857142857142855,0.5384615384615384,0.42857142857142855,0.6666666666666666,0.42857142857142855,0.17647058823529413,0.5384615384615384,0.3333333333333333,0.5384615384615384,0.6666666666666666,0.5384615384615384,0.42857142857142855,0.25,0.5384615384615384,0.25,0.42857142857142855,0.6666666666666666,0.5384615384615384,0.3333333333333333,0.25,0.3333333333333333,0.5384615384615384,0.5384615384615384,0.42857142857142855,0.25,0.5384615384615384,0.3333333333333333,0.6666666666666666,0.8181818181818182,0.42857142857142855,0.42857142857142855,0.6666666666666666,0.3333333333333333,0.6666666666666666,0.42857142857142855,0.25,0.5384615384615384,0.8181818181818182,0.5384615384615384,0.6666666666666666,0.3333333333333333,0.42857142857142855,0.3333333333333333,0.42857142857142855,0.3333333333333333,0.3333333333333333,0.3333333333333333
HUN,0.42857142857142855,0.42857142857142855,0.5384615384615384,0.42857142857142855,0.6666666666666666,0.5384615384615384,0.3333333333333333,0.42857142857142855,0.5384615384615384,0.8181818181818182,0.6666666666666666,0.25,0.42857142857142855,0.42857142857142855,0.5384615384615384,0.3333333333333333,0.42857142857142855,0.5384615384615384,0.42857142857142855,0.5384615384615384,0.5384615384615384,0.42857142857142855,0.3333333333333333,0.42857142857142855,0.17647058823529413,0.3333333333333333,0.42857142857142855,0.3333333333333333,0.5384615384615384,1.0,0.3333333333333333,0.3333333333333333,0.3333333333333333,0.42857142857142855,0.42857142857142855,0.17647058823529413,0.5384615384615384,0.42857142857142855,0.42857142857142855,0.6666666666666666,0.42857142857142855,0.3333333333333333,0.3333333333333333,0.42857142857142855,0.3333333333333333,0.5384615384615384,0.42857142857142855,0.3333333333333333,0.5384615384615384,0.42857142857142855,0.3333333333333333,0.42857142857142855,0.5384615384615384,0.5384615384615384,0.3333333333333333,0.42857142857142855,0.42857142857142855,0.42857142857142855,0.6666666666666666,0.25,0.5384615384615384,0.5384615384615384,0.42857142857142855,0.42857142857142855,0.5384615384615384,0.3333333333333333,0.3333333333333333,0.6666666666666666,0.42857142857142855,0.42857142857142855,0.5384615384615384,0.3333333333333333,0.42857142857142855,0.42857142857142855,0.3333333333333333,0.17647058823529413,0.17647058823529413
IDN,0.3333333333333333,0.42857142857142855,0.3333333333333333,0.5384615384615384,0.42857142857142855,0.5384615384615384,0.17647058823529413,0.3333333333333333,0.5384615384615384,0.3333333333333333,0.3333333333333333,0.3333333333333333,0.42857142857142855,0.3333333333333333,0.42857142857142855,0.42857142857142855,0.42857142857142855,0.42857142857142855,0.42857142857142855,0.42857142857142855,0.42857142857142855,0.5384615384615384,0.25,0.3333333333333333,0.3333333333333333,0.42857142857142855,0.42857142857142855,0.3333333333333333,0.42857142857142855,0.3333333333333333,1.0,0.25,0.3333333333333333,0.3333333333333333,0.25,0.25,0.42857142857142855,0.3333333333333333,0.3333333333333333,0.42857142857142855,0.5384615384615384,0.42857142857142855,0.25,0.3333333333333333,0.3333333333333333,0.5384615384615384,0.42857142857142855,0.3333333333333333,0.3333333333333333,0.3333333333333333,0.42857142857142855,0.5384615384615384,0.25,0.25,0.42857142857142855,0.25,0.3333333333333333,0.3333333333333333,0.42857142857142855,0.42857142857142855,0.3333333333333333,0.5384615384615384,0.3333333333333333,0.42857142857142855,0.25,0.42857142857142855,0.42857142857142855,0.42857142857142855,0.3333333333333333,0.42857142857142855,0.42857142857142855,0.6666666666666666,0.3333333333333333,0.42857142857142855,0.3333333333333333,0.42857142857142855,0.42857142857142855
IRL,0.3333333333333333,0.42857142857142855,0.42857142857142855,0.42857142857142855,0.3333333333333333,0.25,0.3333333333333333,0.42857142857142855,0.3333333333333333,0.25,0.3333333333333333,0.3333333333333333,0.3333333333333333,0.5384615384615384,0.3333333333333333,0.3333333333333333,0.5384615384615384,0.3333333333333333,0.3333333333333333,0.25,0.42857142857142855,0.42857142857142855,0.42857142857142855,0.3333333333333333,0.42857142857142855,0.3333333333333333,0.42857142857142855,0.25,0.5384615384615384,0.3333333333333333,0.25,1.0,0.42857142857142855,0.5384615384615384,0.3333333333333333,0.3333333333333333,0.25,0.42857142857142855,0.3333333333333333,0.3333333333333333,0.25,0.42857142857142855,0.3333333333333333,0.3333333333333333,0.17647058823529413,0.25,0.6666666666666666,0.42857142857142855,0.25,0.25,0.3333333333333333,0.42857142857142855,0.42857142857142855,0.3333333333333333,0.17647058823529413,0.42857142857142855,0.17647058823529413,0.42857142857142855,0.42857142857142855,0.42857142857142855,0.25,0.42857142857142855,0.42857142857142855,0.42857142857142855,0.42857142857142855,0.25,0.3333333333333333,0.42857142857142855,0.42857142857142855,0.5384615384615384,0.25,0.25,0.3333333333333333,0.42857142857142855,0.3333333333333333,0.3333333333333333,0.25
ISL,0.42857142857142855,0.42857142857142855,0.3333333333333333,0.3333333333333333,0.42857142857142855,0.25,0.3333333333333333,0.42857142857142855,0.3333333333333333,0.25,0.5384615384615384,0.25,0.5384615384615384,0.42857142857142855,0.42857142857142855,0.3333333333333333,0.3333333333333333,0.42857142857142855,0.3333333333333333,0.3333333333333333,0.3333333333333333,0.3333333333333333,0.25,0.42857142857142855,0.25,0.25,0.3333333333333333,0.25,0.42857142857142855,0.3333333333333333,0.3333333333333333,0.42857142857142855,1.0,0.42857142857142855,0.42857142857142855,0.25,0.3333333333333333,0.3333333333333333,0.3333333333333333,0.42857142857142855,0.17647058823529413,0.3333333333333333,0.17647058823529413,0.42857142857142855,0.3333333333333333,0.3333333333333333,0.5384615384615384,0.3333333333333333,0.3333333333333333,0.25,0.3333333333333333,0.3333333333333333,0.42857142857142855,0.3333333333333333,0.25,0.3333333333333333,0.17647058823529413,0.42857142857142855,0.5384615384615384,0.3333333333333333,0.25,0.5384615384615384,0.25,0.3333333333333333,0.3333333333333333,0.3333333333333333,0.25,0.5384615384615384,0.25,0.3333333333333333,0.25,0.25,0.3333333333333333,0.3333333333333333,0.3333333333333333,0.25,0.25
ITA,0.42857142857142855,0.5384615384615384,0.5384615384615384,0.5384615384615384,0.5384615384615384,0.3333333333333333,0.3333333333333333,0.6666666666666666,0.42857142857142855,0.3333333333333333,0.5384615384615384,0.42857142857142855,0.42857142857142855,0.8181818181818182,0.5384615384615384,0.3333333333333333,0.42857142857142855,0.42857142857142855,0.42857142857142855,0.42857142857142855,0.6666666666666666,0.5384615384615384,0.5384615384615384,0.5384615384615384,0.42857142857142855,0.5384615384615384,0.6666666666666666,0.25,0.6666666666666666,0.42857142857142855,0.3333333333333333,0.5384615384615384,0.42857142857142855,1.0,0.42857142857142855,0.25,0.42857142857142855,0.3333333333333333,0.5384615384615384,0.5384615384615384,0.3333333333333333,0.42857142857142855,0.3333333333333333,0.5384615384615384,0.17647058823529413,0.42857142857142855,0.8181818181818182,0.5384615384615384,0.3333333333333333,0.25,0.3333333333333333,0.5384615384615384,0.5384615384615384,0.42857142857142855,0.25,0.6666666666666666,0.25,0.6666666666666666,0.6666666666666666,0.25,0.3333333333333333,0.5384615384615384,0.42857142857142855,0.6666666666666666,0.5384615384615384,0.3333333333333333,0.5384615384615384,0.6666666666666666,0.5384615384615384,0.42857142857142855,0.25,0.42857142857142855,0.3333333333333333,0.42857142857142855,0.3333333333333333,0.3333333333333333,0.25
JOR,0.5384615384615384,0.5384615384615384,0.5384615384615384,0.3333333333333333,0.5384615384615384,0.25,0.5384615384615384,0.5384615384615384,0.3333333333333333,0.5384615384615384,0.42857142857142855,0.42857142857142855,0.5384615384615384,0.42857142857142855,0.5384615384615384,0.3333333333333333,0.25,0.42857142857142855,0.3333333333333333,0.6666666666666666,0.42857142857142855,0.42857142857142855,0.25,0.42857142857142855,0.3333333333333333,0.42857142857142855,0.5384615384615384,0.42857142857142855,0.42857142857142855,0.42857142857142855,0.25,0.3333333333333333,0.42857142857142855,0.42857142857142855,1.0,0.17647058823529413,0.5384615384615384,0.3333333333333333,0.8181818181818182,0.5384615384615384,0.42857142857142855,0.17647058823529413,0.25,0.42857142857142855,0.5384615384615384,0.3333333333333333,0.42857142857142855,0.5384615384615384,0.3333333333333333,0.25,0.3333333333333333,0.42857142857142855,0.42857142857142855,0.3333333333333333,0.25,0.42857142857142855,0.25,0.5384615384615384,0.5384615384615384,0.25,0.5384615384615384,0.42857142857142855,0.42857142857142855,0.5384615384615384,0.6666666666666666,0.25,0.5384615384615384,0.5384615384615384,0.3333333333333333,0.25,0.25,0.3333333333333333,0.42857142857142855,0.42857142857142855,0.3333333333333333,0.25,0.3333333333333333
JPN,0.25,0.25,0.25,0.3333333333333333,0.17647058823529413,0.17647058823529413,0.25,0.25,0.25,0.17647058823529413,0.1111111111111111,0.17647058823529413,0.17647058823529413,0.25,0.25,0.17647058823529413,0.25,0.17647058823529413,0.3333333333333333,0.17647058823529413,0.25,0.3333333333333333,0.17647058823529413,0.1111111111111111,0.3333333333333333,0.3333333333333333,0.25,0.3333333333333333,0.17647058823529413,0.17647058823529413,0.25,0.3333333333333333,0.25,0.25,0.17647058823529413,1.0,0.17647058823529413,0.42857142857142855,0.17647058823529413,0.17647058823529413,0.17647058823529413,0.3333333333333333,0.25,0.17647058823529413,0.1111111111111111,0.25,0.3333333333333333,0.25,0.25,0.17647058823529413,0.3333333333333333,0.3333333333333333,0.17647058823529413,0.17647058823529413,0.17647058823529413,0.17647058823529413,0.25,0.25,0.17647058823529413,0.25,0.17647058823529413,0.25,0.3333333333333333,0.25,0.25,0.17647058823529413,0.25,0.17647058823529413,0.25,0.25,0.17647058823529413,0.25,0.25,0.3333333333333333,0.17647058823529413,0.3333333333333333,0.17647058823529413
KAZ,0.3333333333333333,0.42857142857142855,0.6666666666666666,0.42857142857142855,0.8181818181818182,0.42857142857142855,0.42857142857142855,0.6666666666666666,0.5384615384615384,0.6666666666666666,0.6666666666666666,0.42857142857142855,0.6666666666666666,0.42857142857142855,0.6666666666666666,0.42857142857142855,0.42857142857142855,0.6666666666666666,0.42857142857142855,0.6666666666666666,0.6666666666666666,0.5384615384615384,0.25,0.5384615384615384,0.42857142857142855,0.5384615384615384,0.6666666666666666,0.3333333333333333,0.5384615384615384,0.5384615384615384,0.42857142857142855,0.25,0.3333333333333333,0.42857142857142855,0.5384615384615384,0.17647058823529413,1.0,0.25,0.5384615384615384,0.8181818181818182,0.5384615384615384,0.3333333333333333,0.25,0.6666666666666666,0.3333333333333333,0.6666666666666666,0.42857142857142855,0.5384615384615384,0.42857142857142855,0.3333333333333333,0.42857142857142855,0.5384615384615384,0.5384615384615384,0.42857142857142855,0.42857142857142855,0.42857142857142855,0.42857142857142855,0.42857142857142855,0.6666666666666666,0.3333333333333333,0.6666666666666666,0.6666666666666666,0.42857142857142855,0.6666666666666666,0.5384615384615384,0.25,0.6666666666666666,0.6666666666666666,0.5384615384615384,0.42857142857142855,0.42857142857142855,0.5384615384615384,0.6666666666666666,0.6666666666666666,0.42857142857142855,0.3333333333333333,0.42857142857142855
KOR,0.42857142857142855,0.3333333333333333,0.42857142857142855,0.5384615384615384,0.3333333333333333,0.3333333333333333,0.3333333333333333,0.25,0.3333333333333333,0.42857142857142855,0.25,0.25,0.3333333333333333,0.42857142857142855,0.3333333333333333,0.3333333333333333,0.3333333333333333,0.3333333333333333,0.42857142857142855,0.3333333333333333,0.42857142857142855,0.5384615384615384,0.3333333333333333,0.17647058823529413,0.25,0.3333333333333333,0.42857142857142855,0.42857142857142855,0.3333333333333333,0.42857142857142855,0.3333333333333333,0.42857142857142855,0.3333333333333333,0.3333333333333333,0.3333333333333333,0.42857142857142855,0.25,1.0,0.3333333333333333,0.3333333333333333,0.3333333333333333,0.3333333333333333,0.3333333333333333,0.25,0.3333333333333333,0.3333333333333333,0.42857142857142855,0.3333333333333333,0.25,0.25,0.25,0.5384615384615384,0.3333333333333333,0.3333333333333333,0.25,0.25,0.25,0.25,0.3333333333333333,0.3333333333333333,0.3333333333333333,0.3333333333333333,0.42857142857142855,0.42857142857142855,0.42857142857142855,0.3333333333333333,0.3333333333333333,0.3333333333333333,0.3333333333333333,0.3333333333333333,0.3333333333333333,0.3333333333333333,0.25,0.42857142857142855,0.25,0.25,0.25
KSV,0.6666666666666666,0.6666666666666666,0.5384615384615384,0.42857142857142855,0.5384615384615384,0.3333333333333333,0.42857142857142855,0.5384615384615384,0.42857142857142855,0.5384615384615384,0.42857142857142855,0.5384615384615384,0.5384615384615384,0.5384615384615384,0.5384615384615384,0.42857142857142855,0.3333333333333333,0.42857142857142855,0.3333333333333333,0.6666666666666666,0.5384615384615384,0.5384615384615384,0.25,0.5384615384615384,0.42857142857142855,0.5384615384615384,0.6666666666666666,0.5384615384615384,0.5384615384615384,0.42857142857142855,0.3333333333333333,0.3333333333333333,0.3333333333333333,0.5384615384615384,0.8181818181818182,0.17647058823529413,0.5384615384615384,0.3333333333333333,1.0,0.5384615384615384,0.5384615384615384,0.25,0.3333333333333333,0.42857142857142855,0.42857142857142855,0.3333333333333333,0.5384615384615384,0.5384615384615384,0.3333333333333333,0.3333333333333333,0.3333333333333333,0.5384615384615384,0.42857142857142855,0.3333333333333333,0.25,0.5384615384615384,0.3333333333333333,0.6666666666666666,0.5384615384615384,0.25,0.5384615384615384,0.42857142857142855,0.5384615384615384,0.6666666666666666,0.6666666666666666,0.25,0.6666666666666666,0.5384615384615384,0.42857142857142855,0.3333333333333333,0.3333333333333333,0.42857142857142855,0.42857142857142855,0.42857142857142855,0.25,0.3333333333333333,0.3333333333333333
LTU,0.42857142857142855,0.42857142857142855,0.6666666666666666,0.5384615384615384,1.0,0.5384615384615384,0.42857142857142855,0.5384615384615384,0.5384615384615384,0.6666666666666666,0.8181818181818182,0.3333333333333333,0.6666666666666666,0.5384615384615384,0.8181818181818182,0.42857142857142855,0.42857142857142855,0.8181818181818182,0.5384615384615384,0.6666666666666666,0.8181818181818182,0.5384615384615384,0.3333333333333333,0.5384615384615384,0.3333333333333333,0.5384615384615384,0.6666666666666666,0.25,0.6666666666666666,0.6666666666666666,0.42857142857142855,0.3333333333333333,0.42857142857142855,0.5384615384615384,0.5384615384615384,0.17647058823529413,0.8181818181818182,0.3333333333333333,0.5384615384615384,1.0,0.42857142857142855,0.3333333333333333,0.3333333333333333,0.5384615384615384,0.3333333333333333,0.6666666666666666,0.5384615384615384,0.42857142857142855,0.42857142857142855,0.25,0.42857142857142855,0.5384615384615384,0.5384615384615384,0.42857142857142855,0.42857142857142855,0.42857142857142855,0.42857142857142855,0.5384615384615384,0.8181818181818182,0.3333333333333333,0.5384615384615384,0.6666666666666666,0.42857142857142855,0.6666666666666666,0.5384615384615384,0.3333333333333333,0.5384615384615384,0.8181818181818182,0.42857142857142855,0.42857142857142855,0.3333333333333333,0.42857142857142855,0.5384615384615384,0.5384615384615384,0.3333333333333333,0.25,0.3333333333333333
LUX,0.3333333333333333,0.42857142857142855,0.42857142857142855,0.42857142857142855,0.42857142857142855,0.42857142857142855,0.25,0.42857142857142855,0.42857142857142855,0.5384615384615384,0.3333333333333333,0.5384615384615384,0.42857142857142855,0.3333333333333333,0.42857142857142855,0.3333333333333333,0.42857142857142855,0.3333333333333333,0.3333333333333333,0.5384615384615384,0.42857142857142855,0.5384615384615384,0.3333333333333333,0.3333333333333333,0.42857142857142855,0.42857142857142855,0.5384615384615384,0.42857142857142855,0.5384615384615384,0.42857142857142855,0.5384615384615384,0.25,0.17647058823529413,0.3333333333333333,0.42857142857142855,0.17647058823529413,0.5384615384615384,0.3333333333333333,0.5384615384615384,0.42857142857142855,1.0,0.25,0.17647058823529413,0.42857142857142855,0.3333333333333333,0.42857142857142855,0.3333333333333333,0.42857142857142855,0.3333333333333333,0.3333333333333333,0.3333333333333333,0.5384615384615384,0.3333333333333333,0.3333333333333333,0.25,0.3333333333333333,0.3333333333333333,0.3333333333333333,0.42857142857142855,0.3333333333333333,0.5384615384615384,0.42857142857142855,0.3333333333333333,0.5384615384615384,0.42857142857142855,0.25,0.5384615384615384,0.42857142857142855,0.42857142857142855,0.42857142857142855,0.42857142857142855,0.5384615384615384,0.3333333333333333,0.42857142857142855,0.3333333333333333,0.42857142857142855,0.3333333333333333
LVA,0.3333333333333333,0.3333333333333333,0.42857142857142855,0.42857142857142855,0.3333333333333333,0.3333333333333333,0.3333333333333333,0.42857142857142855,0.42857142857142855,0.25,0.3333333333333333,0.42857142857142855,0.3333333333333333,0.42857142857142855,0.42857142857142855,0.3333333333333333,0.5384615384615384,0.42857142857142855,0.5384615384615384,0.25,0.42857142857142855,0.5384615384615384,0.3333333333333333,0.25,0.5384615384615384,0.42857142857142855,0.42857142857142855,0.25,0.42857142857142855,0.3333333333333333,0.42857142857142855,0.42857142857142855,0.3333333333333333,0.42857142857142855,0.17647058823529413,0.3333333333333333,0.3333333333333333,0.3333333333333333,0.25,0.3333333333333333,0.25,1.0,0.3333333333333333,0.42857142857142855,0.17647058823529413,0.3333333333333333,0.5384615384615384,0.42857142857142855,0.42857142857142855,0.42857142857142855,0.25,0.42857142857142855,0.42857142857142855,0.42857142857142855,0.25,0.3333333333333333,0.25,0.42857142857142855,0.42857142857142855,0.42857142857142855,0.3333333333333333,0.5384615384615384,0.3333333333333333,0.42857142857142855,0.3333333333333333,0.3333333333333333,0.42857142857142855,0.42857142857142855,0.5384615384615384,0.5384615384615384,0.5384615384615384,0.42857142857142855,0.3333333333333333,0.5384615384615384,0.3333333333333333,0.42857142857142855,0.3333333333333333
MAC,0.3333333333333333,0.42857142857142855,0.3333333333333333,0.42857142857142855,0.3333333333333333,0.3333333333333333,0.25,0.25,0.42857142857142855,0.3333333333333333,0.25,0.25,0.25,0.3333333333333333,0.25,0.25,0.25,0.42857142857142855,0.42857142857142855,0.3333333333333333,0.42857142857142855,0.3333333333333333,0.25,0.25,0.3333333333333333,0.3333333333333333,0.3333333333333333,0.3333333333333333,0.25,0.3333333333333333,0.25,0.3333333333333333,0.17647058823529413,0.3333333333333333,0.25,0.25,0.25,0.3333333333333333,0.3333333333333333,0.3333333333333333,0.17647058823529413,0.3333333333333333,1.0,0.17647058823529413,0.25,0.3333333333333333,0.42857142857142855,0.25,0.3333333333333333,0.3333333333333333,0.25,0.42857142857142855,0.25,0.17647058823529413,0.3333333333333333,0.25,0.25,0.3333333333333333,0.25,0.17647058823529413,0.17647058823529413,0.25,0.6666666666666666,0.3333333333333333,0.3333333333333333,0.3333333333333333,0.3333333333333333,0.25,0.25,0.25,0.3333333333333333,0.25,0.3333333333333333,0.3333333333333333,0.1111111111111111,0.3333333333333333,0.25
MAR,0.25,0.42857142857142855,0.6666666666666666,0.42857142857142855,0.5384615384615384,0.25,0.5384615384615384,0.8181818181818182,0.42857142857142855,0.42857142857142855,0.6666666666666666,0.42857142857142855,0.6666666666666666,0.5384615384615384,0.5384615384615384,0.42857142857142855,0.42857142857142855,0.42857142857142855,0.42857142857142855,0.5384615384615384,0.5384615384615384,0.5384615384615384,0.3333333333333333,0.5384615384615384,0.42857142857142855,0.5384615384615384,0.6666666666666666,0.25,0.5384615384615384,0.42857142857142855,0.3333333333333333,0.3333333333333333,0.42857142857142855,0.5384615384615384,0.42857142857142855,0.17647058823529413,0.6666666666666666,0.25,0.42857142857142855,0.5384615384615384,0.42857142857142855,0.42857142857142855,0.17647058823529413,1.0,0.3333333333333333,0.42857142857142855,0.5384615384615384,0.6666666666666666,0.3333333333333333,0.25,0.3333333333333333,0.5384615384615384,0.8181818181818182,0.6666666666666666,0.42857142857142855,0.42857142857142855,0.3333333333333333,0.42857142857142855,0.6666666666666666,0.25,0.5384615384615384,0.6666666666666666,0.3333333333333333,0.6666666666666666,0.5384615384615384,0.17647058823529413,0.6666666666666666,0.6666666666666666,0.6666666666666666,0.42857142857142855,0.3333333333333333,0.5384615384615384,0.42857142857142855,0.6666666666666666,0.6666666666666666,0.3333333333333333,0.3333333333333333
MDA,0.25,0.42857142857142855,0.3333333333333333,0.3333333333333333,0.3333333333333333,0.17647058823529413,0.42857142857142855,0.25,0.3333333333333333,0.42857142857142855,0.3333333333333333,0.25,0.5384615384615384,0.17647058823529413,0.3333333333333333,0.42857142857142855,0.17647058823529413,0.42857142857142855,0.42857142857142855,0.5384615384615384,0.25,0.3333333333333333,0.25,0.3333333333333333,0.25,0.25,0.3333333333333333,0.3333333333333333,0.25,0.3333333333333333,0.3333333333333333,0.17647058823529413,0.3333333333333333,0.17647058823529413,0.5384615384615384,0.1111111111111111,0.3333333333333333,0.3333333333333333,0.42857142857142855,0.3333333333333333,0.3333333333333333,0.17647058823529413,0.25,0.3333333333333333,1.0,0.3333333333333333,0.25,0.3333333333333333,0.3333333333333333,0.25,0.25,0.42857142857142855,0.3333333333333333,0.25,0.42857142857142855,0.17647058823529413,0.3333333333333333,0.25,0.3333333333333333,0.17647058823529413,0.3333333333333333,0.3333333333333333,0.3333333333333333,0.3333333333333333,0.3333333333333333,0.25,0.3333333333333333,0.3333333333333333,0.17647058823529413,0.17647058823529413,0.3333333333333333,0.3333333333333333,0.25,0.3333333333333333,0.3333333333333333,0.25,0.42857142857142855
MEX,0.25,0.42857142857142855,0.42857142857142855,0.5384615384615384,0.6666666666666666,0.42857142857142855,0.25,0.42857142857142855,0.6666666666666666,0.5384615384615384,0.5384615384615384,0.25,0.5384615384615384,0.3333333333333333,0.5384615384615384,0.3333333333333333,0.42857142857142855,0.6666666666666666,0.5384615384615384,0.5384615384615384,0.5384615384615384,0.5384615384615384,0.3333333333333333,0.3333333333333333,0.3333333333333333,0.42857142857142855,0.42857142857142855,0.3333333333333333,0.42857142857142855,0.5384615384615384,0.5384615384615384,0.25,0.3333333333333333,0.42857142857142855,0.3333333333333333,0.25,0.6666666666666666,0.3333333333333333,0.3333333333333333,0.6666666666666666,0.42857142857142855,0.3333333333333333,0.3333333333333333,0.42857142857142855,0.3333333333333333,1.0,0.42857142857142855,0.3333333333333333,0.5384615384615384,0.3333333333333333,0.5384615384615384,0.5384615384615384,0.3333333333333333,0.3333333333333333,0.5384615384615384,0.3333333333333333,0.3333333333333333,0.3333333333333333,0.5384615384615384,0.3333333333333333,0.42857142857142855,0.6666666666666666,0.42857142857142855,0.42857142857142855,0.3333333333333333,0.42857142857142855,0.42857142857142855,0.5384615384615384,0.3333333333333333,0.42857142857142855,0.42857142857142855,0.42857142857142855,0.5384615384615384,0.5384615384615384,0.25,0.3333333333333333,0.3333333333333333
MLT,0.42857142857142855,0.6666666666666666,0.5384615384615384,0.6666666666666666,0.5384615384615384,0.3333333333333333,0.3333333333333333,0.6666666666666666,0.5384615384615384,0.3333333333333333,0.5384615384615384,0.42857142857142855,0.5384615384615384,0.8181818181818182,0.5384615384615384,0.42857142857142855,0.5384615384615384,0.5384615384615384,0.5384615384615384,0.42857142857142855,0.6666666666666666,0.6666666666666666,0.42857142857142855,0.5384615384615384,0.5384615384615384,0.5384615384615384,0.6666666666666666,0.3333333333333333,0.6666666666666666,0.42857142857142855,0.42857142857142855,0.6666666666666666,0.5384615384615384,0.8181818181818182,0.42857142857142855,0.3333333333333333,0.42857142857142855,0.42857142857142855,0.5384615384615384,0.5384615384615384,0.3333333333333333,0.5384615384615384,0.42857142857142855,0.5384615384615384,0.25,0.42857142857142855,1.0,0.5384615384615384,0.42857142857142855,0.3333333333333333,0.42857142857142855,0.6666666666666666,0.5384615384615384,0.42857142857142855,0.3333333333333333,0.5384615384615384,0.25,0.6666666666666666,0.6666666666666666,0.3333333333333333,0.3333333333333333,0.6666666666666666,0.5384615384615384,0.6666666666666666,0.5384615384615384,0.3333333333333333,0.5384615384615384,0.6666666666666666,0.5384615384615384,0.5384615384615384,0.3333333333333333,0.42857142857142855,0.42857142857142855,0.5384615384615384,0.3333333333333333,0.42857142857142855,0.3333333333333333
MNE,0.3333333333333333,0.5384615384615384,0.5384615384615384,0.42857142857142855,0.42857142857142855,0.25,0.5384615384615384,0.6666666666666666,0.5384615384615384,0.3333333333333333,0.42857142857142855,0.42857142857142855,0.42857142857142855,0.5384615384615384,0.42857142857142855,0.3333333333333333,0.42857142857142855,0.3333333333333333,0.3333333333333333,0.5384615384615384,0.5384615384615384,0.5384615384615384,0.42857142857142855,0.42857142857142855,0.42857142857142855,0.6666666666666666,0.6666666666666666,0.3333333333333333,0.5384615384615384,0.3333333333333333,0.3333333333333333,0.42857142857142855,0.3333333333333333,0.5384615384615384,0.5384615384615384,0.25,0.5384615384615384,0.3333333333333333,0.5384615384615384,0.42857142857142855,0.42857142857142855,0.42857142857142855,0.25,0.6666666666666666,0.3333333333333333,0.3333333333333333,0.5384615384615384,1.0,0.25,0.25,0.25,0.5384615384615384,0.5384615384615384,0.42857142857142855,0.3333333333333333,0.42857142857142855,0.25,0.5384615384615384,0.5384615384615384,0.3333333333333333,0.42857142857142855,0.5384615384615384,0.42857142857142855,0.6666666666666666,0.42857142857142855,0.1111111111111111,0.8181818181818182,0.5384615384615384,0.6666666666666666,0.42857142857142855,0.3333333333333333,0.5384615384615384,0.3333333333333333,0.5384615384615384,0.5384615384615384,0.3333333333333333,0.42857142857142855
MYS,0.25,0.42857142857142855,0.25,0.3333333333333333,0.42857142857142855,0.25,0.17647058823529413,0.42857142857142855,0.5384615384615384,0.42857142857142855,0.42857142857142855,0.3333333333333333,0.3333333333333333,0.3333333333333333,0.42857142857142855,0.17647058823529413,0.3333333333333333,0.5384615384615384,0.5384615384615384,0.3333333333333333,0.3333333333333333,0.42857142857142855,0.25,0.3333333333333333,0.42857142857142855,0.25,0.25,0.3333333333333333,0.3333333333333333,0.5384615384615384,0.3333333333333333,0.25,0.3333333333333333,0.3333333333333333,0.3333333333333333,0.25,0.42857142857142855,0.25,0.3333333333333333,0.42857142857142855,0.3333333333333333,0.42857142857142855,0.3333333333333333,0.3333333333333333,0.3333333333333333,0.5384615384615384,0.42857142857142855,0.25,1.0,0.5384615384615384,0.42857142857142855,0.3333333333333333,0.25,0.3333333333333333,0.3333333333333333,0.25,0.25,0.42857142857142855,0.42857142857142855,0.17647058823529413,0.3333333333333333,0.5384615384615384,0.3333333333333333,0.25,0.3333333333333333,0.3333333333333333,0.25,0.42857142857142855,0.25,0.3333333333333333,0.5384615384615384,0.25,0.42857142857142855,0.3333333333333333,0.17647058823529413,0.3333333333333333,0.25
NLD,0.3333333333333333,0.42857142857142855,0.25,0.25,0.25,0.3333333333333333,0.1111111111111111,0.3333333333333333,0.42857142857142855,0.42857142857142855,0.25,0.42857142857142855,0.25,0.25,0.17647058823529413,0.25,0.3333333333333333,0.3333333333333333,0.25,0.25,0.25,0.3333333333333333,0.17647058823529413,0.3333333333333333,0.3333333333333333,0.17647058823529413,0.25,0.42857142857142855,0.25,0.42857142857142855,0.3333333333333333,0.25,0.25,0.25,0.25,0.17647058823529413,0.3333333333333333,0.25,0.3333333333333333,0.25,0.3333333333333333,0.42857142857142855,0.3333333333333333,0.25,0.25,0.3333333333333333,0.3333333333333333,0.25,0.5384615384615384,1.0,0.25,0.3333333333333333,0.25,0.25,0.17647058823529413,0.3333333333333333,0.25,0.25,0.25,0.25,0.42857142857142855,0.3333333333333333,0.42857142857142855,0.25,0.3333333333333333,0.3333333333333333,0.25,0.25,0.3333333333333333,0.3333333333333333,0.8181818181818182,0.3333333333333333,0.5384615384615384,0.3333333333333333,0.17647058823529413,0.42857142857142855,0.25
NOR,0.25,0.42857142857142855,0.3333333333333333,0.42857142857142855,0.42857142857142855,0.25,0.17647058823529413,0.42857142857142855,0.42857142857142855,0.3333333333333333,0.3333333333333333,0.25,0.42857142857142855,0.3333333333333333,0.42857142857142855,0.3333333333333333,0.3333333333333333,0.42857142857142855,0.42857142857142855,0.42857142857142855,0.3333333333333333,0.42857142857142855,0.17647058823529413,0.25,0.3333333333333333,0.3333333333333333,0.3333333333333333,0.3333333333333333,0.3333333333333333,0.3333333333333333,0.42857142857142855,0.3333333333333333,0.3333333333333333,0.3333333333333333,0.3333333333333333,0.3333333333333333,0.42857142857142855,0.25,0.3333333333333333,0.42857142857142855,0.3333333333333333,0.25,0.25,0.3333333333333333,0.25,0.5384615384615384,0.42857142857142855,0.25,0.42857142857142855,0.25,1.0,0.42857142857142855,0.25,0.25,0.3333333333333333,0.25,0.17647058823529413,0.3333333333333333,0.42857142857142855,0.25,0.3333333333333333,0.5384615384615384,0.3333333333333333,0.3333333333333333,0.3333333333333333,0.3333333333333333,0.3333333333333333,0.42857142857142855,0.25,0.3333333333333333,0.25,0.3333333333333333,0.42857142857142855,0.42857142857142855,0.17647058823529413,0.3333333333333333,0.25
NZL,0.3333333333333333,0.6666666666666666,0.6666666666666666,0.8181818181818182,0.5384615384615384,0.42857142857142855,0.42857142857142855,0.5384615384615384,0.5384615384615384,0.5384615384615384,0.42857142857142855,0.42857142857142855,0.6666666666666666,0.5384615384615384,0.5384615384615384,0.5384615384615384,0.42857142857142855,0.5384615384615384,0.6666666666666666,0.6666666666666666,0.6666666666666666,0.6666666666666666,0.42857142857142855,0.42857142857142855,0.5384615384615384,0.5384615384615384,0.8181818181818182,0.42857142857142855,0.5384615384615384,0.42857142857142855,0.5384615384615384,0.42857142857142855,0.3333333333333333,0.5384615384615384,0.42857142857142855,0.3333333333333333,0.5384615384615384,0.5384615384615384,0.5384615384615384,0.5384615384615384,0.5384615384615384,0.42857142857142855,0.42857142857142855,0.5384615384615384,0.42857142857142855,0.5384615384615384,0.6666666666666666,0.5384615384615384,0.3333333333333333,0.3333333333333333,0.42857142857142855,1.0,0.5384615384615384,0.3333333333333333,0.42857142857142855,0.42857142857142855,0.42857142857142855,0.42857142857142855,0.5384615384615384,0.3333333333333333,0.42857142857142855,0.5384615384615384,0.6666666666666666,0.8181818181818182,0.5384615384615384,0.3333333333333333,0.6666666666666666,0.5384615384615384,0.5384615384615384,0.42857142857142855,0.42857142857142855,0.6666666666666666,0.42857142857142855,0.6666666666666666,0.3333333333333333,0.5384615384615384,0.42857142857142855
PAN,0.3333333333333333,0.42857142857142855,0.8181818181818182,0.42857142857142855,0.5384615384615384,0.3333333333333333,0.6666666666666666,0.6666666666666666,0.3333333333333333,0.5384615384615384,0.6666666666666666,0.3333333333333333,0.6666666666666666,0.5384615384615384,0.5384615384615384,0.5384615384615384,0.42857142857142855,0.42857142857142855,0.42857142857142855,0.5384615384615384,0.5384615384615384,0.42857142857142855,0.3333333333333333,0.5384615384615384,0.3333333333333333,0.42857142857142855,0.6666666666666666,0.25,0.5384615384615384,0.5384615384615384,0.25,0.42857142857142855,0.42857142857142855,0.5384615384615384,0.42857142857142855,0.17647058823529413,0.5384615384615384,0.3333333333333333,0.42857142857142855,0.5384615384615384,0.3333333333333333,0.42857142857142855,0.25,0.8181818181818182,0.3333333333333333,0.3333333333333333,0.5384615384615384,0.5384615384615384,0.25,0.25,0.25,0.5384615384615384,1.0,0.6666666666666666,0.3333333333333333,0.5384615384615384,0.42857142857142855,0.42857142857142855,0.6666666666666666,0.25,0.5384615384615384,0.5384615384615384,0.42857142857142855,0.6666666666666666,0.6666666666666666,0.25,0.5384615384615384,0.6666666666666666,0.6666666666666666,0.42857142857142855,0.3333333333333333,0.42857142857142855,0.42857142857142855,0.6666666666666666,0.6666666666666666,0.25,0.25
PER,0.3333333333333333,0.25,0.5384615384615384,0.3333333333333333,0.42857142857142855,0.25,0.42857142857142855,0.5384615384615384,0.3333333333333333,0.42857142857142855,0.5384615384615384,0.3333333333333333,0.42857142857142855,0.42857142857142855,0.42857142857142855,0.3333333333333333,0.5384615384615384,0.3333333333333333,0.3333333333333333,0.3333333333333333,0.42857142857142855,0.5384615384615384,0.25,0.3333333333333333,0.25,0.42857142857142855,0.42857142857142855,0.25,0.42857142857142855,0.5384615384615384,0.25,0.3333333333333333,0.3333333333333333,0.42857142857142855,0.3333333333333333,0.17647058823529413,0.42857142857142855,0.3333333333333333,0.3333333333333333,0.42857142857142855,0.3333333333333333,0.42857142857142855,0.17647058823529413,0.6666666666666666,0.25,0.3333333333333333,0.42857142857142855,0.42857142857142855,0.3333333333333333,0.25,0.25,0.3333333333333333,0.6666666666666666,1.0,0.3333333333333333,0.3333333333333333,0.25,0.3333333333333333,0.5384615384615384,0.25,0.5384615384615384,0.5384615384615384,0.25,0.42857142857142855,0.5384615384615384,0.17647058823529413,0.42857142857142855,0.5384615384615384,0.6666666666666666,0.42857142857142855,0.3333333333333333,0.3333333333333333,0.3333333333333333,0.5384615384615384,0.5384615384615384,0.17647058823529413,0.17647058823529413
PHL,0.17647058823529413,0.3333333333333333,0.3333333333333333,0.42857142857142855,0.42857142857142855,0.25,0.3333333333333333,0.3333333333333333,0.5384615384615384,0.3333333333333333,0.42857142857142855,0.17647058823529413,0.42857142857142855,0.25,0.3333333333333333,0.3333333333333333,0.25,0.42857142857142855,0.42857142857142855,0.42857142857142855,0.42857142857142855,0.42857142857142855,0.17647058823529413,0.3333333333333333,0.25,0.42857142857142855,0.3333333333333333,0.25,0.25,0.3333333333333333,0.42857142857142855,0.17647058823529413,0.25,0.25,0.25,0.17647058823529413,0.42857142857142855,0.25,0.25,0.42857142857142855,0.25,0.25,0.3333333333333333,0.42857142857142855,0.42857142857142855,0.5384615384615384,0.3333333333333333,0.3333333333333333,0.3333333333333333,0.17647058823529413,0.3333333333333333,0.42857142857142855,0.3333333333333333,0.3333333333333333,1.0,0.1111111111111111,0.3333333333333333,0.25,0.3333333333333333,0.17647058823529413,0.25,0.42857142857142855,0.42857142857142855,0.3333333333333333,0.25,0.17647058823529413,0.42857142857142855,0.3333333333333333,0.25,0.25,0.25,0.42857142857142855,0.3333333333333333,0.42857142857142855,0.3333333333333333,0.25,0.25
POL,0.42857142857142855,0.5384615384615384,0.5384615384615384,0.42857142857142855,0.42857142857142855,0.42857142857142855,0.3333333333333333,0.5384615384615384,0.3333333333333333,0.42857142857142855,0.42857142857142855,0.3333333333333333,0.42857142857142855,0.5384615384615384,0.42857142857142855,0.42857142857142855,0.42857142857142855,0.3333333333333333,0.25,0.42857142857142855,0.42857142857142855,0.3333333333333333,0.3333333333333333,0.5384615384615384,0.3333333333333333,0.3333333333333333,0.5384615384615384,0.3333333333333333,0.5384615384615384,0.42857142857142855,0.25,0.42857142857142855,0.3333333333333333,0.6666666666666666,0.42857142857142855,0.17647058823529413,0.42857142857142855,0.25,0.5384615384615384,0.42857142857142855,0.3333333333333333,0.3333333333333333,0.25,0.42857142857142855,0.17647058823529413,0.3333333333333333,0.5384615384615384,0.42857142857142855,0.25,0.3333333333333333,0.25,0.42857142857142855,0.5384615384615384,0.3333333333333333,0.1111111111111111,1.0,0.3333333333333333,0.5384615384615384,0.5384615384615384,0.25,0.42857142857142855,0.42857142857142855,0.42857142857142855,0.5384615384615384,0.5384615384615384,0.3333333333333333,0.42857142857142855,0.5384615384615384,0.5384615384615384,0.5384615384615384,0.3333333333333333,0.3333333333333333,0.42857142857142855,0.42857142857142855,0.3333333333333333,0.25,0.25
PRT,0.25,0.3333333333333333,0.42857142857142855,0.3333333333333333,0.42857142857142855,0.42857142857142855,0.42857142857142855,0.25,0.3333333333333333,0.5384615384615384,0.42857142857142855,0.17647058823529413,0.42857142857142855,0.25,0.42857142857142855,0.5384615384615384,0.25,0.3333333333333333,0.3333333333333333,0.42857142857142855,0.42857142857142855,0.25,0.17647058823529413,0.5384615384615384,0.25,0.25,0.42857142857142855,0.25,0.3333333333333333,0.42857142857142855,0.3333333333333333,0.17647058823529413,0.17647058823529413,0.25,0.25,0.25,0.42857142857142855,0.25,0.3333333333333333,0.42857142857142855,0.3333333333333333,0.25,0.25,0.3333333333333333,0.3333333333333333,0.3333333333333333,0.25,0.25,0.25,0.25,0.17647058823529413,0.42857142857142855,0.42857142857142855,0.25,0.3333333333333333,0.3333333333333333,1.0,0.3333333333333333,0.3333333333333333,0.17647058823529413,0.3333333333333333,0.25,0.42857142857142855,0.42857142857142855,0.3333333333333333,0.17647058823529413,0.3333333333333333,0.3333333333333333,0.3333333333333333,0.25,0.3333333333333333,0.42857142857142855,0.3333333333333333,0.3333333333333333,0.3333333333333333,0.25,0.25
QAT,0.5384615384615384,0.6666666666666666,0.42857142857142855,0.42857142857142855,0.5384615384615384,0.3333333333333333,0.42857142857142855,0.5384615384615384,0.5384615384615384,0.3333333333333333,0.5384615384615384,0.3333333333333333,0.42857142857142855,0.6666666666666666,0.6666666666666666,0.3333333333333333,0.42857142857142855,0.42857142857142855,0.42857142857142855,0.5384615384615384,0.5384615384615384,0.42857142857142855,0.3333333333333333,0.5384615384615384,0.42857142857142855,0.5384615384615384,0.5384615384615384,0.3333333333333333,0.6666666666666666,0.42857142857142855,0.3333333333333333,0.42857142857142855,0.42857142857142855,0.6666666666666666,0.5384615384615384,0.25,0.42857142857142855,0.25,0.6666666666666666,0.5384615384615384,0.3333333333333333,0.42857142857142855,0.3333333333333333,0.42857142857142855,0.25,0.3333333333333333,0.6666666666666666,0.5384615384615384,0.42857142857142855,0.25,0.3333333333333333,0.42857142857142855,0.42857142857142855,0.3333333333333333,0.25,0.5384615384615384,0.3333333333333333,1.0,0.6666666666666666,0.25,0.3333333333333333,0.5384615384615384,0.42857142857142855,0.5384615384615384,0.42857142857142855,0.25,0.5384615384615384,0.6666666666666666,0.42857142857142855,0.42857142857142855,0.25,0.3333333333333333,0.3333333333333333,0.3333333333333333,0.25,0.25,0.25
QAZ,0.42857142857142855,0.5384615384615384,0.6666666666666666,0.5384615384615384,0.8181818181818182,0.42857142857142855,0.42857142857142855,0.6666666666666666,0.5384615384615384,0.5384615384615384,0.8181818181818182,0.3333333333333333,0.6666666666666666,0.6666666666666666,0.8181818181818182,0.42857142857142855,0.5384615384615384,0.6666666666666666,0.5384615384615384,0.6666666666666666,0.6666666666666666,0.5384615384615384,0.42857142857142855,0.5384615384615384,0.3333333333333333,0.5384615384615384,0.6666666666666666,0.25,0.8181818181818182,0.6666666666666666,0.42857142857142855,0.42857142857142855,0.5384615384615384,0.6666666666666666,0.5384615384615384,0.17647058823529413,0.6666666666666666,0.3333333333333333,0.5384615384615384,0.8181818181818182,0.42857142857142855,0.42857142857142855,0.25,0.6666666666666666,0.3333333333333333,0.5384615384615384,0.6666666666666666,0.5384615384615384,0.42857142857142855,0.25,0.42857142857142855,0.5384615384615384,0.6666666666666666,0.5384615384615384,0.3333333333333333,0.5384615384615384,0.3333333333333333,0.6666666666666666,1.0,0.3333333333333333,0.5384615384615384,0.8181818181818182,0.3333333333333333,0.6666666666666666,0.5384615384615384,0.3333333333333333,0.5384615384615384,1.0,0.5384615384615384,0.5384615384615384,0.3333333333333333,0.42857142857142855,0.42857142857142855,0.5384615384615384,0.42857142857142855,0.25,0.3333333333333333
QCI,0.3333333333333333,0.25,0.3333333333333333,0.3333333333333333,0.3333333333333333,0.3333333333333333,0.25,0.25,0.3333333333333333,0.25,0.25,0.3333333333333333,0.3333333333333333,0.25,0.3333333333333333,0.3333333333333333,0.5384615384615384,0.3333333333333333,0.25,0.25,0.3333333333333333,0.42857142857142855,0.3333333333333333,0.17647058823529413,0.3333333333333333,0.3333333333333333,0.3333333333333333,0.3333333333333333,0.42857142857142855,0.25,0.42857142857142855,0.42857142857142855,0.3333333333333333,0.25,0.25,0.25,0.3333333333333333,0.3333333333333333,0.25,0.3333333333333333,0.3333333333333333,0.42857142857142855,0.17647058823529413,0.25,0.17647058823529413,0.3333333333333333,0.3333333333333333,0.3333333333333333,0.17647058823529413,0.25,0.25,0.3333333333333333,0.25,0.25,0.17647058823529413,0.25,0.17647058823529413,0.25,0.3333333333333333,1.0,0.3333333333333333,0.42857142857142855,0.25,0.3333333333333333,0.25,0.25,0.3333333333333333,0.3333333333333333,0.3333333333333333,0.5384615384615384,0.3333333333333333,0.3333333333333333,0.3333333333333333,0.42857142857142855,0.25,0.3333333333333333,0.3333333333333333
QMR,0.42857142857142855,0.3333333333333333,0.6666666666666666,0.3333333333333333,0.5384615384615384,0.3333333333333333,0.42857142857142855,0.5384615384615384,0.3333333333333333,0.6666666666666666,0.42857142857142855,0.42857142857142855,0.5384615384615384,0.3333333333333333,0.5384615384615384,0.42857142857142855,0.42857142857142855,0.42857142857142855,0.3333333333333333,0.5384615384615384,0.42857142857142855,0.5384615384615384,0.17647058823529413,0.3333333333333333,0.3333333333333333,0.42857142857142855,0.5384615384615384,0.42857142857142855,0.42857142857142855,0.5384615384615384,0.3333333333333333,0.25,0.25,0.3333333333333333,0.5384615384615384,0.17647058823529413,0.6666666666666666,0.3333333333333333,0.5384615384615384,0.5384615384615384,0.5384615384615384,0.3333333333333333,0.17647058823529413,0.5384615384615384,0.3333333333333333,0.42857142857142855,0.3333333333333333,0.42857142857142855,0.3333333333333333,0.42857142857142855,0.3333333333333333,0.42857142857142855,0.5384615384615384,0.5384615384615384,0.25,0.42857142857142855,0.3333333333333333,0.3333333333333333,0.5384615384615384,0.3333333333333333,1.0,0.5384615384615384,0.3333333333333333,0.5384615384615384,0.6666666666666666,0.25,0.5384615384615384,0.5384615384615384,0.5384615384615384,0.42857142857142855,0.42857142857142855,0.42857142857142855,0.6666666666666666,0.6666666666666666,0.42857142857142855,0.25,0.3333333333333333
QRT,0.3333333333333333,0.5384615384615384,0.5384615384615384,0.5384615384615384,0.6666666666666666,0.3333333333333333,0.3333333333333333,0.6666666666666666,0.6666666666666666,0.42857142857142855,0.6666666666666666,0.3333333333333333,0.6666666666666666,0.5384615384615384,0.6666666666666666,0.42857142857142855,0.6666666666666666,0.6666666666666666,0.5384615384615384,0.5384615384615384,0.5384615384615384,0.6666666666666666,0.3333333333333333,0.42857142857142855,0.42857142857142855,0.5384615384615384,0.5384615384615384,0.3333333333333333,0.6666666666666666,0.5384615384615384,0.5384615384615384,0.42857142857142855,0.5384615384615384,0.5384615384615384,0.42857142857142855,0.25,0.6666666666666666,0.3333333333333333,0.42857142857142855,0.6666666666666666,0.42857142857142855,0.5384615384615384,0.25,0.6666666666666666,0.3333333333333333,0.6666666666666666,0.6666666666666666,0.5384615384615384,0.5384615384615384,0.3333333333333333,0.5384615384615384,0.5384615384615384,0.5384615384615384,0.5384615384615384,0.42857142857142855,0.42857142857142855,0.25,0.5384615384615384,0.8181818181818182,0.42857142857142855,0.5384615384615384,1.0,0.3333333333333333,0.5384615384615384,0.42857142857142855,0.3333333333333333,0.5384615384615384,0.8181818181818182,0.5384615384615384,0.6666666666666666,0.42857142857142855,0.42857142857142855,0.5384615384615384,0.6666666666666666,0.42857142857142855,0.3333333333333333,0.42857142857142855
ROU,0.42857142857142855,0.6666666666666666,0.5384615384615384,0.5384615384615384,0.42857142857142855,0.42857142857142855,0.42857142857142855,0.42857142857142855,0.5384615384615384,0.5384615384615384,0.3333333333333333,0.3333333333333333,0.42857142857142855,0.42857142857142855,0.3333333333333333,0.42857142857142855,0.3333333333333333,0.42857142857142855,0.42857142857142855,0.5384615384615384,0.5384615384615384,0.42857142857142855,0.25,0.42857142857142855,0.42857142857142855,0.42857142857142855,0.5384615384615384,0.5384615384615384,0.3333333333333333,0.42857142857142855,0.3333333333333333,0.42857142857142855,0.25,0.42857142857142855,0.42857142857142855,0.3333333333333333,0.42857142857142855,0.42857142857142855,0.5384615384615384,0.42857142857142855,0.3333333333333333,0.3333333333333333,0.6666666666666666,0.3333333333333333,0.3333333333333333,0.42857142857142855,0.5384615384615384,0.42857142857142855,0.3333333333333333,0.42857142857142855,0.3333333333333333,0.6666666666666666,0.42857142857142855,0.25,0.42857142857142855,0.42857142857142855,0.42857142857142855,0.42857142857142855,0.3333333333333333,0.25,0.3333333333333333,0.3333333333333333,1.0,0.5384615384615384,0.5384615384615384,0.3333333333333333,0.5384615384615384,0.3333333333333333,0.42857142857142855,0.3333333333333333,0.42857142857142855,0.42857142857142855,0.5384615384615384,0.5384615384615384,0.25,0.42857142857142855,0.25
RUS,0.42857142857142855,0.5384615384615384,0.8181818181818182,0.6666666666666666,0.6666666666666666,0.42857142857142855,0.5384615384615384,0.6666666666666666,0.42857142857142855,0.5384615384615384,0.5384615384615384,0.5384615384615384,0.6666666666666666,0.6666666666666666,0.6666666666666666,0.5384615384615384,0.42857142857142855,0.5384615384615384,0.5384615384615384,0.6666666666666666,0.8181818181818182,0.6666666666666666,0.42857142857142855,0.5384615384615384,0.5384615384615384,0.6666666666666666,1.0,0.3333333333333333,0.6666666666666666,0.42857142857142855,0.42857142857142855,0.42857142857142855,0.3333333333333333,0.6666666666666666,0.5384615384615384,0.25,0.6666666666666666,0.42857142857142855,0.6666666666666666,0.6666666666666666,0.5384615384615384,0.42857142857142855,0.3333333333333333,0.6666666666666666,0.3333333333333333,0.42857142857142855,0.6666666666666666,0.6666666666666666,0.25,0.25,0.3333333333333333,0.8181818181818182,0.6666666666666666,0.42857142857142855,0.3333333333333333,0.5384615384615384,0.42857142857142855,0.5384615384615384,0.6666666666666666,0.3333333333333333,0.5384615384615384,0.5384615384615384,0.5384615384615384,1.0,0.6666666666666666,0.25,0.8181818181818182,0.6666666666666666,0.6666666666666666,0.42857142857142855,0.3333333333333333,0.6666666666666666,0.42857142857142855,0.6666666666666666,0.42857142857142855,0.42857142857142855,0.42857142857142855
SAU,0.5384615384615384,0.42857142857142855,0.8181818181818182,0.42857142857142855,0.5384615384615384,0.3333333333333333,0.5384615384615384,0.6666666666666666,0.25,0.6666666666666666,0.42857142857142855,0.5384615384615384,0.5384615384615384,0.5384615384615384,0.5384615384615384,0.42857142857142855,0.3333333333333333,0.42857142857142855,0.42857142857142855,0.5384615384615384,0.5384615384615384,0.5384615384615384,0.25,0.42857142857142855,0.42857142857142855,0.42857142857142855,0.6666666666666666,0.42857142857142855,0.42857142857142855,0.5384615384615384,0.25,0.42857142857142855,0.3333333333333333,0.5384615384615384,0.6666666666666666,0.25,0.5384615384615384,0.42857142857142855,0.6666666666666666,0.5384615384615384,0.42857142857142855,0.3333333333333333,0.3333333333333333,0.5384615384615384,0.3333333333333333,0.3333333333333333,0.5384615384615384,0.42857142857142855,0.3333333333333333,0.3333333333333333,0.3333333333333333,0.5384615384615384,0.6666666666666666,0.5384615384615384,0.25,0.5384615384615384,0.3333333333333333,0.42857142857142855,0.5384615384615384,0.25,0.6666666666666666,0.42857142857142855,0.5384615384615384,0.6666666666666666,1.0,0.3333333333333333,0.5384615384615384,0.5384615384615384,0.5384615384615384,0.3333333333333333,0.3333333333333333,0.42857142857142855,0.5384615384615384,0.6666666666666666,0.42857142857142855,0.3333333333333333,0.25
SGP,0.3333333333333333,0.3333333333333333,0.3333333333333333,0.3333333333333333,0.3333333333333333,0.42857142857142855,0.17647058823529413,0.25,0.25,0.3333333333333333,0.25,0.25,0.3333333333333333,0.3333333333333333,0.3333333333333333,0.25,0.25,0.42857142857142855,0.42857142857142855,0.3333333333333333,0.25,0.25,0.25,0.17647058823529413,0.25,0.17647058823529413,0.25,0.25,0.25,0.3333333333333333,0.42857142857142855,0.25,0.3333333333333333,0.3333333333333333,0.25,0.17647058823529413,0.25,0.3333333333333333,0.25,0.3333333333333333,0.25,0.3333333333333333,0.3333333333333333,0.17647058823529413,0.25,0.42857142857142855,0.3333333333333333,0.1111111111111111,0.3333333333333333,0.3333333333333333,0.3333333333333333,0.3333333333333333,0.25,0.17647058823529413,0.17647058823529413,0.3333333333333333,0.17647058823529413,0.25,0.3333333333333333,0.25,0.25,0.3333333333333333,0.3333333333333333,0.25,0.3333333333333333,1.0,0.17647058823529413,0.3333333333333333,0.17647058823529413,0.25,0.3333333333333333,0.25,0.3333333333333333,0.3333333333333333,0.17647058823529413,0.3333333333333333,0.17647058823529413
SRB,0.42857142857142855,0.5384615384615384,0.6666666666666666,0.5384615384615384,0.5384615384615384,0.3333333333333333,0.5384615384615384,0.6666666666666666,0.5384615384615384,0.42857142857142855,0.42857142857142855,0.5384615384615384,0.5384615384615384,0.5384615384615384,0.5384615384615384,0.42857142857142855,0.42857142857142855,0.42857142857142855,0.42857142857142855,0.6666666666666666,0.6666666666666666,0.6666666666666666,0.3333333333333333,0.42857142857142855,0.5384615384615384,0.8181818181818182,0.8181818181818182,0.42857142857142855,0.5384615384615384,0.3333333333333333,0.42857142857142855,0.3333333333333333,0.25,0.5384615384615384,0.5384615384615384,0.25,0.6666666666666666,0.3333333333333333,0.6666666666666666,0.5384615384615384,0.5384615384615384,0.42857142857142855,0.3333333333333333,0.6666666666666666,0.3333333333333333,0.42857142857142855,0.5384615384615384,0.8181818181818182,0.25,0.25,0.3333333333333333,0.6666666666666666,0.5384615384615384,0.42857142857142855,0.42857142857142855,0.42857142857142855,0.3333333333333333,0.5384615384615384,0.5384615384615384,0.3333333333333333,0.5384615384615384,0.5384615384615384,0.5384615384615384,0.8181818181818182,0.5384615384615384,0.17647058823529413,1.0,0.5384615384615384,0.6666666666666666,0.42857142857142855,0.3333333333333333,0.6666666666666666,0.42857142857142855,0.6666666666666666,0.42857142857142855,0.42857142857142855,0.42857142857142855
SVK,0.42857142857142855,0.5384615384615384,0.6666666666666666,0.5384615384615384,0.8181818181818182,0.42857142857142855,0.42857142857142855,0.6666666666666666,0.5384615384615384,0.5384615384615384,0.8181818181818182,0.3333333333333333,0.6666666666666666,0.6666666666666666,0.8181818181818182,0.42857142857142855,0.5384615384615384,0.6666666666666666,0.5384615384615384,0.6666666666666666,0.6666666666666666,0.5384615384615384,0.42857142857142855,0.5384615384615384,0.3333333333333333,0.5384615384615384,0.6666666666666666,0.25,0.8181818181818182,0.6666666666666666,0.42857142857142855,0.42857142857142855,0.5384615384615384,0.6666666666666666,0.5384615384615384,0.17647058823529413,0.6666666666666666,0.3333333333333333,0.5384615384615384,0.8181818181818182,0.42857142857142855,0.42857142857142855,0.25,0.6666666666666666,0.3333333333333333,0.5384615384615384,0.6666666666666666,0.5384615384615384,0.42857142857142855,0.25,0.42857142857142855,0.5384615384615384,0.6666666666666666,0.5384615384615384,0.3333333333333333,0.5384615384615384,0.3333333333333333,0.6666666666666666,1.0,0.3333333333333333,0.5384615384615384,0.8181818181818182,0.3333333333333333,0.6666666666666666,0.5384615384615384,0.3333333333333333,0.5384615384615384,1.0,0.5384615384615384,0.5384615384615384,0.3333333333333333,0.42857142857142855,0.42857142857142855,0.5384615384615384,0.42857142857142855,0.25,0.3333333333333333
SVN,0.3333333333333333,0.42857142857142855,0.6666666666666666,0.42857142857142855,0.42857142857142855,0.3333333333333333,0.42857142857142855,0.6666666666666666,0.42857142857142855,0.42857142857142855,0.42857142857142855,0.42857142857142855,0.42857142857142855,0.5384615384615384,0.42857142857142855,0.42857142857142855,0.6666666666666666,0.3333333333333333,0.3333333333333333,0.42857142857142855,0.5384615384615384,0.5384615384615384,0.3333333333333333,0.42857142857142855,0.42857142857142855,0.5384615384615384,0.6666666666666666,0.3333333333333333,0.5384615384615384,0.42857142857142855,0.3333333333333333,0.42857142857142855,0.25,0.5384615384615384,0.3333333333333333,0.25,0.5384615384615384,0.3333333333333333,0.42857142857142855,0.42857142857142855,0.42857142857142855,0.5384615384615384,0.25,0.6666666666666666,0.17647058823529413,0.3333333333333333,0.5384615384615384,0.6666666666666666,0.25,0.3333333333333333,0.25,0.5384615384615384,0.6666666666666666,0.6666666666666666,0.25,0.5384615384615384,0.3333333333333333,0.42857142857142855,0.5384615384615384,0.3333333333333333,0.5384615384615384,0.5384615384615384,0.42857142857142855,0.6666666666666666,0.5384615384615384,0.17647058823529413,0.6666666666666666,0.5384615384615384,1.0,0.5384615384615384,0.42857142857142855,0.5384615384615384,0.42857142857142855,0.6666666666666666,0.5384615384615384,0.3333333333333333,0.3333333333333333
SWE,0.3333333333333333,0.42857142857142855,0.42857142857142855,0.5384615384615384,0.42857142857142855,0.42857142857142855,0.25,0.42857142857142855,0.5384615384615384,0.3333333333333333,0.42857142857142855,0.3333333333333333,0.42857142857142855,0.42857142857142855,0.42857142857142855,0.42857142857142855,0.8181818181818182,0.42857142857142855,0.3333333333333333,0.3333333333333333,0.42857142857142855,0.5384615384615384,0.3333333333333333,0.3333333333333333,0.42857142857142855,0.42857142857142855,0.42857142857142855,0.3333333333333333,0.6666666666666666,0.42857142857142855,0.42857142857142855,0.5384615384615384,0.3333333333333333,0.42857142857142855,0.25,0.25,0.42857142857142855,0.3333333333333333,0.3333333333333333,0.42857142857142855,0.42857142857142855,0.5384615384615384,0.25,0.42857142857142855,0.17647058823529413,0.42857142857142855,0.5384615384615384,0.42857142857142855,0.3333333333333333,0.3333333333333333,0.3333333333333333,0.42857142857142855,0.42857142857142855,0.42857142857142855,0.25,0.5384615384615384,0.25,0.42857142857142855,0.5384615384615384,0.5384615384615384,0.42857142857142855,0.6666666666666666,0.3333333333333333,0.42857142857142855,0.3333333333333333,0.25,0.42857142857142855,0.5384615384615384,0.5384615384615384,1.0,0.42857142857142855,0.3333333333333333,0.42857142857142855,0.5384615384615384,0.3333333333333333,0.3333333333333333,0.3333333333333333
TAP,0.3333333333333333,0.42857142857142855,0.3333333333333333,0.3333333333333333,0.3333333333333333,0.42857142857142855,0.17647058823529413,0.3333333333333333,0.5384615384615384,0.5384615384615384,0.3333333333333333,0.42857142857142855,0.3333333333333333,0.25,0.25,0.3333333333333333,0.42857142857142855,0.42857142857142855,0.3333333333333333,0.3333333333333333,0.3333333333333333,0.42857142857142855,0.25,0.3333333333333333,0.3333333333333333,0.25,0.3333333333333333,0.42857142857142855,0.3333333333333333,0.5384615384615384,0.42857142857142855,0.25,0.25,0.25,0.25,0.17647058823529413,0.42857142857142855,0.3333333333333333,0.3333333333333333,0.3333333333333333,0.42857142857142855,0.5384615384615384,0.3333333333333333,0.3333333333333333,0.3333333333333333,0.42857142857142855,0.3333333333333333,0.3333333333333333,0.5384615384615384,0.8181818181818182,0.25,0.42857142857142855,0.3333333333333333,0.3333333333333333,0.25,0.3333333333333333,0.3333333333333333,0.25,0.3333333333333333,0.3333333333333333,0.42857142857142855,0.42857142857142855,0.42857142857142855,0.3333333333333333,0.3333333333333333,0.3333333333333333,0.3333333333333333,0.3333333333333333,0.42857142857142855,0.42857142857142855,1.0,0.42857142857142855,0.42857142857142855,0.42857142857142855,0.25,0.42857142857142855,0.3333333333333333
THA,0.3333333333333333,0.42857142857142855,0.5384615384615384,0.5384615384615384,0.42857142857142855,0.42857142857142855,0.3333333333333333,0.5384615384615384,0.42857142857142855,0.42857142857142855,0.3333333333333333,0.5384615384615384,0.42857142857142855,0.42857142857142855,0.42857142857142855,0.42857142857142855,0.3333333333333333,0.3333333333333333,0.42857142857142855,0.5384615384615384,0.5384615384615384,0.5384615384615384,0.3333333333333333,0.42857142857142855,0.42857142857142855,0.5384615384615384,0.6666666666666666,0.3333333333333333,0.42857142857142855,0.3333333333333333,0.6666666666666666,0.25,0.25,0.42857142857142855,0.3333333333333333,0.25,0.5384615384615384,0.3333333333333333,0.42857142857142855,0.42857142857142855,0.5384615384615384,0.42857142857142855,0.25,0.5384615384615384,0.3333333333333333,0.42857142857142855,0.42857142857142855,0.5384615384615384,0.25,0.3333333333333333,0.3333333333333333,0.6666666666666666,0.42857142857142855,0.3333333333333333,0.42857142857142855,0.3333333333333333,0.42857142857142855,0.3333333333333333,0.42857142857142855,0.3333333333333333,0.42857142857142855,0.42857142857142855,0.42857142857142855,0.6666666666666666,0.42857142857142855,0.25,0.6666666666666666,0.42857142857142855,0.5384615384615384,0.3333333333333333,0.42857142857142855,1.0,0.3333333333333333,0.5384615384615384,0.42857142857142855,0.5384615384615384,0.42857142857142855
TUR,0.3333333333333333,0.42857142857142855,0.5384615384615384,0.3333333333333333,0.5384615384615384,0.3333333333333333,0.3333333333333333,0.5384615384615384,0.42857142857142855,0.5384615384615384,0.42857142857142855,0.3333333333333333,0.5384615384615384,0.3333333333333333,0.42857142857142855,0.42857142857142855,0.42857142857142855,0.5384615384615384,0.3333333333333333,0.42857142857142855,0.42857142857142855,0.42857142857142855,0.1111111111111111,0.42857142857142855,0.42857142857142855,0.3333333333333333,0.42857142857142855,0.42857142857142855,0.3333333333333333,0.42857142857142855,0.3333333333333333,0.3333333333333333,0.3333333333333333,0.3333333333333333,0.42857142857142855,0.25,0.6666666666666666,0.25,0.42857142857142855,0.5384615384615384,0.3333333333333333,0.3333333333333333,0.3333333333333333,0.42857142857142855,0.25,0.5384615384615384,0.42857142857142855,0.3333333333333333,0.42857142857142855,0.5384615384615384,0.42857142857142855,0.42857142857142855,0.42857142857142855,0.3333333333333333,0.3333333333333333,0.42857142857142855,0.3333333333333333,0.3333333333333333,0.42857142857142855,0.3333333333333333,0.6666666666666666,0.5384615384615384,0.5384615384615384,0.42857142857142855,0.5384615384615384,0.3333333333333333,0.42857142857142855,0.42857142857142855,0.42857142857142855,0.42857142857142855,0.42857142857142855,0.3333333333333333,1.0,0.6666666666666666,0.3333333333333333,0.3333333333333333,0.3333333333333333
UKR,0.3333333333333333,0.42857142857142855,0.8181818181818182,0.5384615384615384,0.5384615384615384,0.3333333333333333,0.5384615384615384,0.6666666666666666,0.42857142857142855,0.5384615384615384,0.42857142857142855,0.42857142857142855,0.6666666666666666,0.42857142857142855,0.5384615384615384,0.5384615384615384,0.5384615384615384,0.5384615384615384,0.5384615384615384,0.5384615384615384,0.5384615384615384,0.6666666666666666,0.25,0.3333333333333333,0.5384615384615384,0.5384615384615384,0.6666666666666666,0.42857142857142855,0.42857142857142855,0.42857142857142855,0.42857142857142855,0.42857142857142855,0.3333333333333333,0.42857142857142855,0.42857142857142855,0.3333333333333333,0.6666666666666666,0.42857142857142855,0.42857142857142855,0.5384615384615384,0.42857142857142855,0.5384615384615384,0.3333333333333333,0.6666666666666666,0.3333333333333333,0.5384615384615384,0.5384615384615384,0.5384615384615384,0.3333333333333333,0.3333333333333333,0.42857142857142855,0.6666666666666666,0.6666666666666666,0.5384615384615384,0.42857142857142855,0.42857142857142855,0.3333333333333333,0.3333333333333333,0.5384615384615384,0.42857142857142855,0.6666666666666666,0.6666666666666666,0.5384615384615384,0.6666666666666666,0.6666666666666666,0.3333333333333333,0.6666666666666666,0.5384615384615384,0.6666666666666666,0.5384615384615384,0.42857142857142855,0.5384615384615384,0.6666666666666666,1.0,0.5384615384615384,0.42857142857142855,0.42857142857142855
URY,0.17647058823529413,0.25,0.5384615384615384,0.25,0.3333333333333333,0.25,0.5384615384615384,0.5384615384615384,0.25,0.3333333333333333,0.42857142857142855,0.25,0.42857142857142855,0.3333333333333333,0.3333333333333333,0.42857142857142855,0.3333333333333333,0.25,0.25,0.3333333333333333,0.3333333333333333,0.3333333333333333,0.25,0.42857142857142855,0.25,0.3333333333333333,0.42857142857142855,0.17647058823529413,0.3333333333333333,0.3333333333333333,0.3333333333333333,0.3333333333333333,0.3333333333333333,0.3333333333333333,0.3333333333333333,0.17647058823529413,0.42857142857142855,0.25,0.25,0.3333333333333333,0.3333333333333333,0.3333333333333333,0.1111111111111111,0.6666666666666666,0.3333333333333333,0.25,0.3333333333333333,0.5384615384615384,0.17647058823529413,0.17647058823529413,0.17647058823529413,0.3333333333333333,0.6666666666666666,0.5384615384615384,0.3333333333333333,0.3333333333333333,0.3333333333333333,0.25,0.42857142857142855,0.25,0.42857142857142855,0.42857142857142855,0.25,0.42857142857142855,0.42857142857142855,0.17647058823529413,0.42857142857142855,0.42857142857142855,0.5384615384615384,0.3333333333333333,0.25,0.42857142857142855,0.3333333333333333,0.5384615384615384,1.0,0.17647058823529413,0.3333333333333333
USA,0.25,0.42857142857142855,0.3333333333333333,0.42857142857142855,0.25,0.25,0.17647058823529413,0.42857142857142855,0.3333333333333333,0.25,0.17647058823529413,0.6666666666666666,0.3333333333333333,0.3333333333333333,0.25,0.25,0.3333333333333333,0.3333333333333333,0.42857142857142855,0.3333333333333333,0.3333333333333333,0.42857142857142855,0.3333333333333333,0.25,0.6666666666666666,0.3333333333333333,0.42857142857142855,0.3333333333333333,0.3333333333333333,0.17647058823529413,0.42857142857142855,0.3333333333333333,0.25,0.3333333333333333,0.25,0.3333333333333333,0.3333333333333333,0.25,0.3333333333333333,0.25,0.42857142857142855,0.42857142857142855,0.3333333333333333,0.3333333333333333,0.25,0.3333333333333333,0.42857142857142855,0.3333333333333333,0.3333333333333333,0.42857142857142855,0.3333333333333333,0.5384615384615384,0.25,0.17647058823529413,0.25,0.25,0.25,0.25,0.25,0.3333333333333333,0.25,0.3333333333333333,0.42857142857142855,0.42857142857142855,0.3333333333333333,0.3333333333333333,0.42857142857142855,0.25,0.3333333333333333,0.3333333333333333,0.42857142857142855,0.5384615384615384,0.3333333333333333,0.42857142857142855,0.17647058823529413,1.0,0.3333333333333333
VNM,0.17647058823529413,0.3333333333333333,0.3333333333333333,0.3333333333333333,0.3333333333333333,0.17647058823529413,0.25,0.3333333333333333,0.3333333333333333,0.25,0.25,0.3333333333333333,0.42857142857142855,0.25,0.3333333333333333,0.42857142857142855,0.3333333333333333,0.42857142857142855,0.3333333333333333,0.3333333333333333,0.3333333333333333,0.42857142857142855,0.25,0.3333333333333333,0.42857142857142855,0.3333333333333333,0.42857142857142855,0.25,0.3333333333333333,0.17647058823529413,0.42857142857142855,0.25,0.25,0.25,0.3333333333333333,0.17647058823529413,0.42857142857142855,0.25,0.3333333333333333,0.3333333333333333,0.3333333333333333,0.3333333333333333,0.25,0.3333333333333333,0.42857142857142855,0.3333333333333333,0.3333333333333333,0.42857142857142855,0.25,0.25,0.25,0.42857142857142855,0.25,0.17647058823529413,0.25,0.25,0.25,0.25,0.3333333333333333,0.3333333333333333,0.3333333333333333,0.42857142857142855,0.25,0.42857142857142855,0.25,0.17647058823529413,0.42857142857142855,0.3333333333333333,0.3333333333333333,0.3333333333333333,0.3333333333333333,0.42857142857142855,0.3333333333333333,0.42857142857142855,0.3333333333333333,0.3333333333333333,1.0
