,ALB,ARE,ARG,AUS,AUT,BEL,BGR,BIH,BLR,BRA,BRN,CAN,CHE,CHL,COL,CRI,CZE,DEU,DNK,DOM,ESP,EST,FIN,FRA,GBR,GEO,GRC,HKG,HRV,HUN,IDN,IRL,ISL,ITA,JOR,JPN,KAZ,KSV,LTU,LUX,LVA,MAC,MAR,MDA,MEX,MLT,MNE,MYS,NLD,NOR,NZL,PAN,PER,PHL,POL,PRT,QAT,QAZ,QCI,QMR,QRT,ROU,RUS,SAU,SGP,SRB,SVK,SVN,SWE,TAP,THA,TUR,UKR,URY,USA,VNM
ALB,1.0,0.42857142857142855,0.25,0.3333333333333333,0.25,0.25,0.3333333333333333,0.3333333333333333,0.25,0.42857142857142855,0.3333333333333333,0.25,0.25,0.3333333333333333,0.3333333333333333,0.25,0.3333333333333333,0.25,0.25,0.3333333333333333,0.3333333333333333,0.3333333333333333,0.17647058823529413,0.17647058823529413,0.17647058823529413,0.25,0.3333333333333333,0.3333333333333333,0.3333333333333333,0.42857142857142855,0.25,0.25,0.17647058823529413,0.3333333333333333,0.6666666666666666,0.5384615384615384,0.3333333333333333,0.5384615384615384,0.3333333333333333,0.3333333333333333,0.5384615384615384,0.25,0.42857142857142855,0.3333333333333333,0.25,0.25,0.3333333333333333,0.17647058823529413,0.3333333333333333,0.25,0.3333333333333333,0.42857142857142855,0.42857142857142855,0.25,0.3333333333333333,0.3333333333333333,0.42857142857142855,0.42857142857142855,0.17647058823529413,0.25,0.3333333333333333,0.42857142857142855,0.3333333333333333,0.3333333333333333,0.25,0.5384615384615384,0.3333333333333333,0.3333333333333333,0.25,0.17647058823529413,0.42857142857142855,0.42857142857142855,0.17647058823529413,0.42857142857142855,0.3333333333333333,0.17647058823529413
ARE,0.42857142857142855,1.0,0.42857142857142855,0.5384615384615384,0.42857142857142855,0.6666666666666666,0.42857142857142855,0.6666666666666666,0.5384615384615384,0.6666666666666666,0.3333333333333333,0.42857142857142855,0.3333333333333333,0.6666666666666666,0.8181818181818182,0.6666666666666666,0.3333333333333333,0.42857142857142855,0.3333333333333333,0.42857142857142855,0.42857142857142855,0.6666666666666666,0.42857142857142855,0.25,0.3333333333333333,0.5384615384615384,0.5384615384615384,0.5384615384615384,0.5384615384615384,0.3333333333333333,0.6666666666666666,0.3333333333333333,0.42857142857142855,0.5384615384615384,0.5384615384615384,0.42857142857142855,0.6666666666666666,0.5384615384615384,0.6666666666666666,0.42857142857142855,0.5384615384615384,0.5384615384615384,0.5384615384615384,0.42857142857142855,0.6666666666666666,0.42857142857142855,0.42857142857142855,0.5384615384615384,0.5384615384615384,0.5384615384615384,0.6666666666666666,0.3333333333333333,0.6666666666666666,0.42857142857142855,0.42857142857142855,0.42857142857142855,0.8181818181818182,0.5384615384615384,0.3333333333333333,0.5384615384615384,0.6666666666666666,0.6666666666666666,0.5384615384615384,0.42857142857142855,0.5384615384615384,0.42857142857142855,0.5384615384615384,0.6666666666666666,0.42857142857142855,0.3333333333333333,0.5384615384615384,0.8181818181818182,0.3333333333333333,0.8181818181818182,0.5384615384615384,0.3333333333333333
ARG,0.25,0.42857142857142855,1.0,0.5384615384615384,0.42857142857142855,0.42857142857142855,0.42857142857142855,0.5384615384615384,0.6666666666666666,0.6666666666666666,0.3333333333333333,0.42857142857142855,0.25,0.5384615384615384,0.3333333333333333,0.5384615384615384,0.5384615384615384,0.5384615384615384,0.6666666666666666,0.42857142857142855,0.6666666666666666,0.42857142857142855,0.5384615384615384,0.5384615384615384,0.5384615384615384,0.42857142857142855,0.3333333333333333,0.42857142857142855,0.42857142857142855,0.42857142857142855,0.25,0.5384615384615384,0.42857142857142855,0.42857142857142855,0.25,0.42857142857142855,0.3333333333333333,0.25,0.25,0.3333333333333333,0.42857142857142855,0.5384615384615384,0.25,0.5384615384615384,0.6666666666666666,0.5384615384615384,0.42857142857142855,0.3333333333333333,0.42857142857142855,0.42857142857142855,0.5384615384615384,0.42857142857142855,0.3333333333333333,0.3333333333333333,0.42857142857142855,0.5384615384615384,0.42857142857142855,0.3333333333333333,0.5384615384615384,0.3333333333333333,0.42857142857142855,0.42857142857142855,0.6666666666666666,0.3333333333333333,0.42857142857142855,0.42857142857142855,0.42857142857142855,0.42857142857142855,0.6666666666666666,0.42857142857142855,0.25,0.3333333333333333,0.5384615384615384,0.5384615384615384,0.5384615384615384,0.42857142857142855
AUS,0.3333333333333333,0.5384615384615384,0.5384615384615384,1.0,0.42857142857142855,0.42857142857142855,0.42857142857142855,0.42857142857142855,0.42857142857142855,0.6666666666666666,0.3333333333333333,0.3333333333333333,0.3333333333333333,0.5384615384615384,0.42857142857142855,0.42857142857142855,0.5384615384615384,0.3333333333333333,0.5384615384615384,0.42857142857142855,0.42857142857142855,0.42857142857142855,0.42857142857142855,0.3333333333333333,0.5384615384615384,0.5384615384615384,0.42857142857142855,0.5384615384615384,0.42857142857142855,0.42857142857142855,0.3333333333333333,0.5384615384615384,0.3333333333333333,0.42857142857142855,0.3333333333333333,0.42857142857142855,0.5384615384615384,0.25,0.42857142857142855,0.42857142857142855,0.5384615384615384,0.5384615384615384,0.42857142857142855,0.6666666666666666,0.42857142857142855,0.5384615384615384,0.3333333333333333,0.42857142857142855,0.42857142857142855,0.3333333333333333,0.6666666666666666,0.42857142857142855,0.42857142857142855,0.5384615384615384,0.3333333333333333,0.5384615384615384,0.5384615384615384,0.42857142857142855,0.42857142857142855,0.3333333333333333,0.42857142857142855,0.5384615384615384,0.5384615384615384,0.3333333333333333,0.5384615384615384,0.42857142857142855,0.3333333333333333,0.5384615384615384,0.5384615384615384,0.3333333333333333,0.3333333333333333,0.42857142857142855,0.42857142857142855,0.6666666666666666,0.5384615384615384,0.5384615384615384
AUT,0.25,0.42857142857142855,0.42857142857142855,0.42857142857142855,1.0,0.42857142857142855,0.42857142857142855,0.6666666666666666,0.42857142857142855,0.3333333333333333,0.25,0.42857142857142855,0.42857142857142855,0.42857142857142855,0.3333333333333333,0.5384615384615384,0.42857142857142855,0.5384615384615384,0.5384615384615384,0.25,0.5384615384615384,0.5384615384615384,0.5384615384615384,0.3333333333333333,0.42857142857142855,0.42857142857142855,0.3333333333333333,0.42857142857142855,0.42857142857142855,0.5384615384615384,0.3333333333333333,0.5384615384615384,0.5384615384615384,0.3333333333333333,0.42857142857142855,0.42857142857142855,0.5384615384615384,0.25,0.5384615384615384,0.25,0.3333333333333333,0.25,0.42857142857142855,0.3333333333333333,0.5384615384615384,0.3333333333333333,0.6666666666666666,0.42857142857142855,0.3333333333333333,0.42857142857142855,0.5384615384615384,0.25,0.3333333333333333,0.3333333333333333,0.5384615384615384,0.42857142857142855,0.3333333333333333,0.3333333333333333,0.5384615384615384,0.42857142857142855,0.5384615384615384,0.5384615384615384,0.5384615384615384,0.5384615384615384,0.5384615384615384,0.3333333333333333,0.6666666666666666,0.3333333333333333,0.5384615384615384,0.3333333333333333,0.25,0.5384615384615384,0.6666666666666666,0.3333333333333333,0.42857142857142855,0.3333333333333333
BEL,0.25,0.6666666666666666,0.42857142857142855,0.42857142857142855,0.42857142857142855,1.0,0.42857142857142855,0.6666666666666666,0.5384615384615384,0.5384615384615384,0.25,0.42857142857142855,0.5384615384615384,0.5384615384615384,0.5384615384615384,0.5384615384615384,0.25,0.5384615384615384,0.3333333333333333,0.42857142857142855,0.5384615384615384,0.8181818181818182,0.3333333333333333,0.42857142857142855,0.42857142857142855,0.5384615384615384,0.5384615384615384,0.5384615384615384,0.5384615384615384,0.42857142857142855,0.5384615384615384,0.42857142857142855,0.3333333333333333,0.5384615384615384,0.42857142857142855,0.42857142857142855,0.5384615384615384,0.3333333333333333,0.5384615384615384,0.3333333333333333,0.42857142857142855,0.42857142857142855,0.42857142857142855,0.42857142857142855,0.5384615384615384,0.42857142857142855,0.42857142857142855,0.6666666666666666,0.6666666666666666,0.42857142857142855,0.6666666666666666,0.25,0.42857142857142855,0.3333333333333333,0.3333333333333333,0.3333333333333333,0.6666666666666666,0.3333333333333333,0.42857142857142855,0.6666666666666666,0.8181818181818182,0.5384615384615384,0.6666666666666666,0.42857142857142855,0.42857142857142855,0.42857142857142855,0.5384615384615384,0.6666666666666666,0.42857142857142855,0.42857142857142855,0.42857142857142855,0.6666666666666666,0.42857142857142855,0.6666666666666666,0.6666666666666666,0.3333333333333333
BGR,0.3333333333333333,0.42857142857142855,0.42857142857142855,0.42857142857142855,0.42857142857142855,0.42857142857142855,1.0,0.5384615384615384,0.6666666666666666,0.42857142857142855,0.25,0.25,0.42857142857142855,0.3333333333333333,0.3333333333333333,0.42857142857142855,0.5384615384615384,0.5384615384615384,0.42857142857142855,0.3333333333333333,0.42857142857142855,0.42857142857142855,0.42857142857142855,0.3333333333333333,0.3333333333333333,0.42857142857142855,0.5384615384615384,0.3333333333333333,0.42857142857142855,0.6666666666666666,0.3333333333333333,0.42857142857142855,0.3333333333333333,0.5384615384615384,0.42857142857142855,0.3333333333333333,0.5384615384615384,0.42857142857142855,0.42857142857142855,0.3333333333333333,0.3333333333333333,0.25,0.3333333333333333,0.42857142857142855,0.42857142857142855,0.3333333333333333,0.42857142857142855,0.5384615384615384,0.3333333333333333,0.42857142857142855,0.42857142857142855,0.42857142857142855,0.42857142857142855,0.5384615384615384,0.42857142857142855,0.3333333333333333,0.5384615384615384,0.6666666666666666,0.3333333333333333,0.42857142857142855,0.42857142857142855,0.42857142857142855,0.5384615384615384,0.42857142857142855,0.3333333333333333,0.42857142857142855,0.42857142857142855,0.42857142857142855,0.42857142857142855,0.25,0.3333333333333333,0.3333333333333333,0.5384615384615384,0.42857142857142855,0.42857142857142855,0.3333333333333333
BIH,0.3333333333333333,0.6666666666666666,0.5384615384615384,0.42857142857142855,0.6666666666666666,0.6666666666666666,0.5384615384615384,1.0,0.6666666666666666,0.5384615384615384,0.3333333333333333,0.5384615384615384,0.42857142857142855,0.42857142857142855,0.5384615384615384,0.6666666666666666,0.3333333333333333,0.6666666666666666,0.42857142857142855,0.42857142857142855,0.6666666666666666,0.6666666666666666,0.5384615384615384,0.42857142857142855,0.5384615384615384,0.5384615384615384,0.42857142857142855,0.5384615384615384,0.5384615384615384,0.5384615384615384,0.5384615384615384,0.5384615384615384,0.42857142857142855,0.5384615384615384,0.5384615384615384,0.42857142857142855,0.6666666666666666,0.3333333333333333,0.5384615384615384,0.3333333333333333,0.42857142857142855,0.3333333333333333,0.42857142857142855,0.3333333333333333,0.6666666666666666,0.42857142857142855,0.6666666666666666,0.5384615384615384,0.5384615384615384,0.42857142857142855,0.6666666666666666,0.25,0.5384615384615384,0.3333333333333333,0.5384615384615384,0.42857142857142855,0.5384615384615384,0.42857142857142855,0.42857142857142855,0.5384615384615384,0.6666666666666666,0.6666666666666666,0.8181818181818182,0.5384615384615384,0.5384615384615384,0.42857142857142855,0.8181818181818182,0.5384615384615384,0.5384615384615384,0.3333333333333333,0.42857142857142855,0.6666666666666666,0.5384615384615384,0.5384615384615384,0.6666666666666666,0.3333333333333333
BLR,0.25,0.5384615384615384,0.6666666666666666,0.42857142857142855,0.42857142857142855,0.5384615384615384,0.6666666666666666,0.6666666666666666,1.0,0.5384615384615384,0.25,0.3333333333333333,0.42857142857142855,0.42857142857142855,0.42857142857142855,0.5384615384615384,0.42857142857142855,0.6666666666666666,0.42857142857142855,0.3333333333333333,0.5384615384615384,0.5384615384615384,0.42857142857142855,0.3333333333333333,0.42857142857142855,0.5384615384615384,0.42857142857142855,0.3333333333333333,0.5384615384615384,0.42857142857142855,0.42857142857142855,0.42857142857142855,0.3333333333333333,0.5384615384615384,0.3333333333333333,0.42857142857142855,0.5384615384615384,0.3333333333333333,0.42857142857142855,0.42857142857142855,0.42857142857142855,0.3333333333333333,0.25,0.3333333333333333,0.5384615384615384,0.42857142857142855,0.42857142857142855,0.5384615384615384,0.42857142857142855,0.5384615384615384,0.5384615384615384,0.42857142857142855,0.42857142857142855,0.42857142857142855,0.42857142857142855,0.42857142857142855,0.5384615384615384,0.42857142857142855,0.3333333333333333,0.5384615384615384,0.5384615384615384,0.42857142857142855,0.6666666666666666,0.42857142857142855,0.3333333333333333,0.3333333333333333,0.5384615384615384,0.5384615384615384,0.5384615384615384,0.3333333333333333,0.3333333333333333,0.42857142857142855,0.5384615384615384,0.5384615384615384,0.5384615384615384,0.3333333333333333
BRA,0.42857142857142855,0.6666666666666666,0.6666666666666666,0.6666666666666666,0.3333333333333333,0.5384615384615384,0.42857142857142855,0.5384615384615384,0.5384615384615384,1.0,0.42857142857142855,0.3333333333333333,0.3333333333333333,0.6666666666666666,0.5384615384615384,0.42857142857142855,0.5384615384615384,0.5384615384615384,0.5384615384615384,0.6666666666666666,0.6666666666666666,0.5384615384615384,0.42857142857142855,0.42857142857142855,0.42857142857142855,0.5384615384615384,0.42857142857142855,0.42857142857142855,0.5384615384615384,0.42857142857142855,0.42857142857142855,0.42857142857142855,0.3333333333333333,0.6666666666666666,0.42857142857142855,0.5384615384615384,0.5384615384615384,0.42857142857142855,0.42857142857142855,0.42857142857142855,0.6666666666666666,0.6666666666666666,0.42857142857142855,0.6666666666666666,0.5384615384615384,0.5384615384615384,0.3333333333333333,0.42857142857142855,0.5384615384615384,0.42857142857142855,0.6666666666666666,0.5384615384615384,0.5384615384615384,0.42857142857142855,0.42857142857142855,0.5384615384615384,0.6666666666666666,0.5384615384615384,0.42857142857142855,0.42857142857142855,0.5384615384615384,0.5384615384615384,0.6666666666666666,0.42857142857142855,0.5384615384615384,0.6666666666666666,0.42857142857142855,0.6666666666666666,0.5384615384615384,0.42857142857142855,0.42857142857142855,0.5384615384615384,0.42857142857142855,0.8181818181818182,0.6666666666666666,0.42857142857142855
BRN,0.3333333333333333,0.3333333333333333,0.3333333333333333,0.3333333333333333,0.25,0.25,0.25,0.3333333333333333,0.25,0.42857142857142855,1.0,0.42857142857142855,0.25,0.3333333333333333,0.3333333333333333,0.25,0.42857142857142855,0.3333333333333333,0.25,0.42857142857142855,0.3333333333333333,0.25,0.3333333333333333,0.25,0.3333333333333333,0.42857142857142855,0.42857142857142855,0.42857142857142855,0.3333333333333333,0.25,0.42857142857142855,0.3333333333333333,0.25,0.42857142857142855,0.3333333333333333,0.25,0.42857142857142855,0.3333333333333333,0.3333333333333333,0.25,0.3333333333333333,0.42857142857142855,0.25,0.42857142857142855,0.3333333333333333,0.25,0.3333333333333333,0.3333333333333333,0.42857142857142855,0.25,0.42857142857142855,0.25,0.42857142857142855,0.5384615384615384,0.5384615384615384,0.25,0.25,0.42857142857142855,0.3333333333333333,0.25,0.25,0.5384615384615384,0.3333333333333333,0.3333333333333333,0.5384615384615384,0.42857142857142855,0.25,0.42857142857142855,0.25,0.3333333333333333,0.42857142857142855,0.3333333333333333,0.3333333333333333,0.3333333333333333,0.3333333333333333,0.25
CAN,0.25,0.42857142857142855,0.42857142857142855,0.3333333333333333,0.42857142857142855,0.42857142857142855,0.25,0.5384615384615384,0.3333333333333333,0.3333333333333333,0.42857142857142855,1.0,0.25,0.3333333333333333,0.42857142857142855,0.5384615384615384,0.25,0.3333333333333333,0.3333333333333333,0.3333333333333333,0.42857142857142855,0.42857142857142855,0.42857142857142855,0.3333333333333333,0.6666666666666666,0.3333333333333333,0.3333333333333333,0.5384615384615384,0.42857142857142855,0.3333333333333333,0.42857142857142855,0.5384615384615384,0.42857142857142855,0.25,0.25,0.3333333333333333,0.3333333333333333,0.17647058823529413,0.3333333333333333,0.3333333333333333,0.3333333333333333,0.42857142857142855,0.3333333333333333,0.25,0.5384615384615384,0.3333333333333333,0.42857142857142855,0.42857142857142855,0.6666666666666666,0.25,0.42857142857142855,0.1111111111111111,0.3333333333333333,0.25,0.3333333333333333,0.3333333333333333,0.3333333333333333,0.17647058823529413,0.5384615384615384,0.3333333333333333,0.42857142857142855,0.42857142857142855,0.5384615384615384,0.25,0.42857142857142855,0.25,0.42857142857142855,0.42857142857142855,0.3333333333333333,0.3333333333333333,0.42857142857142855,0.42857142857142855,0.3333333333333333,0.42857142857142855,0.42857142857142855,0.3333333333333333
CHE,0.25,0.3333333333333333,0.25,0.3333333333333333,0.42857142857142855,0.5384615384615384,0.42857142857142855,0.42857142857142855,0.42857142857142855,0.3333333333333333,0.25,0.25,1.0,0.3333333333333333,0.25,0.25,0.3333333333333333,0.5384615384615384,0.3333333333333333,0.3333333333333333,0.42857142857142855,0.5384615384615384,0.25,0.3333333333333333,0.25,0.42857142857142855,0.3333333333333333,0.25,0.42857142857142855,0.42857142857142855,0.42857142857142855,0.3333333333333333,0.25,0.42857142857142855,0.3333333333333333,0.42857142857142855,0.5384615384615384,0.25,0.5384615384615384,0.25,0.42857142857142855,0.17647058823529413,0.3333333333333333,0.3333333333333333,0.25,0.25,0.3333333333333333,0.5384615384615384,0.42857142857142855,0.42857142857142855,0.42857142857142855,0.3333333333333333,0.25,0.3333333333333333,0.3333333333333333,0.25,0.3333333333333333,0.3333333333333333,0.3333333333333333,0.5384615384615384,0.5384615384615384,0.3333333333333333,0.42857142857142855,0.5384615384615384,0.3333333333333333,0.3333333333333333,0.5384615384615384,0.42857142857142855,0.3333333333333333,0.42857142857142855,0.3333333333333333,0.42857142857142855,0.5384615384615384,0.3333333333333333,0.42857142857142855,0.25
CHL,0.3333333333333333,0.6666666666666666,0.5384615384615384,0.5384615384615384,0.42857142857142855,0.5384615384615384,0.3333333333333333,0.42857142857142855,0.42857142857142855,0.6666666666666666,0.3333333333333333,0.3333333333333333,0.3333333333333333,1.0,0.5384615384615384,0.5384615384615384,0.5384615384615384,0.5384615384615384,0.5384615384615384,0.42857142857142855,0.5384615384615384,0.6666666666666666,0.42857142857142855,0.3333333333333333,0.3333333333333333,0.5384615384615384,0.5384615384615384,0.42857142857142855,0.5384615384615384,0.3333333333333333,0.42857142857142855,0.3333333333333333,0.5384615384615384,0.5384615384615384,0.42857142857142855,0.42857142857142855,0.42857142857142855,0.5384615384615384,0.5384615384615384,0.42857142857142855,0.5384615384615384,0.6666666666666666,0.42857142857142855,0.5384615384615384,0.6666666666666666,0.42857142857142855,0.42857142857142855,0.42857142857142855,0.42857142857142855,0.5384615384615384,0.6666666666666666,0.42857142857142855,0.42857142857142855,0.42857142857142855,0.5384615384615384,0.5384615384615384,0.6666666666666666,0.42857142857142855,0.5384615384615384,0.5384615384615384,0.6666666666666666,0.5384615384615384,0.42857142857142855,0.42857142857142855,0.5384615384615384,0.5384615384615384,0.42857142857142855,0.5384615384615384,0.6666666666666666,0.5384615384615384,0.3333333333333333,0.6666666666666666,0.5384615384615384,0.6666666666666666,0.42857142857142855,0.3333333333333333
COL,0.3333333333333333,0.8181818181818182,0.3333333333333333,0.42857142857142855,0.3333333333333333,0.5384615384615384,0.3333333333333333,0.5384615384615384,0.42857142857142855,0.5384615384615384,0.3333333333333333,0.42857142857142855,0.25,0.5384615384615384,1.0,0.5384615384615384,0.25,0.3333333333333333,0.25,0.42857142857142855,0.3333333333333333,0.5384615384615384,0.42857142857142855,0.17647058823529413,0.3333333333333333,0.42857142857142855,0.42857142857142855,0.42857142857142855,0.42857142857142855,0.25,0.6666666666666666,0.3333333333333333,0.42857142857142855,0.42857142857142855,0.42857142857142855,0.3333333333333333,0.5384615384615384,0.42857142857142855,0.5384615384615384,0.42857142857142855,0.42857142857142855,0.5384615384615384,0.42857142857142855,0.3333333333333333,0.5384615384615384,0.3333333333333333,0.3333333333333333,0.5384615384615384,0.5384615384615384,0.42857142857142855,0.5384615384615384,0.25,0.6666666666666666,0.42857142857142855,0.3333333333333333,0.42857142857142855,0.6666666666666666,0.42857142857142855,0.3333333333333333,0.42857142857142855,0.5384615384615384,0.5384615384615384,0.42857142857142855,0.3333333333333333,0.5384615384615384,0.3333333333333333,0.42857142857142855,0.5384615384615384,0.3333333333333333,0.25,0.42857142857142855,0.6666666666666666,0.25,0.6666666666666666,0.42857142857142855,0.3333333333333333
CRI,0.25,0.6666666666666666,0.5384615384615384,0.42857142857142855,0.5384615384615384,0.5384615384615384,0.42857142857142855,0.6666666666666666,0.5384615384615384,0.42857142857142855,0.25,0.5384615384615384,0.25,0.5384615384615384,0.5384615384615384,1.0,0.3333333333333333,0.42857142857142855,0.42857142857142855,0.25,0.42857142857142855,0.5384615384615384,0.5384615384615384,0.3333333333333333,0.42857142857142855,0.42857142857142855,0.42857142857142855,0.5384615384615384,0.42857142857142855,0.3333333333333333,0.42857142857142855,0.42857142857142855,0.5384615384615384,0.3333333333333333,0.3333333333333333,0.3333333333333333,0.42857142857142855,0.3333333333333333,0.42857142857142855,0.3333333333333333,0.3333333333333333,0.42857142857142855,0.3333333333333333,0.3333333333333333,0.8181818181818182,0.42857142857142855,0.5384615384615384,0.42857142857142855,0.42857142857142855,0.42857142857142855,0.5384615384615384,0.17647058823529413,0.42857142857142855,0.3333333333333333,0.42857142857142855,0.42857142857142855,0.5384615384615384,0.3333333333333333,0.42857142857142855,0.42857142857142855,0.5384615384615384,0.5384615384615384,0.5384615384615384,0.3333333333333333,0.42857142857142855,0.25,0.5384615384615384,0.42857142857142855,0.5384615384615384,0.3333333333333333,0.3333333333333333,0.5384615384615384,0.42857142857142855,0.5384615384615384,0.42857142857142855,0.3333333333333333
CZE,0.3333333333333333,0.3333333333333333,0.5384615384615384,0.5384615384615384,0.42857142857142855,0.25,0.5384615384615384,0.3333333333333333,0.42857142857142855,0.5384615384615384,0.42857142857142855,0.25,0.3333333333333333,0.5384615384615384,0.25,0.3333333333333333,1.0,0.5384615384615384,0.6666666666666666,0.3333333333333333,0.5384615384615384,0.3333333333333333,0.42857142857142855,0.3333333333333333,0.3333333333333333,0.42857142857142855,0.42857142857142855,0.3333333333333333,0.5384615384615384,0.5384615384615384,0.25,0.42857142857142855,0.42857142857142855,0.42857142857142855,0.3333333333333333,0.3333333333333333,0.42857142857142855,0.42857142857142855,0.42857142857142855,0.42857142857142855,0.42857142857142855,0.42857142857142855,0.3333333333333333,0.6666666666666666,0.42857142857142855,0.3333333333333333,0.42857142857142855,0.3333333333333333,0.25,0.42857142857142855,0.42857142857142855,0.5384615384615384,0.3333333333333333,0.5384615384615384,0.6666666666666666,0.5384615384615384,0.3333333333333333,0.5384615384615384,0.5384615384615384,0.42857142857142855,0.3333333333333333,0.42857142857142855,0.42857142857142855,0.42857142857142855,0.42857142857142855,0.5384615384615384,0.3333333333333333,0.42857142857142855,0.5384615384615384,0.42857142857142855,0.25,0.3333333333333333,0.6666666666666666,0.42857142857142855,0.3333333333333333,0.3333333333333333
DEU,0.25,0.42857142857142855,0.5384615384615384,0.3333333333333333,0.5384615384615384,0.5384615384615384,0.5384615384615384,0.6666666666666666,0.6666666666666666,0.5384615384615384,0.3333333333333333,0.3333333333333333,0.5384615384615384,0.5384615384615384,0.3333333333333333,0.42857142857142855,0.5384615384615384,1.0,0.5384615384615384,0.42857142857142855,0.8181818181818182,0.6666666666666666,0.42857142857142855,0.42857142857142855,0.42857142857142855,0.5384615384615384,0.42857142857142855,0.3333333333333333,0.6666666666666666,0.5384615384615384,0.42857142857142855,0.42857142857142855,0.42857142857142855,0.6666666666666666,0.42857142857142855,0.42857142857142855,0.5384615384615384,0.42857142857142855,0.5384615384615384,0.42857142857142855,0.42857142857142855,0.3333333333333333,0.3333333333333333,0.3333333333333333,0.5384615384615384,0.3333333333333333,0.5384615384615384,0.5384615384615384,0.42857142857142855,0.5384615384615384,0.5384615384615384,0.42857142857142855,0.3333333333333333,0.3333333333333333,0.6666666666666666,0.42857142857142855,0.42857142857142855,0.42857142857142855,0.5384615384615384,0.6666666666666666,0.6666666666666666,0.42857142857142855,0.6666666666666666,0.6666666666666666,0.42857142857142855,0.5384615384615384,0.6666666666666666,0.5384615384615384,0.6666666666666666,0.5384615384615384,0.3333333333333333,0.5384615384615384,0.8181818181818182,0.42857142857142855,0.5384615384615384,0.25
DNK,0.25,0.3333333333333333,0.6666666666666666,0.5384615384615384,0.5384615384615384,0.3333333333333333,0.42857142857142855,0.42857142857142855,0.42857142857142855,0.5384615384615384,0.25,0.3333333333333333,0.3333333333333333,0.5384615384615384,0.25,0.42857142857142855,0.6666666666666666,0.5384615384615384,1.0,0.3333333333333333,0.6666666666666666,0.42857142857142855,0.5384615384615384,0.42857142857142855,0.42857142857142855,0.3333333333333333,0.25,0.3333333333333333,0.42857142857142855,0.5384615384615384,0.17647058823529413,0.5384615384615384,0.5384615384615384,0.3333333333333333,0.25,0.42857142857142855,0.3333333333333333,0.25,0.3333333333333333,0.3333333333333333,0.42857142857142855,0.42857142857142855,0.3333333333333333,0.5384615384615384,0.5384615384615384,0.5384615384615384,0.42857142857142855,0.3333333333333333,0.3333333333333333,0.42857142857142855,0.42857142857142855,0.42857142857142855,0.25,0.3333333333333333,0.42857142857142855,0.5384615384615384,0.3333333333333333,0.3333333333333333,0.6666666666666666,0.3333333333333333,0.42857142857142855,0.3333333333333333,0.5384615384615384,0.42857142857142855,0.42857142857142855,0.42857142857142855,0.42857142857142855,0.3333333333333333,0.6666666666666666,0.42857142857142855,0.17647058823529413,0.3333333333333333,0.6666666666666666,0.42857142857142855,0.5384615384615384,0.42857142857142855
DOM,0.3333333333333333,0.42857142857142855,0.42857142857142855,0.42857142857142855,0.25,0.42857142857142855,0.3333333333333333,0.42857142857142855,0.3333333333333333,0.6666666666666666,0.42857142857142855,0.3333333333333333,0.3333333333333333,0.42857142857142855,0.42857142857142855,0.25,0.3333333333333333,0.42857142857142855,0.3333333333333333,1.0,0.5384615384615384,0.42857142857142855,0.3333333333333333,0.5384615384615384,0.42857142857142855,0.42857142857142855,0.42857142857142855,0.3333333333333333,0.42857142857142855,0.42857142857142855,0.5384615384615384,0.42857142857142855,0.25,0.6666666666666666,0.42857142857142855,0.3333333333333333,0.42857142857142855,0.3333333333333333,0.3333333333333333,0.3333333333333333,0.42857142857142855,0.5384615384615384,0.42857142857142855,0.42857142857142855,0.3333333333333333,0.3333333333333333,0.25,0.42857142857142855,0.5384615384615384,0.25,0.5384615384615384,0.42857142857142855,0.42857142857142855,0.3333333333333333,0.3333333333333333,0.3333333333333333,0.5384615384615384,0.42857142857142855,0.42857142857142855,0.3333333333333333,0.42857142857142855,0.42857142857142855,0.5384615384615384,0.3333333333333333,0.5384615384615384,0.6666666666666666,0.42857142857142855,0.5384615384615384,0.3333333333333333,0.42857142857142855,0.42857142857142855,0.42857142857142855,0.3333333333333333,0.5384615384615384,0.5384615384615384,0.3333333333333333
ESP,0.3333333333333333,0.42857142857142855,0.6666666666666666,0.42857142857142855,0.5384615384615384,0.5384615384615384,0.42857142857142855,0.6666666666666666,0.5384615384615384,0.6666666666666666,0.3333333333333333,0.42857142857142855,0.42857142857142855,0.5384615384615384,0.3333333333333333,0.42857142857142855,0.5384615384615384,0.8181818181818182,0.6666666666666666,0.5384615384615384,1.0,0.6666666666666666,0.42857142857142855,0.5384615384615384,0.5384615384615384,0.42857142857142855,0.3333333333333333,0.42857142857142855,0.6666666666666666,0.6666666666666666,0.3333333333333333,0.5384615384615384,0.42857142857142855,0.5384615384615384,0.42857142857142855,0.5384615384615384,0.42857142857142855,0.3333333333333333,0.42857142857142855,0.42857142857142855,0.5384615384615384,0.42857142857142855,0.42857142857142855,0.42857142857142855,0.5384615384615384,0.42857142857142855,0.5384615384615384,0.42857142857142855,0.5384615384615384,0.42857142857142855,0.5384615384615384,0.42857142857142855,0.3333333333333333,0.25,0.5384615384615384,0.5384615384615384,0.42857142857142855,0.3333333333333333,0.6666666666666666,0.5384615384615384,0.6666666666666666,0.42857142857142855,0.8181818181818182,0.5384615384615384,0.42857142857142855,0.6666666666666666,0.6666666666666666,0.5384615384615384,0.6666666666666666,0.5384615384615384,0.3333333333333333,0.5384615384615384,0.6666666666666666,0.5384615384615384,0.6666666666666666,0.3333333333333333
EST,0.3333333333333333,0.6666666666666666,0.42857142857142855,0.42857142857142855,0.5384615384615384,0.8181818181818182,0.42857142857142855,0.6666666666666666,0.5384615384615384,0.5384615384615384,0.25,0.42857142857142855,0.5384615384615384,0.6666666666666666,0.5384615384615384,0.5384615384615384,0.3333333333333333,0.6666666666666666,0.42857142857142855,0.42857142857142855,0.6666666666666666,1.0,0.3333333333333333,0.3333333333333333,0.42857142857142855,0.5384615384615384,0.5384615384615384,0.5384615384615384,0.6666666666666666,0.5384615384615384,0.5384615384615384,0.42857142857142855,0.42857142857142855,0.5384615384615384,0.5384615384615384,0.5384615384615384,0.5384615384615384,0.42857142857142855,0.6666666666666666,0.42857142857142855,0.5384615384615384,0.42857142857142855,0.5384615384615384,0.3333333333333333,0.5384615384615384,0.42857142857142855,0.5384615384615384,0.6666666666666666,0.6666666666666666,0.5384615384615384,0.6666666666666666,0.3333333333333333,0.42857142857142855,0.3333333333333333,0.42857142857142855,0.42857142857142855,0.6666666666666666,0.3333333333333333,0.5384615384615384,0.6666666666666666,1.0,0.5384615384615384,0.6666666666666666,0.5384615384615384,0.42857142857142855,0.5384615384615384,0.6666666666666666,0.6666666666666666,0.5384615384615384,0.5384615384615384,0.42857142857142855,0.8181818181818182,0.5384615384615384,0.6666666666666666,0.6666666666666666,0.3333333333333333
FIN,0.17647058823529413,0.42857142857142855,0.5384615384615384,0.42857142857142855,0.5384615384615384,0.3333333333333333,0.42857142857142855,0.5384615384615384,0.42857142857142855,0.42857142857142855,0.3333333333333333,0.42857142857142855,0.25,0.42857142857142855,0.42857142857142855,0.5384615384615384,0.42857142857142855,0.42857142857142855,0.5384615384615384,0.3333333333333333,0.42857142857142855,0.3333333333333333,1.0,0.42857142857142855,0.42857142857142855,0.42857142857142855,0.25,0.3333333333333333,0.25,0.3333333333333333,0.3333333333333333,0.5384615384615384,0.8181818181818182,0.3333333333333333,0.25,0.25,0.42857142857142855,0.25,0.3333333333333333,0.25,0.25,0.42857142857142855,0.25,0.42857142857142855,0.6666666666666666,0.42857142857142855,0.5384615384615384,0.42857142857142855,0.3333333333333333,0.42857142857142855,0.42857142857142855,0.25,0.42857142857142855,0.42857142857142855,0.42857142857142855,0.42857142857142855,0.3333333333333333,0.42857142857142855,0.5384615384615384,0.25,0.3333333333333333,0.42857142857142855,0.42857142857142855,0.42857142857142855,0.6666666666666666,0.25,0.42857142857142855,0.25,0.5384615384615384,0.3333333333333333,0.25,0.3333333333333333,0.5384615384615384,0.3333333333333333,0.3333333333333333,0.42857142857142855
FRA,0.17647058823529413,0.25,0.5384615384615384,0.3333333333333333,0.3333333333333333,0.42857142857142855,0.3333333333333333,0.42857142857142855,0.3333333333333333,0.42857142857142855,0.25,0.3333333333333333,0.3333333333333333,0.3333333333333333,0.17647058823529413,0.3333333333333333,0.3333333333333333,0.42857142857142855,0.42857142857142855,0.5384615384615384,0.5384615384615384,0.3333333333333333,0.42857142857142855,1.0,0.42857142857142855,0.42857142857142855,0.3333333333333333,0.3333333333333333,0.3333333333333333,0.42857142857142855,0.25,0.42857142857142855,0.3333333333333333,0.42857142857142855,0.25,0.25,0.25,0.17647058823529413,0.17647058823529413,0.17647058823529413,0.25,0.3333333333333333,0.25,0.42857142857142855,0.42857142857142855,0.42857142857142855,0.42857142857142855,0.25,0.3333333333333333,0.17647058823529413,0.42857142857142855,0.25,0.17647058823529413,0.17647058823529413,0.3333333333333333,0.42857142857142855,0.3333333333333333,0.25,0.42857142857142855,0.3333333333333333,0.3333333333333333,0.3333333333333333,0.5384615384615384,0.25,0.3333333333333333,0.42857142857142855,0.42857142857142855,0.3333333333333333,0.42857142857142855,0.5384615384615384,0.3333333333333333,0.25,0.42857142857142855,0.3333333333333333,0.42857142857142855,0.25
GBR,0.17647058823529413,0.3333333333333333,0.5384615384615384,0.5384615384615384,0.42857142857142855,0.42857142857142855,0.3333333333333333,0.5384615384615384,0.42857142857142855,0.42857142857142855,0.3333333333333333,0.6666666666666666,0.25,0.3333333333333333,0.3333333333333333,0.42857142857142855,0.3333333333333333,0.42857142857142855,0.42857142857142855,0.42857142857142855,0.5384615384615384,0.42857142857142855,0.42857142857142855,0.42857142857142855,1.0,0.42857142857142855,0.3333333333333333,0.5384615384615384,0.42857142857142855,0.42857142857142855,0.3333333333333333,0.6666666666666666,0.3333333333333333,0.3333333333333333,0.25,0.3333333333333333,0.3333333333333333,0.1111111111111111,0.25,0.42857142857142855,0.3333333333333333,0.42857142857142855,0.25,0.3333333333333333,0.42857142857142855,0.42857142857142855,0.42857142857142855,0.42857142857142855,0.5384615384615384,0.17647058823529413,0.5384615384615384,0.17647058823529413,0.3333333333333333,0.3333333333333333,0.3333333333333333,0.42857142857142855,0.3333333333333333,0.17647058823529413,0.5384615384615384,0.3333333333333333,0.42857142857142855,0.42857142857142855,0.6666666666666666,0.25,0.42857142857142855,0.3333333333333333,0.42857142857142855,0.42857142857142855,0.5384615384615384,0.3333333333333333,0.25,0.3333333333333333,0.42857142857142855,0.42857142857142855,0.5384615384615384,0.42857142857142855
GEO,0.25,0.5384615384615384,0.42857142857142855,0.5384615384615384,0.42857142857142855,0.5384615384615384,0.42857142857142855,0.5384615384615384,0.5384615384615384,0.5384615384615384,0.42857142857142855,0.3333333333333333,0.42857142857142855,0.5384615384615384,0.42857142857142855,0.42857142857142855,0.42857142857142855,0.5384615384615384,0.3333333333333333,0.42857142857142855,0.42857142857142855,0.5384615384615384,0.42857142857142855,0.42857142857142855,0.42857142857142855,1.0,0.6666666666666666,0.42857142857142855,0.5384615384615384,0.3333333333333333,0.5384615384615384,0.42857142857142855,0.3333333333333333,0.6666666666666666,0.42857142857142855,0.3333333333333333,0.6666666666666666,0.3333333333333333,0.5384615384615384,0.3333333333333333,0.42857142857142855,0.42857142857142855,0.3333333333333333,0.42857142857142855,0.42857142857142855,0.5384615384615384,0.5384615384615384,0.5384615384615384,0.42857142857142855,0.3333333333333333,0.8181818181818182,0.3333333333333333,0.42857142857142855,0.5384615384615384,0.5384615384615384,0.5384615384615384,0.5384615384615384,0.42857142857142855,0.3333333333333333,0.5384615384615384,0.5384615384615384,0.6666666666666666,0.5384615384615384,0.42857142857142855,0.5384615384615384,0.42857142857142855,0.42857142857142855,0.6666666666666666,0.42857142857142855,0.5384615384615384,0.5384615384615384,0.5384615384615384,0.5384615384615384,0.5384615384615384,0.5384615384615384,0.3333333333333333
GRC,0.3333333333333333,0.5384615384615384,0.3333333333333333,0.42857142857142855,0.3333333333333333,0.5384615384615384,0.5384615384615384,0.42857142857142855,0.42857142857142855,0.42857142857142855,0.42857142857142855,0.3333333333333333,0.3333333333333333,0.5384615384615384,0.42857142857142855,0.42857142857142855,0.42857142857142855,0.42857142857142855,0.25,0.42857142857142855,0.3333333333333333,0.5384615384615384,0.25,0.3333333333333333,0.3333333333333333,0.6666666666666666,1.0,0.5384615384615384,0.5384615384615384,0.42857142857142855,0.5384615384615384,0.3333333333333333,0.25,0.6666666666666666,0.5384615384615384,0.25,0.5384615384615384,0.5384615384615384,0.5384615384615384,0.3333333333333333,0.3333333333333333,0.42857142857142855,0.42857142857142855,0.42857142857142855,0.42857142857142855,0.3333333333333333,0.42857142857142855,0.5384615384615384,0.42857142857142855,0.3333333333333333,0.6666666666666666,0.3333333333333333,0.42857142857142855,0.5384615384615384,0.5384615384615384,0.3333333333333333,0.6666666666666666,0.5384615384615384,0.3333333333333333,0.5384615384615384,0.5384615384615384,0.6666666666666666,0.42857142857142855,0.3333333333333333,0.42857142857142855,0.5384615384615384,0.3333333333333333,0.6666666666666666,0.3333333333333333,0.42857142857142855,0.5384615384615384,0.5384615384615384,0.42857142857142855,0.5384615384615384,0.42857142857142855,0.25
HKG,0.3333333333333333,0.5384615384615384,0.42857142857142855,0.5384615384615384,0.42857142857142855,0.5384615384615384,0.3333333333333333,0.5384615384615384,0.3333333333333333,0.42857142857142855,0.42857142857142855,0.5384615384615384,0.25,0.42857142857142855,0.42857142857142855,0.5384615384615384,0.3333333333333333,0.3333333333333333,0.3333333333333333,0.3333333333333333,0.42857142857142855,0.5384615384615384,0.3333333333333333,0.3333333333333333,0.5384615384615384,0.42857142857142855,0.5384615384615384,1.0,0.42857142857142855,0.42857142857142855,0.42857142857142855,0.42857142857142855,0.3333333333333333,0.3333333333333333,0.42857142857142855,0.3333333333333333,0.42857142857142855,0.3333333333333333,0.42857142857142855,0.3333333333333333,0.3333333333333333,0.42857142857142855,0.42857142857142855,0.42857142857142855,0.5384615384615384,0.42857142857142855,0.5384615384615384,0.42857142857142855,0.5384615384615384,0.3333333333333333,0.5384615384615384,0.17647058823529413,0.42857142857142855,0.3333333333333333,0.42857142857142855,0.3333333333333333,0.42857142857142855,0.3333333333333333,0.42857142857142855,0.3333333333333333,0.5384615384615384,0.6666666666666666,0.5384615384615384,0.3333333333333333,0.42857142857142855,0.42857142857142855,0.42857142857142855,0.5384615384615384,0.42857142857142855,0.42857142857142855,0.42857142857142855,0.5384615384615384,0.3333333333333333,0.5384615384615384,0.5384615384615384,0.3333333333333333
HRV,0.3333333333333333,0.5384615384615384,0.42857142857142855,0.42857142857142855,0.42857142857142855,0.5384615384615384,0.42857142857142855,0.5384615384615384,0.5384615384615384,0.5384615384615384,0.3333333333333333,0.42857142857142855,0.42857142857142855,0.5384615384615384,0.42857142857142855,0.42857142857142855,0.5384615384615384,0.6666666666666666,0.42857142857142855,0.42857142857142855,0.6666666666666666,0.6666666666666666,0.25,0.3333333333333333,0.42857142857142855,0.5384615384615384,0.5384615384615384,0.42857142857142855,1.0,0.5384615384615384,0.5384615384615384,0.42857142857142855,0.3333333333333333,0.5384615384615384,0.42857142857142855,0.42857142857142855,0.5384615384615384,0.42857142857142855,0.6666666666666666,0.6666666666666666,0.5384615384615384,0.42857142857142855,0.5384615384615384,0.3333333333333333,0.42857142857142855,0.3333333333333333,0.42857142857142855,0.5384615384615384,0.5384615384615384,0.42857142857142855,0.5384615384615384,0.42857142857142855,0.3333333333333333,0.3333333333333333,0.5384615384615384,0.5384615384615384,0.5384615384615384,0.3333333333333333,0.5384615384615384,0.8181818181818182,0.6666666666666666,0.42857142857142855,0.6666666666666666,0.42857142857142855,0.3333333333333333,0.5384615384615384,0.5384615384615384,0.8181818181818182,0.42857142857142855,0.5384615384615384,0.5384615384615384,0.6666666666666666,0.5384615384615384,0.6666666666666666,0.5384615384615384,0.25
HUN,0.42857142857142855,0.3333333333333333,0.42857142857142855,0.42857142857142855,0.5384615384615384,0.42857142857142855,0.6666666666666666,0.5384615384615384,0.42857142857142855,0.42857142857142855,0.25,0.3333333333333333,0.42857142857142855,0.3333333333333333,0.25,0.3333333333333333,0.5384615384615384,0.5384615384615384,0.5384615384615384,0.42857142857142855,0.6666666666666666,0.5384615384615384,0.3333333333333333,0.42857142857142855,0.42857142857142855,0.3333333333333333,0.42857142857142855,0.42857142857142855,0.5384615384615384,1.0,0.25,0.5384615384615384,0.3333333333333333,0.42857142857142855,0.5384615384615384,0.42857142857142855,0.42857142857142855,0.3333333333333333,0.42857142857142855,0.3333333333333333,0.42857142857142855,0.25,0.5384615384615384,0.42857142857142855,0.3333333333333333,0.3333333333333333,0.5384615384615384,0.42857142857142855,0.42857142857142855,0.3333333333333333,0.42857142857142855,0.42857142857142855,0.3333333333333333,0.3333333333333333,0.42857142857142855,0.42857142857142855,0.42857142857142855,0.42857142857142855,0.5384615384615384,0.42857142857142855,0.5384615384615384,0.42857142857142855,0.6666666666666666,0.42857142857142855,0.3333333333333333,0.6666666666666666,0.5384615384615384,0.42857142857142855,0.42857142857142855,0.3333333333333333,0.3333333333333333,0.42857142857142855,0.5384615384615384,0.42857142857142855,0.5384615384615384,0.3333333333333333
IDN,0.25,0.6666666666666666,0.25,0.3333333333333333,0.3333333333333333,0.5384615384615384,0.3333333333333333,0.5384615384615384,0.42857142857142855,0.42857142857142855,0.42857142857142855,0.42857142857142855,0.42857142857142855,0.42857142857142855,0.6666666666666666,0.42857142857142855,0.25,0.42857142857142855,0.17647058823529413,0.5384615384615384,0.3333333333333333,0.5384615384615384,0.3333333333333333,0.25,0.3333333333333333,0.5384615384615384,0.5384615384615384,0.42857142857142855,0.5384615384615384,0.25,1.0,0.3333333333333333,0.3333333333333333,0.5384615384615384,0.42857142857142855,0.25,0.6666666666666666,0.42857142857142855,0.6666666666666666,0.42857142857142855,0.3333333333333333,0.42857142857142855,0.42857142857142855,0.25,0.42857142857142855,0.25,0.3333333333333333,0.6666666666666666,0.5384615384615384,0.42857142857142855,0.5384615384615384,0.25,0.5384615384615384,0.42857142857142855,0.42857142857142855,0.25,0.5384615384615384,0.42857142857142855,0.3333333333333333,0.5384615384615384,0.5384615384615384,0.5384615384615384,0.42857142857142855,0.42857142857142855,0.5384615384615384,0.3333333333333333,0.5384615384615384,0.6666666666666666,0.25,0.42857142857142855,0.5384615384615384,0.6666666666666666,0.3333333333333333,0.5384615384615384,0.42857142857142855,0.25
IRL,0.25,0.3333333333333333,0.5384615384615384,0.5384615384615384,0.5384615384615384,0.42857142857142855,0.42857142857142855,0.5384615384615384,0.42857142857142855,0.42857142857142855,0.3333333333333333,0.5384615384615384,0.3333333333333333,0.3333333333333333,0.3333333333333333,0.42857142857142855,0.42857142857142855,0.42857142857142855,0.5384615384615384,0.42857142857142855,0.5384615384615384,0.42857142857142855,0.5384615384615384,0.42857142857142855,0.6666666666666666,0.42857142857142855,0.3333333333333333,0.42857142857142855,0.42857142857142855,0.5384615384615384,0.3333333333333333,1.0,0.42857142857142855,0.3333333333333333,0.3333333333333333,0.3333333333333333,0.42857142857142855,0.1111111111111111,0.3333333333333333,0.42857142857142855,0.3333333333333333,0.42857142857142855,0.3333333333333333,0.42857142857142855,0.42857142857142855,0.42857142857142855,0.42857142857142855,0.5384615384615384,0.5384615384615384,0.25,0.5384615384615384,0.3333333333333333,0.3333333333333333,0.42857142857142855,0.3333333333333333,0.42857142857142855,0.3333333333333333,0.25,0.6666666666666666,0.3333333333333333,0.42857142857142855,0.42857142857142855,0.6666666666666666,0.42857142857142855,0.5384615384615384,0.3333333333333333,0.42857142857142855,0.42857142857142855,0.42857142857142855,0.3333333333333333,0.25,0.3333333333333333,0.5384615384615384,0.42857142857142855,0.5384615384615384,0.5384615384615384
ISL,0.17647058823529413,0.42857142857142855,0.42857142857142855,0.3333333333333333,0.5384615384615384,0.3333333333333333,0.3333333333333333,0.42857142857142855,0.3333333333333333,0.3333333333333333,0.25,0.42857142857142855,0.25,0.5384615384615384,0.42857142857142855,0.5384615384615384,0.42857142857142855,0.42857142857142855,0.5384615384615384,0.25,0.42857142857142855,0.42857142857142855,0.8181818181818182,0.3333333333333333,0.3333333333333333,0.3333333333333333,0.25,0.3333333333333333,0.3333333333333333,0.3333333333333333,0.3333333333333333,0.42857142857142855,1.0,0.25,0.25,0.25,0.3333333333333333,0.3333333333333333,0.42857142857142855,0.3333333333333333,0.25,0.42857142857142855,0.3333333333333333,0.3333333333333333,0.6666666666666666,0.3333333333333333,0.5384615384615384,0.42857142857142855,0.3333333333333333,0.5384615384615384,0.3333333333333333,0.25,0.3333333333333333,0.3333333333333333,0.42857142857142855,0.42857142857142855,0.3333333333333333,0.3333333333333333,0.6666666666666666,0.3333333333333333,0.42857142857142855,0.3333333333333333,0.3333333333333333,0.42857142857142855,0.5384615384615384,0.25,0.42857142857142855,0.25,0.5384615384615384,0.42857142857142855,0.25,0.42857142857142855,0.5384615384615384,0.3333333333333333,0.25,0.3333333333333333
ITA,0.3333333333333333,0.5384615384615384,0.42857142857142855,0.42857142857142855,0.3333333333333333,0.5384615384615384,0.5384615384615384,0.5384615384615384,0.5384615384615384,0.6666666666666666,0.42857142857142855,0.25,0.42857142857142855,0.5384615384615384,0.42857142857142855,0.3333333333333333,0.42857142857142855,0.6666666666666666,0.3333333333333333,0.6666666666666666,0.5384615384615384,0.5384615384615384,0.3333333333333333,0.42857142857142855,0.3333333333333333,0.6666666666666666,0.6666666666666666,0.3333333333333333,0.5384615384615384,0.42857142857142855,0.5384615384615384,0.3333333333333333,0.25,1.0,0.5384615384615384,0.3333333333333333,0.6666666666666666,0.5384615384615384,0.5384615384615384,0.3333333333333333,0.42857142857142855,0.42857142857142855,0.42857142857142855,0.42857142857142855,0.42857142857142855,0.3333333333333333,0.3333333333333333,0.5384615384615384,0.42857142857142855,0.42857142857142855,0.6666666666666666,0.5384615384615384,0.42857142857142855,0.42857142857142855,0.5384615384615384,0.3333333333333333,0.6666666666666666,0.6666666666666666,0.3333333333333333,0.5384615384615384,0.5384615384615384,0.5384615384615384,0.5384615384615384,0.5384615384615384,0.5384615384615384,0.6666666666666666,0.42857142857142855,0.6666666666666666,0.42857142857142855,0.42857142857142855,0.5384615384615384,0.5384615384615384,0.5384615384615384,0.5384615384615384,0.5384615384615384,0.25
JOR,0.6666666666666666,0.5384615384615384,0.25,0.3333333333333333,0.42857142857142855,0.42857142857142855,0.42857142857142855,0.5384615384615384,0.3333333333333333,0.42857142857142855,0.3333333333333333,0.25,0.3333333333333333,0.42857142857142855,0.42857142857142855,0.3333333333333333,0.3333333333333333,0.42857142857142855,0.25,0.42857142857142855,0.42857142857142855,0.5384615384615384,0.25,0.25,0.25,0.42857142857142855,0.5384615384615384,0.42857142857142855,0.42857142857142855,0.5384615384615384,0.42857142857142855,0.3333333333333333,0.25,0.5384615384615384,1.0,0.3333333333333333,0.5384615384615384,0.5384615384615384,0.5384615384615384,0.3333333333333333,0.42857142857142855,0.25,0.5384615384615384,0.3333333333333333,0.3333333333333333,0.25,0.5384615384615384,0.3333333333333333,0.3333333333333333,0.3333333333333333,0.5384615384615384,0.42857142857142855,0.5384615384615384,0.3333333333333333,0.5384615384615384,0.3333333333333333,0.5384615384615384,0.5384615384615384,0.25,0.42857142857142855,0.5384615384615384,0.6666666666666666,0.42857142857142855,0.5384615384615384,0.42857142857142855,0.6666666666666666,0.5384615384615384,0.42857142857142855,0.3333333333333333,0.25,0.42857142857142855,0.6666666666666666,0.3333333333333333,0.42857142857142855,0.42857142857142855,0.17647058823529413
JPN,0.5384615384615384,0.42857142857142855,0.42857142857142855,0.42857142857142855,0.42857142857142855,0.42857142857142855,0.3333333333333333,0.42857142857142855,0.42857142857142855,0.5384615384615384,0.25,0.3333333333333333,0.42857142857142855,0.42857142857142855,0.3333333333333333,0.3333333333333333,0.3333333333333333,0.42857142857142855,0.42857142857142855,0.3333333333333333,0.5384615384615384,0.5384615384615384,0.25,0.25,0.3333333333333333,0.3333333333333333,0.25,0.3333333333333333,0.42857142857142855,0.42857142857142855,0.25,0.3333333333333333,0.25,0.3333333333333333,0.3333333333333333,1.0,0.3333333333333333,0.3333333333333333,0.3333333333333333,0.3333333333333333,0.6666666666666666,0.3333333333333333,0.3333333333333333,0.3333333333333333,0.3333333333333333,0.42857142857142855,0.3333333333333333,0.3333333333333333,0.5384615384615384,0.3333333333333333,0.42857142857142855,0.3333333333333333,0.3333333333333333,0.25,0.25,0.42857142857142855,0.42857142857142855,0.25,0.3333333333333333,0.3333333333333333,0.5384615384615384,0.3333333333333333,0.5384615384615384,0.3333333333333333,0.25,0.42857142857142855,0.42857142857142855,0.42857142857142855,0.42857142857142855,0.3333333333333333,0.3333333333333333,0.42857142857142855,0.3333333333333333,0.5384615384615384,0.5384615384615384,0.3333333333333333
KAZ,0.3333333333333333,0.6666666666666666,0.3333333333333333,0.5384615384615384,0.5384615384615384,0.5384615384615384,0.5384615384615384,0.6666666666666666,0.5384615384615384,0.5384615384615384,0.42857142857142855,0.3333333333333333,0.5384615384615384,0.42857142857142855,0.5384615384615384,0.42857142857142855,0.42857142857142855,0.5384615384615384,0.3333333333333333,0.42857142857142855,0.42857142857142855,0.5384615384615384,0.42857142857142855,0.25,0.3333333333333333,0.6666666666666666,0.5384615384615384,0.42857142857142855,0.5384615384615384,0.42857142857142855,0.6666666666666666,0.42857142857142855,0.3333333333333333,0.6666666666666666,0.5384615384615384,0.3333333333333333,1.0,0.42857142857142855,0.8181818181818182,0.3333333333333333,0.42857142857142855,0.3333333333333333,0.5384615384615384,0.42857142857142855,0.42857142857142855,0.3333333333333333,0.42857142857142855,0.6666666666666666,0.42857142857142855,0.5384615384615384,0.6666666666666666,0.42857142857142855,0.5384615384615384,0.5384615384615384,0.5384615384615384,0.3333333333333333,0.5384615384615384,0.6666666666666666,0.3333333333333333,0.5384615384615384,0.5384615384615384,0.6666666666666666,0.5384615384615384,0.6666666666666666,0.6666666666666666,0.42857142857142855,0.5384615384615384,0.6666666666666666,0.3333333333333333,0.3333333333333333,0.5384615384615384,0.6666666666666666,0.5384615384615384,0.5384615384615384,0.5384615384615384,0.3333333333333333
KSV,0.5384615384615384,0.5384615384615384,0.25,0.25,0.25,0.3333333333333333,0.42857142857142855,0.3333333333333333,0.3333333333333333,0.42857142857142855,0.3333333333333333,0.17647058823529413,0.25,0.5384615384615384,0.42857142857142855,0.3333333333333333,0.42857142857142855,0.42857142857142855,0.25,0.3333333333333333,0.3333333333333333,0.42857142857142855,0.25,0.17647058823529413,0.1111111111111111,0.3333333333333333,0.5384615384615384,0.3333333333333333,0.42857142857142855,0.3333333333333333,0.42857142857142855,0.1111111111111111,0.3333333333333333,0.5384615384615384,0.5384615384615384,0.3333333333333333,0.42857142857142855,1.0,0.5384615384615384,0.3333333333333333,0.3333333333333333,0.3333333333333333,0.42857142857142855,0.3333333333333333,0.42857142857142855,0.17647058823529413,0.3333333333333333,0.3333333333333333,0.25,0.5384615384615384,0.3333333333333333,0.42857142857142855,0.42857142857142855,0.3333333333333333,0.5384615384615384,0.25,0.5384615384615384,0.6666666666666666,0.25,0.42857142857142855,0.42857142857142855,0.42857142857142855,0.25,0.42857142857142855,0.3333333333333333,0.5384615384615384,0.3333333333333333,0.42857142857142855,0.3333333333333333,0.3333333333333333,0.42857142857142855,0.5384615384615384,0.3333333333333333,0.42857142857142855,0.25,0.1111111111111111
LTU,0.3333333333333333,0.6666666666666666,0.25,0.42857142857142855,0.5384615384615384,0.5384615384615384,0.42857142857142855,0.5384615384615384,0.42857142857142855,0.42857142857142855,0.3333333333333333,0.3333333333333333,0.5384615384615384,0.5384615384615384,0.5384615384615384,0.42857142857142855,0.42857142857142855,0.5384615384615384,0.3333333333333333,0.3333333333333333,0.42857142857142855,0.6666666666666666,0.3333333333333333,0.17647058823529413,0.25,0.5384615384615384,0.5384615384615384,0.42857142857142855,0.6666666666666666,0.42857142857142855,0.6666666666666666,0.3333333333333333,0.42857142857142855,0.5384615384615384,0.5384615384615384,0.3333333333333333,0.8181818181818182,0.5384615384615384,1.0,0.42857142857142855,0.42857142857142855,0.3333333333333333,0.6666666666666666,0.3333333333333333,0.42857142857142855,0.25,0.42857142857142855,0.6666666666666666,0.42857142857142855,0.6666666666666666,0.5384615384615384,0.42857142857142855,0.42857142857142855,0.42857142857142855,0.5384615384615384,0.3333333333333333,0.5384615384615384,0.5384615384615384,0.42857142857142855,0.6666666666666666,0.6666666666666666,0.5384615384615384,0.42857142857142855,0.6666666666666666,0.5384615384615384,0.42857142857142855,0.5384615384615384,0.6666666666666666,0.3333333333333333,0.42857142857142855,0.5384615384615384,0.8181818181818182,0.5384615384615384,0.5384615384615384,0.42857142857142855,0.25
LUX,0.3333333333333333,0.42857142857142855,0.3333333333333333,0.42857142857142855,0.25,0.3333333333333333,0.3333333333333333,0.3333333333333333,0.42857142857142855,0.42857142857142855,0.25,0.3333333333333333,0.25,0.42857142857142855,0.42857142857142855,0.3333333333333333,0.42857142857142855,0.42857142857142855,0.3333333333333333,0.3333333333333333,0.42857142857142855,0.42857142857142855,0.25,0.17647058823529413,0.42857142857142855,0.3333333333333333,0.3333333333333333,0.3333333333333333,0.6666666666666666,0.3333333333333333,0.42857142857142855,0.42857142857142855,0.3333333333333333,0.3333333333333333,0.3333333333333333,0.3333333333333333,0.3333333333333333,0.3333333333333333,0.42857142857142855,1.0,0.42857142857142855,0.42857142857142855,0.3333333333333333,0.25,0.3333333333333333,0.25,0.25,0.42857142857142855,0.42857142857142855,0.3333333333333333,0.3333333333333333,0.42857142857142855,0.3333333333333333,0.3333333333333333,0.3333333333333333,0.42857142857142855,0.42857142857142855,0.25,0.42857142857142855,0.5384615384615384,0.42857142857142855,0.25,0.42857142857142855,0.3333333333333333,0.25,0.3333333333333333,0.3333333333333333,0.5384615384615384,0.42857142857142855,0.3333333333333333,0.3333333333333333,0.42857142857142855,0.3333333333333333,0.5384615384615384,0.3333333333333333,0.25
LVA,0.5384615384615384,0.5384615384615384,0.42857142857142855,0.5384615384615384,0.3333333333333333,0.42857142857142855,0.3333333333333333,0.42857142857142855,0.42857142857142855,0.6666666666666666,0.3333333333333333,0.3333333333333333,0.42857142857142855,0.5384615384615384,0.42857142857142855,0.3333333333333333,0.42857142857142855,0.42857142857142855,0.42857142857142855,0.42857142857142855,0.5384615384615384,0.5384615384615384,0.25,0.25,0.3333333333333333,0.42857142857142855,0.3333333333333333,0.3333333333333333,0.5384615384615384,0.42857142857142855,0.3333333333333333,0.3333333333333333,0.25,0.42857142857142855,0.42857142857142855,0.6666666666666666,0.42857142857142855,0.3333333333333333,0.42857142857142855,0.42857142857142855,1.0,0.42857142857142855,0.42857142857142855,0.42857142857142855,0.3333333333333333,0.42857142857142855,0.3333333333333333,0.3333333333333333,0.5384615384615384,0.3333333333333333,0.5384615384615384,0.42857142857142855,0.42857142857142855,0.3333333333333333,0.3333333333333333,0.5384615384615384,0.5384615384615384,0.3333333333333333,0.3333333333333333,0.42857142857142855,0.5384615384615384,0.42857142857142855,0.5384615384615384,0.3333333333333333,0.3333333333333333,0.5384615384615384,0.42857142857142855,0.5384615384615384,0.42857142857142855,0.3333333333333333,0.42857142857142855,0.5384615384615384,0.3333333333333333,0.6666666666666666,0.5384615384615384,0.42857142857142855
MAC,0.25,0.5384615384615384,0.5384615384615384,0.5384615384615384,0.25,0.42857142857142855,0.25,0.3333333333333333,0.3333333333333333,0.6666666666666666,0.42857142857142855,0.42857142857142855,0.17647058823529413,0.6666666666666666,0.5384615384615384,0.42857142857142855,0.42857142857142855,0.3333333333333333,0.42857142857142855,0.5384615384615384,0.42857142857142855,0.42857142857142855,0.42857142857142855,0.3333333333333333,0.42857142857142855,0.42857142857142855,0.42857142857142855,0.42857142857142855,0.42857142857142855,0.25,0.42857142857142855,0.42857142857142855,0.42857142857142855,0.42857142857142855,0.25,0.3333333333333333,0.3333333333333333,0.3333333333333333,0.3333333333333333,0.42857142857142855,0.42857142857142855,1.0,0.3333333333333333,0.5384615384615384,0.5384615384615384,0.42857142857142855,0.25,0.42857142857142855,0.5384615384615384,0.3333333333333333,0.5384615384615384,0.3333333333333333,0.42857142857142855,0.42857142857142855,0.3333333333333333,0.42857142857142855,0.5384615384615384,0.3333333333333333,0.5384615384615384,0.3333333333333333,0.42857142857142855,0.42857142857142855,0.42857142857142855,0.25,0.5384615384615384,0.42857142857142855,0.25,0.5384615384615384,0.42857142857142855,0.42857142857142855,0.3333333333333333,0.42857142857142855,0.3333333333333333,0.6666666666666666,0.42857142857142855,0.5384615384615384
MAR,0.42857142857142855,0.5384615384615384,0.25,0.42857142857142855,0.42857142857142855,0.42857142857142855,0.3333333333333333,0.42857142857142855,0.25,0.42857142857142855,0.25,0.3333333333333333,0.3333333333333333,0.42857142857142855,0.42857142857142855,0.3333333333333333,0.3333333333333333,0.3333333333333333,0.3333333333333333,0.42857142857142855,0.42857142857142855,0.5384615384615384,0.25,0.25,0.25,0.3333333333333333,0.42857142857142855,0.42857142857142855,0.5384615384615384,0.5384615384615384,0.42857142857142855,0.3333333333333333,0.3333333333333333,0.42857142857142855,0.5384615384615384,0.3333333333333333,0.5384615384615384,0.42857142857142855,0.6666666666666666,0.3333333333333333,0.42857142857142855,0.3333333333333333,1.0,0.3333333333333333,0.3333333333333333,0.25,0.3333333333333333,0.42857142857142855,0.42857142857142855,0.42857142857142855,0.42857142857142855,0.42857142857142855,0.42857142857142855,0.25,0.3333333333333333,0.3333333333333333,0.5384615384615384,0.42857142857142855,0.42857142857142855,0.42857142857142855,0.5384615384615384,0.42857142857142855,0.42857142857142855,0.42857142857142855,0.42857142857142855,0.5384615384615384,0.42857142857142855,0.5384615384615384,0.25,0.3333333333333333,0.5384615384615384,0.6666666666666666,0.3333333333333333,0.5384615384615384,0.42857142857142855,0.25
MDA,0.3333333333333333,0.42857142857142855,0.5384615384615384,0.6666666666666666,0.3333333333333333,0.42857142857142855,0.42857142857142855,0.3333333333333333,0.3333333333333333,0.6666666666666666,0.42857142857142855,0.25,0.3333333333333333,0.5384615384615384,0.3333333333333333,0.3333333333333333,0.6666666666666666,0.3333333333333333,0.5384615384615384,0.42857142857142855,0.42857142857142855,0.3333333333333333,0.42857142857142855,0.42857142857142855,0.3333333333333333,0.42857142857142855,0.42857142857142855,0.42857142857142855,0.3333333333333333,0.42857142857142855,0.25,0.42857142857142855,0.3333333333333333,0.42857142857142855,0.3333333333333333,0.3333333333333333,0.42857142857142855,0.3333333333333333,0.3333333333333333,0.25,0.42857142857142855,0.5384615384615384,0.3333333333333333,1.0,0.42857142857142855,0.42857142857142855,0.3333333333333333,0.3333333333333333,0.3333333333333333,0.3333333333333333,0.5384615384615384,0.42857142857142855,0.42857142857142855,0.5384615384615384,0.42857142857142855,0.42857142857142855,0.42857142857142855,0.5384615384615384,0.42857142857142855,0.3333333333333333,0.3333333333333333,0.5384615384615384,0.42857142857142855,0.3333333333333333,0.5384615384615384,0.5384615384615384,0.25,0.42857142857142855,0.42857142857142855,0.3333333333333333,0.25,0.3333333333333333,0.42857142857142855,0.5384615384615384,0.42857142857142855,0.42857142857142855
MEX,0.25,0.6666666666666666,0.6666666666666666,0.42857142857142855,0.5384615384615384,0.5384615384615384,0.42857142857142855,0.6666666666666666,0.5384615384615384,0.5384615384615384,0.3333333333333333,0.5384615384615384,0.25,0.6666666666666666,0.5384615384615384,0.8181818181818182,0.42857142857142855,0.5384615384615384,0.5384615384615384,0.3333333333333333,0.5384615384615384,0.5384615384615384,0.6666666666666666,0.42857142857142855,0.42857142857142855,0.42857142857142855,0.42857142857142855,0.5384615384615384,0.42857142857142855,0.3333333333333333,0.42857142857142855,0.42857142857142855,0.6666666666666666,0.42857142857142855,0.3333333333333333,0.3333333333333333,0.42857142857142855,0.42857142857142855,0.42857142857142855,0.3333333333333333,0.3333333333333333,0.5384615384615384,0.3333333333333333,0.42857142857142855,1.0,0.42857142857142855,0.5384615384615384,0.42857142857142855,0.42857142857142855,0.5384615384615384,0.5384615384615384,0.25,0.42857142857142855,0.3333333333333333,0.5384615384615384,0.42857142857142855,0.5384615384615384,0.42857142857142855,0.5384615384615384,0.42857142857142855,0.5384615384615384,0.5384615384615384,0.5384615384615384,0.42857142857142855,0.5384615384615384,0.3333333333333333,0.5384615384615384,0.42857142857142855,0.6666666666666666,0.42857142857142855,0.3333333333333333,0.5384615384615384,0.5384615384615384,0.5384615384615384,0.42857142857142855,0.3333333333333333
MLT,0.25,0.42857142857142855,0.5384615384615384,0.5384615384615384,0.3333333333333333,0.42857142857142855,0.3333333333333333,0.42857142857142855,0.42857142857142855,0.5384615384615384,0.25,0.3333333333333333,0.25,0.42857142857142855,0.3333333333333333,0.42857142857142855,0.3333333333333333,0.3333333333333333,0.5384615384615384,0.3333333333333333,0.42857142857142855,0.42857142857142855,0.42857142857142855,0.42857142857142855,0.42857142857142855,0.5384615384615384,0.3333333333333333,0.42857142857142855,0.3333333333333333,0.3333333333333333,0.25,0.42857142857142855,0.3333333333333333,0.3333333333333333,0.25,0.42857142857142855,0.3333333333333333,0.17647058823529413,0.25,0.25,0.42857142857142855,0.42857142857142855,0.25,0.42857142857142855,0.42857142857142855,1.0,0.42857142857142855,0.3333333333333333,0.42857142857142855,0.25,0.5384615384615384,0.25,0.3333333333333333,0.3333333333333333,0.25,0.5384615384615384,0.42857142857142855,0.25,0.3333333333333333,0.25,0.42857142857142855,0.42857142857142855,0.5384615384615384,0.25,0.3333333333333333,0.3333333333333333,0.3333333333333333,0.42857142857142855,0.42857142857142855,0.42857142857142855,0.3333333333333333,0.3333333333333333,0.3333333333333333,0.5384615384615384,0.6666666666666666,0.42857142857142855
MNE,0.3333333333333333,0.42857142857142855,0.42857142857142855,0.3333333333333333,0.6666666666666666,0.42857142857142855,0.42857142857142855,0.6666666666666666,0.42857142857142855,0.3333333333333333,0.3333333333333333,0.42857142857142855,0.3333333333333333,0.42857142857142855,0.3333333333333333,0.5384615384615384,0.42857142857142855,0.5384615384615384,0.42857142857142855,0.25,0.5384615384615384,0.5384615384615384,0.5384615384615384,0.42857142857142855,0.42857142857142855,0.5384615384615384,0.42857142857142855,0.5384615384615384,0.42857142857142855,0.5384615384615384,0.3333333333333333,0.42857142857142855,0.5384615384615384,0.3333333333333333,0.5384615384615384,0.3333333333333333,0.42857142857142855,0.3333333333333333,0.42857142857142855,0.25,0.3333333333333333,0.25,0.3333333333333333,0.3333333333333333,0.5384615384615384,0.42857142857142855,1.0,0.3333333333333333,0.3333333333333333,0.3333333333333333,0.5384615384615384,0.17647058823529413,0.42857142857142855,0.3333333333333333,0.6666666666666666,0.5384615384615384,0.3333333333333333,0.3333333333333333,0.42857142857142855,0.42857142857142855,0.5384615384615384,0.6666666666666666,0.5384615384615384,0.42857142857142855,0.42857142857142855,0.42857142857142855,0.6666666666666666,0.3333333333333333,0.5384615384615384,0.42857142857142855,0.3333333333333333,0.5384615384615384,0.5384615384615384,0.3333333333333333,0.42857142857142855,0.25
MYS,0.17647058823529413,0.5384615384615384,0.3333333333333333,0.42857142857142855,0.42857142857142855,0.6666666666666666,0.5384615384615384,0.5384615384615384,0.5384615384615384,0.42857142857142855,0.3333333333333333,0.42857142857142855,0.5384615384615384,0.42857142857142855,0.5384615384615384,0.42857142857142855,0.3333333333333333,0.5384615384615384,0.3333333333333333,0.42857142857142855,0.42857142857142855,0.6666666666666666,0.42857142857142855,0.25,0.42857142857142855,0.5384615384615384,0.5384615384615384,0.42857142857142855,0.5384615384615384,0.42857142857142855,0.6666666666666666,0.5384615384615384,0.42857142857142855,0.5384615384615384,0.3333333333333333,0.3333333333333333,0.6666666666666666,0.3333333333333333,0.6666666666666666,0.42857142857142855,0.3333333333333333,0.42857142857142855,0.42857142857142855,0.3333333333333333,0.42857142857142855,0.3333333333333333,0.3333333333333333,1.0,0.6666666666666666,0.5384615384615384,0.5384615384615384,0.3333333333333333,0.42857142857142855,0.5384615384615384,0.3333333333333333,0.25,0.5384615384615384,0.42857142857142855,0.5384615384615384,0.5384615384615384,0.6666666666666666,0.42857142857142855,0.5384615384615384,0.5384615384615384,0.5384615384615384,0.3333333333333333,0.42857142857142855,0.6666666666666666,0.3333333333333333,0.42857142857142855,0.42857142857142855,0.5384615384615384,0.5384615384615384,0.5384615384615384,0.5384615384615384,0.42857142857142855
NLD,0.3333333333333333,0.5384615384615384,0.42857142857142855,0.42857142857142855,0.3333333333333333,0.6666666666666666,0.3333333333333333,0.5384615384615384,0.42857142857142855,0.5384615384615384,0.42857142857142855,0.6666666666666666,0.42857142857142855,0.42857142857142855,0.5384615384615384,0.42857142857142855,0.25,0.42857142857142855,0.3333333333333333,0.5384615384615384,0.5384615384615384,0.6666666666666666,0.3333333333333333,0.3333333333333333,0.5384615384615384,0.42857142857142855,0.42857142857142855,0.5384615384615384,0.5384615384615384,0.42857142857142855,0.5384615384615384,0.5384615384615384,0.3333333333333333,0.42857142857142855,0.3333333333333333,0.5384615384615384,0.42857142857142855,0.25,0.42857142857142855,0.42857142857142855,0.5384615384615384,0.5384615384615384,0.42857142857142855,0.3333333333333333,0.42857142857142855,0.42857142857142855,0.3333333333333333,0.6666666666666666,1.0,0.3333333333333333,0.5384615384615384,0.25,0.42857142857142855,0.3333333333333333,0.25,0.3333333333333333,0.5384615384615384,0.25,0.5384615384615384,0.42857142857142855,0.6666666666666666,0.42857142857142855,0.6666666666666666,0.3333333333333333,0.42857142857142855,0.42857142857142855,0.42857142857142855,0.6666666666666666,0.3333333333333333,0.42857142857142855,0.5384615384615384,0.5384615384615384,0.3333333333333333,0.6666666666666666,0.6666666666666666,0.42857142857142855
NOR,0.25,0.5384615384615384,0.42857142857142855,0.3333333333333333,0.42857142857142855,0.42857142857142855,0.42857142857142855,0.42857142857142855,0.5384615384615384,0.42857142857142855,0.25,0.25,0.42857142857142855,0.5384615384615384,0.42857142857142855,0.42857142857142855,0.42857142857142855,0.5384615384615384,0.42857142857142855,0.25,0.42857142857142855,0.5384615384615384,0.42857142857142855,0.17647058823529413,0.17647058823529413,0.3333333333333333,0.3333333333333333,0.3333333333333333,0.42857142857142855,0.3333333333333333,0.42857142857142855,0.25,0.5384615384615384,0.42857142857142855,0.3333333333333333,0.3333333333333333,0.5384615384615384,0.5384615384615384,0.6666666666666666,0.3333333333333333,0.3333333333333333,0.3333333333333333,0.42857142857142855,0.3333333333333333,0.5384615384615384,0.25,0.3333333333333333,0.5384615384615384,0.3333333333333333,1.0,0.3333333333333333,0.5384615384615384,0.3333333333333333,0.3333333333333333,0.42857142857142855,0.25,0.42857142857142855,0.5384615384615384,0.42857142857142855,0.42857142857142855,0.5384615384615384,0.3333333333333333,0.3333333333333333,0.6666666666666666,0.42857142857142855,0.3333333333333333,0.42857142857142855,0.42857142857142855,0.42857142857142855,0.42857142857142855,0.3333333333333333,0.5384615384615384,0.5384615384615384,0.42857142857142855,0.3333333333333333,0.25
NZL,0.3333333333333333,0.6666666666666666,0.5384615384615384,0.6666666666666666,0.5384615384615384,0.6666666666666666,0.42857142857142855,0.6666666666666666,0.5384615384615384,0.6666666666666666,0.42857142857142855,0.42857142857142855,0.42857142857142855,0.6666666666666666,0.5384615384615384,0.5384615384615384,0.42857142857142855,0.5384615384615384,0.42857142857142855,0.5384615384615384,0.5384615384615384,0.6666666666666666,0.42857142857142855,0.42857142857142855,0.5384615384615384,0.8181818181818182,0.6666666666666666,0.5384615384615384,0.5384615384615384,0.42857142857142855,0.5384615384615384,0.5384615384615384,0.3333333333333333,0.6666666666666666,0.5384615384615384,0.42857142857142855,0.6666666666666666,0.3333333333333333,0.5384615384615384,0.3333333333333333,0.5384615384615384,0.5384615384615384,0.42857142857142855,0.5384615384615384,0.5384615384615384,0.5384615384615384,0.5384615384615384,0.5384615384615384,0.5384615384615384,0.3333333333333333,1.0,0.3333333333333333,0.5384615384615384,0.5384615384615384,0.5384615384615384,0.5384615384615384,0.6666666666666666,0.42857142857142855,0.42857142857142855,0.5384615384615384,0.6666666666666666,0.8181818181818182,0.6666666666666666,0.42857142857142855,0.6666666666666666,0.5384615384615384,0.5384615384615384,0.6666666666666666,0.5384615384615384,0.42857142857142855,0.42857142857142855,0.6666666666666666,0.5384615384615384,0.6666666666666666,0.6666666666666666,0.42857142857142855
PAN,0.42857142857142855,0.3333333333333333,0.42857142857142855,0.42857142857142855,0.25,0.25,0.42857142857142855,0.25,0.42857142857142855,0.5384615384615384,0.25,0.1111111111111111,0.3333333333333333,0.42857142857142855,0.25,0.17647058823529413,0.5384615384615384,0.42857142857142855,0.42857142857142855,0.42857142857142855,0.42857142857142855,0.3333333333333333,0.25,0.25,0.17647058823529413,0.3333333333333333,0.3333333333333333,0.17647058823529413,0.42857142857142855,0.42857142857142855,0.25,0.3333333333333333,0.25,0.5384615384615384,0.42857142857142855,0.3333333333333333,0.42857142857142855,0.42857142857142855,0.42857142857142855,0.42857142857142855,0.42857142857142855,0.3333333333333333,0.42857142857142855,0.42857142857142855,0.25,0.25,0.17647058823529413,0.3333333333333333,0.25,0.5384615384615384,0.3333333333333333,1.0,0.25,0.3333333333333333,0.3333333333333333,0.3333333333333333,0.42857142857142855,0.5384615384615384,0.3333333333333333,0.3333333333333333,0.3333333333333333,0.25,0.3333333333333333,0.5384615384615384,0.3333333333333333,0.5384615384615384,0.25,0.42857142857142855,0.3333333333333333,0.3333333333333333,0.3333333333333333,0.3333333333333333,0.42857142857142855,0.42857142857142855,0.3333333333333333,0.25
PER,0.42857142857142855,0.6666666666666666,0.3333333333333333,0.42857142857142855,0.3333333333333333,0.42857142857142855,0.42857142857142855,0.5384615384615384,0.42857142857142855,0.5384615384615384,0.42857142857142855,0.3333333333333333,0.25,0.42857142857142855,0.6666666666666666,0.42857142857142855,0.3333333333333333,0.3333333333333333,0.25,0.42857142857142855,0.3333333333333333,0.42857142857142855,0.42857142857142855,0.17647058823529413,0.3333333333333333,0.42857142857142855,0.42857142857142855,0.42857142857142855,0.3333333333333333,0.3333333333333333,0.5384615384615384,0.3333333333333333,0.3333333333333333,0.42857142857142855,0.5384615384615384,0.3333333333333333,0.5384615384615384,0.42857142857142855,0.42857142857142855,0.3333333333333333,0.42857142857142855,0.42857142857142855,0.42857142857142855,0.42857142857142855,0.42857142857142855,0.3333333333333333,0.42857142857142855,0.42857142857142855,0.42857142857142855,0.3333333333333333,0.5384615384615384,0.25,1.0,0.5384615384615384,0.42857142857142855,0.3333333333333333,0.5384615384615384,0.5384615384615384,0.25,0.3333333333333333,0.42857142857142855,0.6666666666666666,0.42857142857142855,0.3333333333333333,0.5384615384615384,0.42857142857142855,0.42857142857142855,0.42857142857142855,0.3333333333333333,0.17647058823529413,0.3333333333333333,0.5384615384615384,0.25,0.5384615384615384,0.42857142857142855,0.3333333333333333
PHL,0.25,0.42857142857142855,0.3333333333333333,0.5384615384615384,0.3333333333333333,0.3333333333333333,0.5384615384615384,0.3333333333333333,0.42857142857142855,0.42857142857142855,0.5384615384615384,0.25,0.3333333333333333,0.42857142857142855,0.42857142857142855,0.3333333333333333,0.5384615384615384,0.3333333333333333,0.3333333333333333,0.3333333333333333,0.25,0.3333333333333333,0.42857142857142855,0.17647058823529413,0.3333333333333333,0.5384615384615384,0.5384615384615384,0.3333333333333333,0.3333333333333333,0.3333333333333333,0.42857142857142855,0.42857142857142855,0.3333333333333333,0.42857142857142855,0.3333333333333333,0.25,0.5384615384615384,0.3333333333333333,0.42857142857142855,0.3333333333333333,0.3333333333333333,0.42857142857142855,0.25,0.5384615384615384,0.3333333333333333,0.3333333333333333,0.3333333333333333,0.5384615384615384,0.3333333333333333,0.3333333333333333,0.5384615384615384,0.3333333333333333,0.5384615384615384,1.0,0.42857142857142855,0.3333333333333333,0.42857142857142855,0.5384615384615384,0.3333333333333333,0.3333333333333333,0.3333333333333333,0.5384615384615384,0.3333333333333333,0.3333333333333333,0.5384615384615384,0.3333333333333333,0.25,0.42857142857142855,0.3333333333333333,0.25,0.25,0.3333333333333333,0.42857142857142855,0.42857142857142855,0.3333333333333333,0.42857142857142855
POL,0.3333333333333333,0.42857142857142855,0.42857142857142855,0.3333333333333333,0.5384615384615384,0.3333333333333333,0.42857142857142855,0.5384615384615384,0.42857142857142855,0.42857142857142855,0.5384615384615384,0.3333333333333333,0.3333333333333333,0.5384615384615384,0.3333333333333333,0.42857142857142855,0.6666666666666666,0.6666666666666666,0.42857142857142855,0.3333333333333333,0.5384615384615384,0.42857142857142855,0.42857142857142855,0.3333333333333333,0.3333333333333333,0.5384615384615384,0.5384615384615384,0.42857142857142855,0.5384615384615384,0.42857142857142855,0.42857142857142855,0.3333333333333333,0.42857142857142855,0.5384615384615384,0.5384615384615384,0.25,0.5384615384615384,0.5384615384615384,0.5384615384615384,0.3333333333333333,0.3333333333333333,0.3333333333333333,0.3333333333333333,0.42857142857142855,0.5384615384615384,0.25,0.6666666666666666,0.3333333333333333,0.25,0.42857142857142855,0.5384615384615384,0.3333333333333333,0.42857142857142855,0.42857142857142855,1.0,0.42857142857142855,0.3333333333333333,0.5384615384615384,0.42857142857142855,0.5384615384615384,0.42857142857142855,0.6666666666666666,0.42857142857142855,0.5384615384615384,0.5384615384615384,0.5384615384615384,0.5384615384615384,0.42857142857142855,0.5384615384615384,0.42857142857142855,0.3333333333333333,0.5384615384615384,0.6666666666666666,0.3333333333333333,0.3333333333333333,0.17647058823529413
PRT,0.3333333333333333,0.42857142857142855,0.5384615384615384,0.5384615384615384,0.42857142857142855,0.3333333333333333,0.3333333333333333,0.42857142857142855,0.42857142857142855,0.5384615384615384,0.25,0.3333333333333333,0.25,0.5384615384615384,0.42857142857142855,0.42857142857142855,0.5384615384615384,0.42857142857142855,0.5384615384615384,0.3333333333333333,0.5384615384615384,0.42857142857142855,0.42857142857142855,0.42857142857142855,0.42857142857142855,0.5384615384615384,0.3333333333333333,0.3333333333333333,0.5384615384615384,0.42857142857142855,0.25,0.42857142857142855,0.42857142857142855,0.3333333333333333,0.3333333333333333,0.42857142857142855,0.3333333333333333,0.25,0.3333333333333333,0.42857142857142855,0.5384615384615384,0.42857142857142855,0.3333333333333333,0.42857142857142855,0.42857142857142855,0.5384615384615384,0.5384615384615384,0.25,0.3333333333333333,0.25,0.5384615384615384,0.3333333333333333,0.3333333333333333,0.3333333333333333,0.42857142857142855,1.0,0.42857142857142855,0.25,0.42857142857142855,0.42857142857142855,0.42857142857142855,0.42857142857142855,0.5384615384615384,0.25,0.3333333333333333,0.42857142857142855,0.42857142857142855,0.42857142857142855,0.5384615384615384,0.42857142857142855,0.3333333333333333,0.42857142857142855,0.42857142857142855,0.5384615384615384,0.42857142857142855,0.3333333333333333
QAT,0.42857142857142855,0.8181818181818182,0.42857142857142855,0.5384615384615384,0.3333333333333333,0.6666666666666666,0.5384615384615384,0.5384615384615384,0.5384615384615384,0.6666666666666666,0.25,0.3333333333333333,0.3333333333333333,0.6666666666666666,0.6666666666666666,0.5384615384615384,0.3333333333333333,0.42857142857142855,0.3333333333333333,0.5384615384615384,0.42857142857142855,0.6666666666666666,0.3333333333333333,0.3333333333333333,0.3333333333333333,0.5384615384615384,0.6666666666666666,0.42857142857142855,0.5384615384615384,0.42857142857142855,0.5384615384615384,0.3333333333333333,0.3333333333333333,0.6666666666666666,0.5384615384615384,0.42857142857142855,0.5384615384615384,0.5384615384615384,0.5384615384615384,0.42857142857142855,0.5384615384615384,0.5384615384615384,0.5384615384615384,0.42857142857142855,0.5384615384615384,0.42857142857142855,0.3333333333333333,0.5384615384615384,0.5384615384615384,0.42857142857142855,0.6666666666666666,0.42857142857142855,0.5384615384615384,0.42857142857142855,0.3333333333333333,0.42857142857142855,1.0,0.5384615384615384,0.3333333333333333,0.5384615384615384,0.6666666666666666,0.5384615384615384,0.5384615384615384,0.3333333333333333,0.42857142857142855,0.5384615384615384,0.42857142857142855,0.6666666666666666,0.42857142857142855,0.3333333333333333,0.5384615384615384,0.6666666666666666,0.3333333333333333,0.8181818181818182,0.5384615384615384,0.3333333333333333
QAZ,0.42857142857142855,0.5384615384615384,0.3333333333333333,0.42857142857142855,0.3333333333333333,0.3333333333333333,0.6666666666666666,0.42857142857142855,0.42857142857142855,0.5384615384615384,0.42857142857142855,0.17647058823529413,0.3333333333333333,0.42857142857142855,0.42857142857142855,0.3333333333333333,0.5384615384615384,0.42857142857142855,0.3333333333333333,0.42857142857142855,0.3333333333333333,0.3333333333333333,0.42857142857142855,0.25,0.17647058823529413,0.42857142857142855,0.5384615384615384,0.3333333333333333,0.3333333333333333,0.42857142857142855,0.42857142857142855,0.25,0.3333333333333333,0.6666666666666666,0.5384615384615384,0.25,0.6666666666666666,0.6666666666666666,0.5384615384615384,0.25,0.3333333333333333,0.3333333333333333,0.42857142857142855,0.5384615384615384,0.42857142857142855,0.25,0.3333333333333333,0.42857142857142855,0.25,0.5384615384615384,0.42857142857142855,0.5384615384615384,0.5384615384615384,0.5384615384615384,0.5384615384615384,0.25,0.5384615384615384,1.0,0.25,0.3333333333333333,0.3333333333333333,0.5384615384615384,0.3333333333333333,0.5384615384615384,0.5384615384615384,0.5384615384615384,0.3333333333333333,0.42857142857142855,0.3333333333333333,0.25,0.42857142857142855,0.42857142857142855,0.42857142857142855,0.42857142857142855,0.3333333333333333,0.25
QCI,0.17647058823529413,0.3333333333333333,0.5384615384615384,0.42857142857142855,0.5384615384615384,0.42857142857142855,0.3333333333333333,0.42857142857142855,0.3333333333333333,0.42857142857142855,0.3333333333333333,0.5384615384615384,0.3333333333333333,0.5384615384615384,0.3333333333333333,0.42857142857142855,0.5384615384615384,0.5384615384615384,0.6666666666666666,0.42857142857142855,0.6666666666666666,0.5384615384615384,0.5384615384615384,0.42857142857142855,0.5384615384615384,0.3333333333333333,0.3333333333333333,0.42857142857142855,0.5384615384615384,0.5384615384615384,0.3333333333333333,0.6666666666666666,0.6666666666666666,0.3333333333333333,0.25,0.3333333333333333,0.3333333333333333,0.25,0.42857142857142855,0.42857142857142855,0.3333333333333333,0.5384615384615384,0.42857142857142855,0.42857142857142855,0.5384615384615384,0.3333333333333333,0.42857142857142855,0.5384615384615384,0.5384615384615384,0.42857142857142855,0.42857142857142855,0.3333333333333333,0.25,0.3333333333333333,0.42857142857142855,0.42857142857142855,0.3333333333333333,0.25,1.0,0.42857142857142855,0.5384615384615384,0.3333333333333333,0.5384615384615384,0.42857142857142855,0.5384615384615384,0.42857142857142855,0.42857142857142855,0.42857142857142855,0.5384615384615384,0.5384615384615384,0.25,0.42857142857142855,0.6666666666666666,0.42857142857142855,0.42857142857142855,0.42857142857142855
QMR,0.25,0.5384615384615384,0.3333333333333333,0.3333333333333333,0.42857142857142855,0.6666666666666666,0.42857142857142855,0.5384615384615384,0.5384615384615384,0.42857142857142855,0.25,0.3333333333333333,0.5384615384615384,0.5384615384615384,0.42857142857142855,0.42857142857142855,0.42857142857142855,0.6666666666666666,0.3333333333333333,0.3333333333333333,0.5384615384615384,0.6666666666666666,0.25,0.3333333333333333,0.3333333333333333,0.5384615384615384,0.5384615384615384,0.3333333333333333,0.8181818181818182,0.42857142857142855,0.5384615384615384,0.3333333333333333,0.3333333333333333,0.5384615384615384,0.42857142857142855,0.3333333333333333,0.5384615384615384,0.42857142857142855,0.6666666666666666,0.5384615384615384,0.42857142857142855,0.3333333333333333,0.42857142857142855,0.3333333333333333,0.42857142857142855,0.25,0.42857142857142855,0.5384615384615384,0.42857142857142855,0.42857142857142855,0.5384615384615384,0.3333333333333333,0.3333333333333333,0.3333333333333333,0.5384615384615384,0.42857142857142855,0.5384615384615384,0.3333333333333333,0.42857142857142855,1.0,0.6666666666666666,0.42857142857142855,0.5384615384615384,0.42857142857142855,0.3333333333333333,0.42857142857142855,0.5384615384615384,0.6666666666666666,0.42857142857142855,0.42857142857142855,0.42857142857142855,0.6666666666666666,0.5384615384615384,0.5384615384615384,0.42857142857142855,0.17647058823529413
QRT,0.3333333333333333,0.6666666666666666,0.42857142857142855,0.42857142857142855,0.5384615384615384,0.8181818181818182,0.42857142857142855,0.6666666666666666,0.5384615384615384,0.5384615384615384,0.25,0.42857142857142855,0.5384615384615384,0.6666666666666666,0.5384615384615384,0.5384615384615384,0.3333333333333333,0.6666666666666666,0.42857142857142855,0.42857142857142855,0.6666666666666666,1.0,0.3333333333333333,0.3333333333333333,0.42857142857142855,0.5384615384615384,0.5384615384615384,0.5384615384615384,0.6666666666666666,0.5384615384615384,0.5384615384615384,0.42857142857142855,0.42857142857142855,0.5384615384615384,0.5384615384615384,0.5384615384615384,0.5384615384615384,0.42857142857142855,0.6666666666666666,0.42857142857142855,0.5384615384615384,0.42857142857142855,0.5384615384615384,0.3333333333333333,0.5384615384615384,0.42857142857142855,0.5384615384615384,0.6666666666666666,0.6666666666666666,0.5384615384615384,0.6666666666666666,0.3333333333333333,0.42857142857142855,0.3333333333333333,0.42857142857142855,0.42857142857142855,0.6666666666666666,0.3333333333333333,0.5384615384615384,0.6666666666666666,1.0,0.5384615384615384,0.6666666666666666,0.5384615384615384,0.42857142857142855,0.5384615384615384,0.6666666666666666,0.6666666666666666,0.5384615384615384,0.5384615384615384,0.42857142857142855,0.8181818181818182,0.5384615384615384,0.6666666666666666,0.6666666666666666,0.3333333333333333
ROU,0.42857142857142855,0.6666666666666666,0.42857142857142855,0.5384615384615384,0.5384615384615384,0.5384615384615384,0.42857142857142855,0.6666666666666666,0.42857142857142855,0.5384615384615384,0.5384615384615384,0.42857142857142855,0.3333333333333333,0.5384615384615384,0.5384615384615384,0.5384615384615384,0.42857142857142855,0.42857142857142855,0.3333333333333333,0.42857142857142855,0.42857142857142855,0.5384615384615384,0.42857142857142855,0.3333333333333333,0.42857142857142855,0.6666666666666666,0.6666666666666666,0.6666666666666666,0.42857142857142855,0.42857142857142855,0.5384615384615384,0.42857142857142855,0.3333333333333333,0.5384615384615384,0.6666666666666666,0.3333333333333333,0.6666666666666666,0.42857142857142855,0.5384615384615384,0.25,0.42857142857142855,0.42857142857142855,0.42857142857142855,0.5384615384615384,0.5384615384615384,0.42857142857142855,0.6666666666666666,0.42857142857142855,0.42857142857142855,0.3333333333333333,0.8181818181818182,0.25,0.6666666666666666,0.5384615384615384,0.6666666666666666,0.42857142857142855,0.5384615384615384,0.5384615384615384,0.3333333333333333,0.42857142857142855,0.5384615384615384,1.0,0.5384615384615384,0.42857142857142855,0.6666666666666666,0.5384615384615384,0.5384615384615384,0.5384615384615384,0.42857142857142855,0.3333333333333333,0.42857142857142855,0.6666666666666666,0.42857142857142855,0.5384615384615384,0.5384615384615384,0.3333333333333333
RUS,0.3333333333333333,0.5384615384615384,0.6666666666666666,0.5384615384615384,0.5384615384615384,0.6666666666666666,0.5384615384615384,0.8181818181818182,0.6666666666666666,0.6666666666666666,0.3333333333333333,0.5384615384615384,0.42857142857142855,0.42857142857142855,0.42857142857142855,0.5384615384615384,0.42857142857142855,0.6666666666666666,0.5384615384615384,0.5384615384615384,0.8181818181818182,0.6666666666666666,0.42857142857142855,0.5384615384615384,0.6666666666666666,0.5384615384615384,0.42857142857142855,0.5384615384615384,0.6666666666666666,0.6666666666666666,0.42857142857142855,0.6666666666666666,0.3333333333333333,0.5384615384615384,0.42857142857142855,0.5384615384615384,0.5384615384615384,0.25,0.42857142857142855,0.42857142857142855,0.5384615384615384,0.42857142857142855,0.42857142857142855,0.42857142857142855,0.5384615384615384,0.5384615384615384,0.5384615384615384,0.5384615384615384,0.6666666666666666,0.3333333333333333,0.6666666666666666,0.3333333333333333,0.42857142857142855,0.3333333333333333,0.42857142857142855,0.5384615384615384,0.5384615384615384,0.3333333333333333,0.5384615384615384,0.5384615384615384,0.6666666666666666,0.5384615384615384,1.0,0.42857142857142855,0.42857142857142855,0.5384615384615384,0.6666666666666666,0.6666666666666666,0.5384615384615384,0.42857142857142855,0.42857142857142855,0.5384615384615384,0.5384615384615384,0.6666666666666666,0.8181818181818182,0.42857142857142855
SAU,0.3333333333333333,0.42857142857142855,0.3333333333333333,0.3333333333333333,0.5384615384615384,0.42857142857142855,0.42857142857142855,0.5384615384615384,0.42857142857142855,0.42857142857142855,0.3333333333333333,0.25,0.5384615384615384,0.42857142857142855,0.3333333333333333,0.3333333333333333,0.42857142857142855,0.6666666666666666,0.42857142857142855,0.3333333333333333,0.5384615384615384,0.5384615384615384,0.42857142857142855,0.25,0.25,0.42857142857142855,0.3333333333333333,0.3333333333333333,0.42857142857142855,0.42857142857142855,0.42857142857142855,0.42857142857142855,0.42857142857142855,0.5384615384615384,0.5384615384615384,0.3333333333333333,0.6666666666666666,0.42857142857142855,0.6666666666666666,0.3333333333333333,0.3333333333333333,0.25,0.42857142857142855,0.3333333333333333,0.42857142857142855,0.25,0.42857142857142855,0.5384615384615384,0.3333333333333333,0.6666666666666666,0.42857142857142855,0.5384615384615384,0.3333333333333333,0.3333333333333333,0.5384615384615384,0.25,0.3333333333333333,0.5384615384615384,0.42857142857142855,0.42857142857142855,0.5384615384615384,0.42857142857142855,0.42857142857142855,1.0,0.5384615384615384,0.42857142857142855,0.5384615384615384,0.42857142857142855,0.42857142857142855,0.42857142857142855,0.3333333333333333,0.5384615384615384,0.6666666666666666,0.3333333333333333,0.42857142857142855,0.25
SGP,0.25,0.5384615384615384,0.42857142857142855,0.5384615384615384,0.5384615384615384,0.42857142857142855,0.3333333333333333,0.5384615384615384,0.3333333333333333,0.5384615384615384,0.5384615384615384,0.42857142857142855,0.3333333333333333,0.5384615384615384,0.5384615384615384,0.42857142857142855,0.42857142857142855,0.42857142857142855,0.42857142857142855,0.5384615384615384,0.42857142857142855,0.42857142857142855,0.6666666666666666,0.3333333333333333,0.42857142857142855,0.5384615384615384,0.42857142857142855,0.42857142857142855,0.3333333333333333,0.3333333333333333,0.5384615384615384,0.5384615384615384,0.5384615384615384,0.5384615384615384,0.42857142857142855,0.25,0.6666666666666666,0.3333333333333333,0.5384615384615384,0.25,0.3333333333333333,0.5384615384615384,0.42857142857142855,0.5384615384615384,0.5384615384615384,0.3333333333333333,0.42857142857142855,0.5384615384615384,0.42857142857142855,0.42857142857142855,0.6666666666666666,0.3333333333333333,0.5384615384615384,0.5384615384615384,0.5384615384615384,0.3333333333333333,0.42857142857142855,0.5384615384615384,0.5384615384615384,0.3333333333333333,0.42857142857142855,0.6666666666666666,0.42857142857142855,0.5384615384615384,1.0,0.42857142857142855,0.42857142857142855,0.42857142857142855,0.42857142857142855,0.3333333333333333,0.3333333333333333,0.5384615384615384,0.5384615384615384,0.42857142857142855,0.42857142857142855,0.42857142857142855
SRB,0.5384615384615384,0.42857142857142855,0.42857142857142855,0.42857142857142855,0.3333333333333333,0.42857142857142855,0.42857142857142855,0.42857142857142855,0.3333333333333333,0.6666666666666666,0.42857142857142855,0.25,0.3333333333333333,0.5384615384615384,0.3333333333333333,0.25,0.5384615384615384,0.5384615384615384,0.42857142857142855,0.6666666666666666,0.6666666666666666,0.5384615384615384,0.25,0.42857142857142855,0.3333333333333333,0.42857142857142855,0.5384615384615384,0.42857142857142855,0.5384615384615384,0.6666666666666666,0.3333333333333333,0.3333333333333333,0.25,0.6666666666666666,0.6666666666666666,0.42857142857142855,0.42857142857142855,0.5384615384615384,0.42857142857142855,0.3333333333333333,0.5384615384615384,0.42857142857142855,0.5384615384615384,0.5384615384615384,0.3333333333333333,0.3333333333333333,0.42857142857142855,0.3333333333333333,0.42857142857142855,0.3333333333333333,0.5384615384615384,0.5384615384615384,0.42857142857142855,0.3333333333333333,0.5384615384615384,0.42857142857142855,0.5384615384615384,0.5384615384615384,0.42857142857142855,0.42857142857142855,0.5384615384615384,0.5384615384615384,0.5384615384615384,0.42857142857142855,0.42857142857142855,1.0,0.42857142857142855,0.5384615384615384,0.42857142857142855,0.42857142857142855,0.42857142857142855,0.5384615384615384,0.42857142857142855,0.5384615384615384,0.5384615384615384,0.25
SVK,0.3333333333333333,0.5384615384615384,0.42857142857142855,0.3333333333333333,0.6666666666666666,0.5384615384615384,0.42857142857142855,0.8181818181818182,0.5384615384615384,0.42857142857142855,0.25,0.42857142857142855,0.5384615384615384,0.42857142857142855,0.42857142857142855,0.5384615384615384,0.3333333333333333,0.6666666666666666,0.42857142857142855,0.42857142857142855,0.6666666666666666,0.6666666666666666,0.42857142857142855,0.42857142857142855,0.42857142857142855,0.42857142857142855,0.3333333333333333,0.42857142857142855,0.5384615384615384,0.5384615384615384,0.5384615384615384,0.42857142857142855,0.42857142857142855,0.42857142857142855,0.5384615384615384,0.42857142857142855,0.5384615384615384,0.3333333333333333,0.5384615384615384,0.3333333333333333,0.42857142857142855,0.25,0.42857142857142855,0.25,0.5384615384615384,0.3333333333333333,0.6666666666666666,0.42857142857142855,0.42857142857142855,0.42857142857142855,0.5384615384615384,0.25,0.42857142857142855,0.25,0.5384615384615384,0.42857142857142855,0.42857142857142855,0.3333333333333333,0.42857142857142855,0.5384615384615384,0.6666666666666666,0.5384615384615384,0.6666666666666666,0.5384615384615384,0.42857142857142855,0.42857142857142855,1.0,0.42857142857142855,0.5384615384615384,0.42857142857142855,0.3333333333333333,0.6666666666666666,0.5384615384615384,0.42857142857142855,0.5384615384615384,0.25
SVN,0.3333333333333333,0.6666666666666666,0.42857142857142855,0.5384615384615384,0.3333333333333333,0.6666666666666666,0.42857142857142855,0.5384615384615384,0.5384615384615384,0.6666666666666666,0.42857142857142855,0.42857142857142855,0.42857142857142855,0.5384615384615384,0.5384615384615384,0.42857142857142855,0.42857142857142855,0.5384615384615384,0.3333333333333333,0.5384615384615384,0.5384615384615384,0.6666666666666666,0.25,0.3333333333333333,0.42857142857142855,0.6666666666666666,0.6666666666666666,0.5384615384615384,0.8181818181818182,0.42857142857142855,0.6666666666666666,0.42857142857142855,0.25,0.6666666666666666,0.42857142857142855,0.42857142857142855,0.6666666666666666,0.42857142857142855,0.6666666666666666,0.5384615384615384,0.5384615384615384,0.5384615384615384,0.5384615384615384,0.42857142857142855,0.42857142857142855,0.42857142857142855,0.3333333333333333,0.6666666666666666,0.6666666666666666,0.42857142857142855,0.6666666666666666,0.42857142857142855,0.42857142857142855,0.42857142857142855,0.42857142857142855,0.42857142857142855,0.6666666666666666,0.42857142857142855,0.42857142857142855,0.6666666666666666,0.6666666666666666,0.5384615384615384,0.6666666666666666,0.42857142857142855,0.42857142857142855,0.5384615384615384,0.42857142857142855,1.0,0.3333333333333333,0.5384615384615384,0.6666666666666666,0.6666666666666666,0.42857142857142855,0.8181818181818182,0.6666666666666666,0.3333333333333333
SWE,0.25,0.42857142857142855,0.6666666666666666,0.5384615384615384,0.5384615384615384,0.42857142857142855,0.42857142857142855,0.5384615384615384,0.5384615384615384,0.5384615384615384,0.25,0.3333333333333333,0.3333333333333333,0.6666666666666666,0.3333333333333333,0.5384615384615384,0.5384615384615384,0.6666666666666666,0.6666666666666666,0.3333333333333333,0.6666666666666666,0.5384615384615384,0.5384615384615384,0.42857142857142855,0.5384615384615384,0.42857142857142855,0.3333333333333333,0.42857142857142855,0.42857142857142855,0.42857142857142855,0.25,0.42857142857142855,0.5384615384615384,0.42857142857142855,0.3333333333333333,0.42857142857142855,0.3333333333333333,0.3333333333333333,0.3333333333333333,0.42857142857142855,0.42857142857142855,0.42857142857142855,0.25,0.42857142857142855,0.6666666666666666,0.42857142857142855,0.5384615384615384,0.3333333333333333,0.3333333333333333,0.42857142857142855,0.5384615384615384,0.3333333333333333,0.3333333333333333,0.3333333333333333,0.5384615384615384,0.5384615384615384,0.42857142857142855,0.3333333333333333,0.5384615384615384,0.42857142857142855,0.5384615384615384,0.42857142857142855,0.5384615384615384,0.42857142857142855,0.42857142857142855,0.42857142857142855,0.5384615384615384,0.3333333333333333,1.0,0.42857142857142855,0.17647058823529413,0.42857142857142855,0.6666666666666666,0.42857142857142855,0.42857142857142855,0.3333333333333333
TAP,0.17647058823529413,0.3333333333333333,0.42857142857142855,0.3333333333333333,0.3333333333333333,0.42857142857142855,0.25,0.3333333333333333,0.3333333333333333,0.42857142857142855,0.3333333333333333,0.3333333333333333,0.42857142857142855,0.5384615384615384,0.25,0.3333333333333333,0.42857142857142855,0.5384615384615384,0.42857142857142855,0.42857142857142855,0.5384615384615384,0.5384615384615384,0.3333333333333333,0.5384615384615384,0.3333333333333333,0.5384615384615384,0.42857142857142855,0.42857142857142855,0.5384615384615384,0.3333333333333333,0.42857142857142855,0.3333333333333333,0.42857142857142855,0.42857142857142855,0.25,0.3333333333333333,0.3333333333333333,0.3333333333333333,0.42857142857142855,0.3333333333333333,0.3333333333333333,0.42857142857142855,0.3333333333333333,0.3333333333333333,0.42857142857142855,0.42857142857142855,0.42857142857142855,0.42857142857142855,0.42857142857142855,0.42857142857142855,0.42857142857142855,0.3333333333333333,0.17647058823529413,0.25,0.42857142857142855,0.42857142857142855,0.3333333333333333,0.25,0.5384615384615384,0.42857142857142855,0.5384615384615384,0.3333333333333333,0.42857142857142855,0.42857142857142855,0.3333333333333333,0.42857142857142855,0.42857142857142855,0.5384615384615384,0.42857142857142855,1.0,0.42857142857142855,0.42857142857142855,0.5384615384615384,0.42857142857142855,0.42857142857142855,0.25
THA,0.42857142857142855,0.5384615384615384,0.25,0.3333333333333333,0.25,0.42857142857142855,0.3333333333333333,0.42857142857142855,0.3333333333333333,0.42857142857142855,0.42857142857142855,0.42857142857142855,0.3333333333333333,0.3333333333333333,0.42857142857142855,0.3333333333333333,0.25,0.3333333333333333,0.17647058823529413,0.42857142857142855,0.3333333333333333,0.42857142857142855,0.25,0.3333333333333333,0.25,0.5384615384615384,0.5384615384615384,0.42857142857142855,0.5384615384615384,0.3333333333333333,0.5384615384615384,0.25,0.25,0.5384615384615384,0.42857142857142855,0.3333333333333333,0.5384615384615384,0.42857142857142855,0.5384615384615384,0.3333333333333333,0.42857142857142855,0.3333333333333333,0.5384615384615384,0.25,0.3333333333333333,0.3333333333333333,0.3333333333333333,0.42857142857142855,0.5384615384615384,0.3333333333333333,0.42857142857142855,0.3333333333333333,0.3333333333333333,0.25,0.3333333333333333,0.3333333333333333,0.5384615384615384,0.42857142857142855,0.25,0.42857142857142855,0.42857142857142855,0.42857142857142855,0.42857142857142855,0.3333333333333333,0.3333333333333333,0.42857142857142855,0.3333333333333333,0.6666666666666666,0.17647058823529413,0.42857142857142855,1.0,0.5384615384615384,0.25,0.5384615384615384,0.42857142857142855,0.17647058823529413
TUR,0.42857142857142855,0.8181818181818182,0.3333333333333333,0.42857142857142855,0.5384615384615384,0.6666666666666666,0.3333333333333333,0.6666666666666666,0.42857142857142855,0.5384615384615384,0.3333333333333333,0.42857142857142855,0.42857142857142855,0.6666666666666666,0.6666666666666666,0.5384615384615384,0.3333333333333333,0.5384615384615384,0.3333333333333333,0.42857142857142855,0.5384615384615384,0.8181818181818182,0.3333333333333333,0.25,0.3333333333333333,0.5384615384615384,0.5384615384615384,0.5384615384615384,0.6666666666666666,0.42857142857142855,0.6666666666666666,0.3333333333333333,0.42857142857142855,0.5384615384615384,0.6666666666666666,0.42857142857142855,0.6666666666666666,0.5384615384615384,0.8181818181818182,0.42857142857142855,0.5384615384615384,0.42857142857142855,0.6666666666666666,0.3333333333333333,0.5384615384615384,0.3333333333333333,0.5384615384615384,0.5384615384615384,0.5384615384615384,0.5384615384615384,0.6666666666666666,0.3333333333333333,0.5384615384615384,0.3333333333333333,0.5384615384615384,0.42857142857142855,0.6666666666666666,0.42857142857142855,0.42857142857142855,0.6666666666666666,0.8181818181818182,0.6666666666666666,0.5384615384615384,0.5384615384615384,0.5384615384615384,0.5384615384615384,0.6666666666666666,0.6666666666666666,0.42857142857142855,0.42857142857142855,0.5384615384615384,1.0,0.42857142857142855,0.6666666666666666,0.5384615384615384,0.25
UKR,0.17647058823529413,0.3333333333333333,0.5384615384615384,0.42857142857142855,0.6666666666666666,0.42857142857142855,0.5384615384615384,0.5384615384615384,0.5384615384615384,0.42857142857142855,0.3333333333333333,0.3333333333333333,0.5384615384615384,0.5384615384615384,0.25,0.42857142857142855,0.6666666666666666,0.8181818181818182,0.6666666666666666,0.3333333333333333,0.6666666666666666,0.5384615384615384,0.5384615384615384,0.42857142857142855,0.42857142857142855,0.5384615384615384,0.42857142857142855,0.3333333333333333,0.5384615384615384,0.5384615384615384,0.3333333333333333,0.5384615384615384,0.5384615384615384,0.5384615384615384,0.3333333333333333,0.3333333333333333,0.5384615384615384,0.3333333333333333,0.5384615384615384,0.3333333333333333,0.3333333333333333,0.3333333333333333,0.3333333333333333,0.42857142857142855,0.5384615384615384,0.3333333333333333,0.5384615384615384,0.5384615384615384,0.3333333333333333,0.5384615384615384,0.5384615384615384,0.42857142857142855,0.25,0.42857142857142855,0.6666666666666666,0.42857142857142855,0.3333333333333333,0.42857142857142855,0.6666666666666666,0.5384615384615384,0.5384615384615384,0.42857142857142855,0.5384615384615384,0.6666666666666666,0.5384615384615384,0.42857142857142855,0.5384615384615384,0.42857142857142855,0.6666666666666666,0.5384615384615384,0.25,0.42857142857142855,1.0,0.3333333333333333,0.42857142857142855,0.3333333333333333
URY,0.42857142857142855,0.8181818181818182,0.5384615384615384,0.6666666666666666,0.3333333333333333,0.6666666666666666,0.42857142857142855,0.5384615384615384,0.5384615384615384,0.8181818181818182,0.3333333333333333,0.42857142857142855,0.3333333333333333,0.6666666666666666,0.6666666666666666,0.5384615384615384,0.42857142857142855,0.42857142857142855,0.42857142857142855,0.5384615384615384,0.5384615384615384,0.6666666666666666,0.3333333333333333,0.3333333333333333,0.42857142857142855,0.5384615384615384,0.5384615384615384,0.5384615384615384,0.6666666666666666,0.42857142857142855,0.5384615384615384,0.42857142857142855,0.3333333333333333,0.5384615384615384,0.42857142857142855,0.5384615384615384,0.5384615384615384,0.42857142857142855,0.5384615384615384,0.5384615384615384,0.6666666666666666,0.6666666666666666,0.5384615384615384,0.5384615384615384,0.5384615384615384,0.5384615384615384,0.3333333333333333,0.5384615384615384,0.6666666666666666,0.42857142857142855,0.6666666666666666,0.42857142857142855,0.5384615384615384,0.42857142857142855,0.3333333333333333,0.5384615384615384,0.8181818181818182,0.42857142857142855,0.42857142857142855,0.5384615384615384,0.6666666666666666,0.5384615384615384,0.6666666666666666,0.3333333333333333,0.42857142857142855,0.5384615384615384,0.42857142857142855,0.8181818181818182,0.42857142857142855,0.42857142857142855,0.5384615384615384,0.6666666666666666,0.3333333333333333,1.0,0.6666666666666666,0.42857142857142855
USA,0.3333333333333333,0.5384615384615384,0.5384615384615384,0.5384615384615384,0.42857142857142855,0.6666666666666666,0.42857142857142855,0.6666666666666666,0.5384615384615384,0.6666666666666666,0.3333333333333333,0.42857142857142855,0.42857142857142855,0.42857142857142855,0.42857142857142855,0.42857142857142855,0.3333333333333333,0.5384615384615384,0.5384615384615384,0.5384615384615384,0.6666666666666666,0.6666666666666666,0.3333333333333333,0.42857142857142855,0.5384615384615384,0.5384615384615384,0.42857142857142855,0.5384615384615384,0.5384615384615384,0.5384615384615384,0.42857142857142855,0.5384615384615384,0.25,0.5384615384615384,0.42857142857142855,0.5384615384615384,0.5384615384615384,0.25,0.42857142857142855,0.3333333333333333,0.5384615384615384,0.42857142857142855,0.42857142857142855,0.42857142857142855,0.42857142857142855,0.6666666666666666,0.42857142857142855,0.5384615384615384,0.6666666666666666,0.3333333333333333,0.6666666666666666,0.3333333333333333,0.42857142857142855,0.3333333333333333,0.3333333333333333,0.42857142857142855,0.5384615384615384,0.3333333333333333,0.42857142857142855,0.42857142857142855,0.6666666666666666,0.5384615384615384,0.8181818181818182,0.42857142857142855,0.42857142857142855,0.5384615384615384,0.5384615384615384,0.6666666666666666,0.42857142857142855,0.42857142857142855,0.42857142857142855,0.5384615384615384,0.42857142857142855,0.6666666666666666,1.0,0.42857142857142855
VNM,0.17647058823529413,0.3333333333333333,0.42857142857142855,0.5384615384615384,0.3333333333333333,0.3333333333333333,0.3333333333333333,0.3333333333333333,0.3333333333333333,0.42857142857142855,0.25,0.3333333333333333,0.25,0.3333333333333333,0.3333333333333333,0.3333333333333333,0.3333333333333333,0.25,0.42857142857142855,0.3333333333333333,0.3333333333333333,0.3333333333333333,0.42857142857142855,0.25,0.42857142857142855,0.3333333333333333,0.25,0.3333333333333333,0.25,0.3333333333333333,0.25,0.5384615384615384,0.3333333333333333,0.25,0.17647058823529413,0.3333333333333333,0.3333333333333333,0.1111111111111111,0.25,0.25,0.42857142857142855,0.5384615384615384,0.25,0.42857142857142855,0.3333333333333333,0.42857142857142855,0.25,0.42857142857142855,0.42857142857142855,0.25,0.42857142857142855,0.25,0.3333333333333333,0.42857142857142855,0.17647058823529413,0.3333333333333333,0.3333333333333333,0.25,0.42857142857142855,0.17647058823529413,0.3333333333333333,0.3333333333333333,0.42857142857142855,0.25,0.42857142857142855,0.25,0.25,0.3333333333333333,0.3333333333333333,0.25,0.17647058823529413,0.25,0.3333333333333333,0.42857142857142855,0.42857142857142855,1.0
