Country,Type,AUC,Rank,Feature,Importance
ALB,BULLY_VERBAL,0.9688584161810079,1,BELONG,0.06474256
ALB,BULLY_VERBAL,0.9688584161810079,2,ST004D01T,0.04761529
ALB,BULLY_VERBAL,0.9688584161810079,3,ATTLNACT,0.043325327
ALB,BULLY_VERBAL,0.9688584161810079,4,JOYREAD,0.031194035
ALB,BULLY_VERBAL,0.9688584161810079,5,ST207Q03HA,0.030450696
ALB,BULLY_VERBAL,0.9688584161810079,6,ST206Q01HA,0.029760137
ALB,BULLY_VERBAL,0.9688584161810079,7,ST207Q01HA,0.027806815
ALB,BULLY_VERBAL,0.9688584161810079,8,ST207Q04HA,0.027366638
ALB,BULLY_VERBAL,0.9688584161810079,9,PV1MATH,0.026894977
ALB,BULLY_VERBAL,0.9688584161810079,10,GFOFAIL,0.026588108
ALB,BULLY_THREAT,0.9789102025345662,1,BELONG,0.08161209
ALB,BULLY_THREAT,0.9789102025345662,2,ST207Q02HA,0.058554772
ALB,BULLY_THREAT,0.9789102025345662,3,ST004D01T,0.05198828
ALB,BULLY_THREAT,0.9789102025345662,4,SCREADDIFF,0.03619367
ALB,BULLY_THREAT,0.9789102025345662,5,PV1MATH,0.030429611
ALB,BULLY_THREAT,0.9789102025345662,6,PV1READ,0.029209359
ALB,BULLY_THREAT,0.9789102025345662,7,EMOSUPS,0.028004637
ALB,BULLY_THREAT,0.9789102025345662,8,ATTLNACT,0.027544763
ALB,BULLY_THREAT,0.9789102025345662,9,GFOFAIL,0.026768422
ALB,BULLY_THREAT,0.9789102025345662,10,ST206Q01HA,0.024991747
ALB,BULLY_PHYSICAL,0.9598180381801984,1,BELONG,0.088955745
ALB,BULLY_PHYSICAL,0.9598180381801984,2,EMOSUPS,0.052865747
ALB,BULLY_PHYSICAL,0.9598180381801984,3,ST207Q02HA,0.0446193
ALB,BULLY_PHYSICAL,0.9598180381801984,4,ATTLNACT,0.039585073
ALB,BULLY_PHYSICAL,0.9598180381801984,5,ST004D01T,0.0335099
ALB,BULLY_PHYSICAL,0.9598180381801984,6,PV1MATH,0.031657252
ALB,BULLY_PHYSICAL,0.9598180381801984,7,ST207Q04HA,0.029206006
ALB,BULLY_PHYSICAL,0.9598180381801984,8,SCREADDIFF,0.027926682
ALB,BULLY_PHYSICAL,0.9598180381801984,9,ST207Q05HA,0.027898371
ALB,BULLY_PHYSICAL,0.9598180381801984,10,GFOFAIL,0.02753728
ALB,BULLY_RELATIONAL,0.9614369589721703,1,BELONG,0.08664442
ALB,BULLY_RELATIONAL,0.9614369589721703,2,EMOSUPS,0.043286763
ALB,BULLY_RELATIONAL,0.9614369589721703,3,ATTLNACT,0.038702007
ALB,BULLY_RELATIONAL,0.9614369589721703,4,ST207Q02HA,0.035017524
ALB,BULLY_RELATIONAL,0.9614369589721703,5,PV1MATH,0.030989012
ALB,BULLY_RELATIONAL,0.9614369589721703,6,GFOFAIL,0.030852852
ALB,BULLY_RELATIONAL,0.9614369589721703,7,ST004D01T,0.02913676
ALB,BULLY_RELATIONAL,0.9614369589721703,8,SCREADDIFF,0.02767086
ALB,BULLY_RELATIONAL,0.9614369589721703,9,PERCOOP,0.025440572
ALB,BULLY_RELATIONAL,0.9614369589721703,10,ST206Q01HA,0.025395269
ARE,BULLY_VERBAL,0.8616140374653148,1,ST004D01T,0.082951754
ARE,BULLY_VERBAL,0.8616140374653148,2,BELONG,0.07097361
ARE,BULLY_VERBAL,0.8616140374653148,3,ST207Q01HA,0.05665445
ARE,BULLY_VERBAL,0.8616140374653148,4,ST207Q03HA,0.041993774
ARE,BULLY_VERBAL,0.8616140374653148,5,DISCLIMA,0.036749434
ARE,BULLY_VERBAL,0.8616140374653148,6,ST207Q05HA,0.036437932
ARE,BULLY_VERBAL,0.8616140374653148,7,ST207Q02HA,0.035994098
ARE,BULLY_VERBAL,0.8616140374653148,8,GFOFAIL,0.034058288
ARE,BULLY_VERBAL,0.8616140374653148,9,ST207Q04HA,0.030781591
ARE,BULLY_VERBAL,0.8616140374653148,10,PERCOOP,0.027476469
ARE,BULLY_THREAT,0.9075309282257711,1,ST004D01T,0.083999924
ARE,BULLY_THREAT,0.9075309282257711,2,BELONG,0.0833037
ARE,BULLY_THREAT,0.9075309282257711,3,SCREADDIFF,0.05187593
ARE,BULLY_THREAT,0.9075309282257711,4,PV1READ,0.048663124
ARE,BULLY_THREAT,0.9075309282257711,5,ST207Q03HA,0.039819017
ARE,BULLY_THREAT,0.9075309282257711,6,ST207Q04HA,0.03444765
ARE,BULLY_THREAT,0.9075309282257711,7,ST206Q01HA,0.034065753
ARE,BULLY_THREAT,0.9075309282257711,8,DISCLIMA,0.02827461
ARE,BULLY_THREAT,0.9075309282257711,9,EMOSUPS,0.026248986
ARE,BULLY_THREAT,0.9075309282257711,10,ST207Q05HA,0.026246771
ARE,BULLY_PHYSICAL,0.8935330927169993,1,ST004D01T,0.097776815
ARE,BULLY_PHYSICAL,0.8935330927169993,2,BELONG,0.088991225
ARE,BULLY_PHYSICAL,0.8935330927169993,3,PV1READ,0.055561677
ARE,BULLY_PHYSICAL,0.8935330927169993,4,ST207Q04HA,0.04001811
ARE,BULLY_PHYSICAL,0.8935330927169993,5,SCREADDIFF,0.038616534
ARE,BULLY_PHYSICAL,0.8935330927169993,6,EMOSUPS,0.036353048
ARE,BULLY_PHYSICAL,0.8935330927169993,7,DISCLIMA,0.033122905
ARE,BULLY_PHYSICAL,0.8935330927169993,8,ST207Q03HA,0.03176835
ARE,BULLY_PHYSICAL,0.8935330927169993,9,ST206Q01HA,0.030843565
ARE,BULLY_PHYSICAL,0.8935330927169993,10,PERCOOP,0.029248687
ARE,BULLY_RELATIONAL,0.8799185706727114,1,BELONG,0.076385364
ARE,BULLY_RELATIONAL,0.8799185706727114,2,ST004D01T,0.07316444
ARE,BULLY_RELATIONAL,0.8799185706727114,3,SCREADDIFF,0.048207503
ARE,BULLY_RELATIONAL,0.8799185706727114,4,ST207Q01HA,0.036100306
ARE,BULLY_RELATIONAL,0.8799185706727114,5,DISCLIMA,0.03595938
ARE,BULLY_RELATIONAL,0.8799185706727114,6,ST207Q03HA,0.034465145
ARE,BULLY_RELATIONAL,0.8799185706727114,7,PV1READ,0.03310082
ARE,BULLY_RELATIONAL,0.8799185706727114,8,EMOSUPS,0.03303136
ARE,BULLY_RELATIONAL,0.8799185706727114,9,PERCOOP,0.03129561
ARE,BULLY_RELATIONAL,0.8799185706727114,10,ST207Q02HA,0.02910933
ARG,BULLY_VERBAL,0.9303851923379028,1,BELONG,0.0766346
ARG,BULLY_VERBAL,0.9303851923379028,2,PERCOMP,0.06082429
ARG,BULLY_VERBAL,0.9303851923379028,3,ST207Q02HA,0.058376882
ARG,BULLY_VERBAL,0.9303851923379028,4,EMOSUPS,0.048232116
ARG,BULLY_VERBAL,0.9303851923379028,5,PERCOOP,0.044150945
ARG,BULLY_VERBAL,0.9303851923379028,6,ST207Q01HA,0.04197795
ARG,BULLY_VERBAL,0.9303851923379028,7,ST207Q05HA,0.041129004
ARG,BULLY_VERBAL,0.9303851923379028,8,ST206Q01HA,0.028293228
ARG,BULLY_VERBAL,0.9303851923379028,9,ST004D01T,0.02573559
ARG,BULLY_VERBAL,0.9303851923379028,10,ST207Q04HA,0.0253705
ARG,BULLY_THREAT,0.9639591209797439,1,ST207Q02HA,0.0802614
ARG,BULLY_THREAT,0.9639591209797439,2,EMOSUPS,0.07750756
ARG,BULLY_THREAT,0.9639591209797439,3,PERCOMP,0.046780046
ARG,BULLY_THREAT,0.9639591209797439,4,BELONG,0.045314554
ARG,BULLY_THREAT,0.9639591209797439,5,ST206Q01HA,0.039653808
ARG,BULLY_THREAT,0.9639591209797439,6,ST004D01T,0.03849653
ARG,BULLY_THREAT,0.9639591209797439,7,ST207Q01HA,0.035385963
ARG,BULLY_THREAT,0.9639591209797439,8,PERCOOP,0.0314095
ARG,BULLY_THREAT,0.9639591209797439,9,PV1READ,0.028142659
ARG,BULLY_THREAT,0.9639591209797439,10,ST207Q04HA,0.027879111
ARG,BULLY_PHYSICAL,0.9312404649167264,1,EMOSUPS,0.07554648
ARG,BULLY_PHYSICAL,0.9312404649167264,2,ST206Q01HA,0.074596
ARG,BULLY_PHYSICAL,0.9312404649167264,3,PERCOMP,0.06382553
ARG,BULLY_PHYSICAL,0.9312404649167264,4,ST207Q02HA,0.057939254
ARG,BULLY_PHYSICAL,0.9312404649167264,5,PERCOOP,0.035835806
ARG,BULLY_PHYSICAL,0.9312404649167264,6,BELONG,0.03556786
ARG,BULLY_PHYSICAL,0.9312404649167264,7,ST004D01T,0.03519526
ARG,BULLY_PHYSICAL,0.9312404649167264,8,ST207Q05HA,0.028831841
ARG,BULLY_PHYSICAL,0.9312404649167264,9,ST207Q01HA,0.027147647
ARG,BULLY_PHYSICAL,0.9312404649167264,10,ST207Q04HA,0.026782103
ARG,BULLY_RELATIONAL,0.9397625447193779,1,BELONG,0.07650759
ARG,BULLY_RELATIONAL,0.9397625447193779,2,ST206Q01HA,0.06266584
ARG,BULLY_RELATIONAL,0.9397625447193779,3,PERCOMP,0.051907044
ARG,BULLY_RELATIONAL,0.9397625447193779,4,ST207Q02HA,0.048707318
ARG,BULLY_RELATIONAL,0.9397625447193779,5,EMOSUPS,0.043880925
ARG,BULLY_RELATIONAL,0.9397625447193779,6,ST207Q01HA,0.03995583
ARG,BULLY_RELATIONAL,0.9397625447193779,7,PERCOOP,0.033855774
ARG,BULLY_RELATIONAL,0.9397625447193779,8,ST207Q04HA,0.03316687
ARG,BULLY_RELATIONAL,0.9397625447193779,9,ST207Q05HA,0.032219965
ARG,BULLY_RELATIONAL,0.9397625447193779,10,PV1READ,0.026793728
AUS,BULLY_VERBAL,0.9070654411539755,1,BELONG,0.108660355
AUS,BULLY_VERBAL,0.9070654411539755,2,PERCOOP,0.067910366
AUS,BULLY_VERBAL,0.9070654411539755,3,EMOSUPS,0.045807928
AUS,BULLY_VERBAL,0.9070654411539755,4,ST207Q01HA,0.04384661
AUS,BULLY_VERBAL,0.9070654411539755,5,ST004D01T,0.04034596
AUS,BULLY_VERBAL,0.9070654411539755,6,PERCOMP,0.03885637
AUS,BULLY_VERBAL,0.9070654411539755,7,ST207Q03HA,0.034359906
AUS,BULLY_VERBAL,0.9070654411539755,8,DISCLIMA,0.032931853
AUS,BULLY_VERBAL,0.9070654411539755,9,ST207Q04HA,0.03144712
AUS,BULLY_VERBAL,0.9070654411539755,10,ST207Q02HA,0.030262576
AUS,BULLY_THREAT,0.948150714621046,1,BELONG,0.09965166
AUS,BULLY_THREAT,0.948150714621046,2,EMOSUPS,0.058252987
AUS,BULLY_THREAT,0.948150714621046,3,DISCLIMA,0.044189673
AUS,BULLY_THREAT,0.948150714621046,4,ST004D01T,0.04310864
AUS,BULLY_THREAT,0.948150714621046,5,ST185Q01HA,0.03610125
AUS,BULLY_THREAT,0.948150714621046,6,ST206Q01HA,0.030831454
AUS,BULLY_THREAT,0.948150714621046,7,ST207Q01HA,0.029059336
AUS,BULLY_THREAT,0.948150714621046,8,PERCOMP,0.028726256
AUS,BULLY_THREAT,0.948150714621046,9,PV1READ,0.028695825
AUS,BULLY_THREAT,0.948150714621046,10,ST207Q03HA,0.026463991
AUS,BULLY_PHYSICAL,0.9349126945427872,1,BELONG,0.07561417
AUS,BULLY_PHYSICAL,0.9349126945427872,2,EMOSUPS,0.06995645
AUS,BULLY_PHYSICAL,0.9349126945427872,3,ST004D01T,0.066466086
AUS,BULLY_PHYSICAL,0.9349126945427872,4,PERCOOP,0.04082301
AUS,BULLY_PHYSICAL,0.9349126945427872,5,DISCLIMA,0.03870752
AUS,BULLY_PHYSICAL,0.9349126945427872,6,PV1READ,0.028927356
AUS,BULLY_PHYSICAL,0.9349126945427872,7,PERCOMP,0.028534248
AUS,BULLY_PHYSICAL,0.9349126945427872,8,ST184Q01HA,0.02820682
AUS,BULLY_PHYSICAL,0.9349126945427872,9,ST185Q01HA,0.027409649
AUS,BULLY_PHYSICAL,0.9349126945427872,10,ST207Q01HA,0.027371513
AUS,BULLY_RELATIONAL,0.9335499423271056,1,BELONG,0.11315427
AUS,BULLY_RELATIONAL,0.9335499423271056,2,ST207Q01HA,0.049585957
AUS,BULLY_RELATIONAL,0.9335499423271056,3,EMOSUPS,0.0471259
AUS,BULLY_RELATIONAL,0.9335499423271056,4,PERCOOP,0.045943584
AUS,BULLY_RELATIONAL,0.9335499423271056,5,DISCLIMA,0.033334106
AUS,BULLY_RELATIONAL,0.9335499423271056,6,ST184Q01HA,0.031483337
AUS,BULLY_RELATIONAL,0.9335499423271056,7,ST207Q03HA,0.028342485
AUS,BULLY_RELATIONAL,0.9335499423271056,8,PERCOMP,0.027206283
AUS,BULLY_RELATIONAL,0.9335499423271056,9,PV1READ,0.02587577
AUS,BULLY_RELATIONAL,0.9335499423271056,10,ST207Q04HA,0.025553303
AUT,BULLY_VERBAL,0.9562541512827138,1,BELONG,0.06600912
AUT,BULLY_VERBAL,0.9562541512827138,2,PERCOOP,0.039428886
AUT,BULLY_VERBAL,0.9562541512827138,3,EMOSUPS,0.035001043
AUT,BULLY_VERBAL,0.9562541512827138,4,ST207Q02HA,0.034147628
AUT,BULLY_VERBAL,0.9562541512827138,5,ST207Q05HA,0.028823463
AUT,BULLY_VERBAL,0.9562541512827138,6,ST207Q01HA,0.028123818
AUT,BULLY_VERBAL,0.9562541512827138,7,DISCLIMA,0.027851444
AUT,BULLY_VERBAL,0.9562541512827138,8,PERCOMP,0.027696332
AUT,BULLY_VERBAL,0.9562541512827138,9,ST207Q03HA,0.02625003
AUT,BULLY_VERBAL,0.9562541512827138,10,ST206Q01HA,0.025501892
AUT,BULLY_THREAT,0.9921977135178585,1,ST207Q03HA,0.07906184
AUT,BULLY_THREAT,0.9921977135178585,2,BELONG,0.07019937
AUT,BULLY_THREAT,0.9921977135178585,3,EMOSUPS,0.051448397
AUT,BULLY_THREAT,0.9921977135178585,4,ST207Q02HA,0.045071788
AUT,BULLY_THREAT,0.9921977135178585,5,PV1READ,0.03971954
AUT,BULLY_THREAT,0.9921977135178585,6,ST206Q01HA,0.03723011
AUT,BULLY_THREAT,0.9921977135178585,7,ST004D01T,0.034216303
AUT,BULLY_THREAT,0.9921977135178585,8,PV1SCIE,0.028476704
AUT,BULLY_THREAT,0.9921977135178585,9,PERCOOP,0.026717437
AUT,BULLY_THREAT,0.9921977135178585,10,PERCOMP,0.023864726
AUT,BULLY_PHYSICAL,0.9710266733542093,1,ST207Q03HA,0.095421284
AUT,BULLY_PHYSICAL,0.9710266733542093,2,EMOSUPS,0.06351644
AUT,BULLY_PHYSICAL,0.9710266733542093,3,PERCOOP,0.04898964
AUT,BULLY_PHYSICAL,0.9710266733542093,4,BELONG,0.043069467
AUT,BULLY_PHYSICAL,0.9710266733542093,5,ST206Q01HA,0.040491596
AUT,BULLY_PHYSICAL,0.9710266733542093,6,ST004D01T,0.040353987
AUT,BULLY_PHYSICAL,0.9710266733542093,7,ST207Q02HA,0.027423183
AUT,BULLY_PHYSICAL,0.9710266733542093,8,ST207Q04HA,0.026916277
AUT,BULLY_PHYSICAL,0.9710266733542093,9,ST207Q05HA,0.025322268
AUT,BULLY_PHYSICAL,0.9710266733542093,10,DISCLIMA,0.024885423
AUT,BULLY_RELATIONAL,0.9695068802463417,1,PERCOOP,0.05848534
AUT,BULLY_RELATIONAL,0.9695068802463417,2,BELONG,0.047189023
AUT,BULLY_RELATIONAL,0.9695068802463417,3,EMOSUPS,0.042588126
AUT,BULLY_RELATIONAL,0.9695068802463417,4,ST206Q01HA,0.035897583
AUT,BULLY_RELATIONAL,0.9695068802463417,5,ST207Q03HA,0.033254605
AUT,BULLY_RELATIONAL,0.9695068802463417,6,DISCLIMA,0.031511977
AUT,BULLY_RELATIONAL,0.9695068802463417,7,ST207Q02HA,0.030804109
AUT,BULLY_RELATIONAL,0.9695068802463417,8,PERCOMP,0.025311582
AUT,BULLY_RELATIONAL,0.9695068802463417,9,PV1SCIE,0.025035346
AUT,BULLY_RELATIONAL,0.9695068802463417,10,GFOFAIL,0.024501774
BEL,BULLY_VERBAL,0.9437441905716019,1,BELONG,0.09967054
BEL,BULLY_VERBAL,0.9437441905716019,2,PERCOMP,0.035940554
BEL,BULLY_VERBAL,0.9437441905716019,3,ST207Q02HA,0.032882415
BEL,BULLY_VERBAL,0.9437441905716019,4,EMOSUPS,0.031179894
BEL,BULLY_VERBAL,0.9437441905716019,5,DISCLIMA,0.030600252
BEL,BULLY_VERBAL,0.9437441905716019,6,ST004D01T,0.02891414
BEL,BULLY_VERBAL,0.9437441905716019,7,RATCMP2,0.028511658
BEL,BULLY_VERBAL,0.9437441905716019,8,ST207Q05HA,0.027539598
BEL,BULLY_VERBAL,0.9437441905716019,9,ST207Q04HA,0.026783343
BEL,BULLY_VERBAL,0.9437441905716019,10,PERCOOP,0.02627392
BEL,BULLY_THREAT,0.9887154208754209,1,BELONG,0.07981388
BEL,BULLY_THREAT,0.9887154208754209,2,PV1READ,0.03697966
BEL,BULLY_THREAT,0.9887154208754209,3,ST004D01T,0.035705358
BEL,BULLY_THREAT,0.9887154208754209,4,EMOSUPS,0.031579666
BEL,BULLY_THREAT,0.9887154208754209,5,ST185Q01HA,0.030832326
BEL,BULLY_THREAT,0.9887154208754209,6,ST206Q01HA,0.03069212
BEL,BULLY_THREAT,0.9887154208754209,7,PERCOMP,0.02958748
BEL,BULLY_THREAT,0.9887154208754209,8,PV1MATH,0.027534103
BEL,BULLY_THREAT,0.9887154208754209,9,GRADE,0.027298741
BEL,BULLY_THREAT,0.9887154208754209,10,PV1SCIE,0.026232377
BEL,BULLY_PHYSICAL,0.9732312335214918,1,BELONG,0.0744415
BEL,BULLY_PHYSICAL,0.9732312335214918,2,ST004D01T,0.05672647
BEL,BULLY_PHYSICAL,0.9732312335214918,3,EMOSUPS,0.033994123
BEL,BULLY_PHYSICAL,0.9732312335214918,4,PV1READ,0.03160184
BEL,BULLY_PHYSICAL,0.9732312335214918,5,ST207Q02HA,0.03000279
BEL,BULLY_PHYSICAL,0.9732312335214918,6,PERCOMP,0.029233934
BEL,BULLY_PHYSICAL,0.9732312335214918,7,DISCLIMA,0.026197063
BEL,BULLY_PHYSICAL,0.9732312335214918,8,EUDMO,0.026115652
BEL,BULLY_PHYSICAL,0.9732312335214918,9,ST207Q04HA,0.024728186
BEL,BULLY_PHYSICAL,0.9732312335214918,10,ST207Q01HA,0.0246398
BEL,BULLY_RELATIONAL,0.9544956610711891,1,BELONG,0.07665973
BEL,BULLY_RELATIONAL,0.9544956610711891,2,PERCOMP,0.040604692
BEL,BULLY_RELATIONAL,0.9544956610711891,3,ST207Q02HA,0.036740746
BEL,BULLY_RELATIONAL,0.9544956610711891,4,GFOFAIL,0.03305456
BEL,BULLY_RELATIONAL,0.9544956610711891,5,ST207Q04HA,0.030683314
BEL,BULLY_RELATIONAL,0.9544956610711891,6,PV1MATH,0.029518623
BEL,BULLY_RELATIONAL,0.9544956610711891,7,ST207Q05HA,0.029197903
BEL,BULLY_RELATIONAL,0.9544956610711891,8,ST004D01T,0.02841221
BEL,BULLY_RELATIONAL,0.9544956610711891,9,REPEAT,0.028020844
BEL,BULLY_RELATIONAL,0.9544956610711891,10,EMOSUPS,0.026656652
BGR,BULLY_VERBAL,0.9647705103870083,1,BELONG,0.05525977
BGR,BULLY_VERBAL,0.9647705103870083,2,PERCOMP,0.04374412
BGR,BULLY_VERBAL,0.9647705103870083,3,ST207Q05HA,0.036778964
BGR,BULLY_VERBAL,0.9647705103870083,4,PERCOOP,0.03646096
BGR,BULLY_VERBAL,0.9647705103870083,5,ST207Q02HA,0.03329254
BGR,BULLY_VERBAL,0.9647705103870083,6,EMOSUPS,0.031377908
BGR,BULLY_VERBAL,0.9647705103870083,7,ST207Q04HA,0.030274272
BGR,BULLY_VERBAL,0.9647705103870083,8,ST004D01T,0.028026283
BGR,BULLY_VERBAL,0.9647705103870083,9,ST206Q01HA,0.027050722
BGR,BULLY_VERBAL,0.9647705103870083,10,ST207Q01HA,0.02602548
BGR,BULLY_THREAT,0.9689154225896628,1,EMOSUPS,0.080996886
BGR,BULLY_THREAT,0.9689154225896628,2,ST206Q01HA,0.044365298
BGR,BULLY_THREAT,0.9689154225896628,3,ST207Q04HA,0.036257405
BGR,BULLY_THREAT,0.9689154225896628,4,ST207Q02HA,0.03535126
BGR,BULLY_THREAT,0.9689154225896628,5,ST207Q01HA,0.033235505
BGR,BULLY_THREAT,0.9689154225896628,6,BELONG,0.032372873
BGR,BULLY_THREAT,0.9689154225896628,7,PERCOOP,0.032086108
BGR,BULLY_THREAT,0.9689154225896628,8,ST184Q01HA,0.03123769
BGR,BULLY_THREAT,0.9689154225896628,9,SCREADDIFF,0.030039342
BGR,BULLY_THREAT,0.9689154225896628,10,PERCOMP,0.02950027
BGR,BULLY_PHYSICAL,0.9592669452035321,1,EMOSUPS,0.09641068
BGR,BULLY_PHYSICAL,0.9592669452035321,2,ST207Q01HA,0.044214375
BGR,BULLY_PHYSICAL,0.9592669452035321,3,ST207Q04HA,0.040348243
BGR,BULLY_PHYSICAL,0.9592669452035321,4,ST207Q02HA,0.04018487
BGR,BULLY_PHYSICAL,0.9592669452035321,5,ST184Q01HA,0.036990404
BGR,BULLY_PHYSICAL,0.9592669452035321,6,ST207Q03HA,0.036805544
BGR,BULLY_PHYSICAL,0.9592669452035321,7,BELONG,0.03489722
BGR,BULLY_PHYSICAL,0.9592669452035321,8,PERCOOP,0.03362207
BGR,BULLY_PHYSICAL,0.9592669452035321,9,ST206Q01HA,0.033459008
BGR,BULLY_PHYSICAL,0.9592669452035321,10,ST004D01T,0.032452483
BGR,BULLY_RELATIONAL,0.9574525757067341,1,EMOSUPS,0.056850437
BGR,BULLY_RELATIONAL,0.9574525757067341,2,BELONG,0.046171702
BGR,BULLY_RELATIONAL,0.9574525757067341,3,ST207Q01HA,0.041888505
BGR,BULLY_RELATIONAL,0.9574525757067341,4,ST207Q05HA,0.039752286
BGR,BULLY_RELATIONAL,0.9574525757067341,5,PERCOMP,0.038287695
BGR,BULLY_RELATIONAL,0.9574525757067341,6,PERCOOP,0.03459883
BGR,BULLY_RELATIONAL,0.9574525757067341,7,ST206Q01HA,0.034036566
BGR,BULLY_RELATIONAL,0.9574525757067341,8,ST207Q02HA,0.031029882
BGR,BULLY_RELATIONAL,0.9574525757067341,9,ST207Q04HA,0.030123234
BGR,BULLY_RELATIONAL,0.9574525757067341,10,ST207Q03HA,0.025561174
BIH,BULLY_VERBAL,0.9558761589620942,1,BELONG,0.06379522
BIH,BULLY_VERBAL,0.9558761589620942,2,EMOSUPS,0.038904812
BIH,BULLY_VERBAL,0.9558761589620942,3,GFOFAIL,0.03728871
BIH,BULLY_VERBAL,0.9558761589620942,4,DISCLIMA,0.029964237
BIH,BULLY_VERBAL,0.9558761589620942,5,ST207Q04HA,0.028627934
BIH,BULLY_VERBAL,0.9558761589620942,6,ST207Q01HA,0.028494766
BIH,BULLY_VERBAL,0.9558761589620942,7,SWBP,0.026626477
BIH,BULLY_VERBAL,0.9558761589620942,8,ST004D01T,0.026601782
BIH,BULLY_VERBAL,0.9558761589620942,9,ST207Q02HA,0.025214655
BIH,BULLY_VERBAL,0.9558761589620942,10,PERCOOP,0.024804363
BIH,BULLY_THREAT,0.9611063615513251,1,ST207Q02HA,0.06084367
BIH,BULLY_THREAT,0.9611063615513251,2,BELONG,0.048168596
BIH,BULLY_THREAT,0.9611063615513251,3,EMOSUPS,0.047577783
BIH,BULLY_THREAT,0.9611063615513251,4,ST207Q03HA,0.039352164
BIH,BULLY_THREAT,0.9611063615513251,5,ST004D01T,0.033521913
BIH,BULLY_THREAT,0.9611063615513251,6,ST207Q01HA,0.032095216
BIH,BULLY_THREAT,0.9611063615513251,7,PERCOOP,0.030601488
BIH,BULLY_THREAT,0.9611063615513251,8,PV1READ,0.029497646
BIH,BULLY_THREAT,0.9611063615513251,9,ST207Q05HA,0.026849467
BIH,BULLY_THREAT,0.9611063615513251,10,ST207Q04HA,0.0267322
BIH,BULLY_PHYSICAL,0.9587526158739766,1,ST207Q02HA,0.0673216
BIH,BULLY_PHYSICAL,0.9587526158739766,2,EMOSUPS,0.065105304
BIH,BULLY_PHYSICAL,0.9587526158739766,3,ST207Q03HA,0.049082022
BIH,BULLY_PHYSICAL,0.9587526158739766,4,BELONG,0.0478192
BIH,BULLY_PHYSICAL,0.9587526158739766,5,ST207Q01HA,0.047408577
BIH,BULLY_PHYSICAL,0.9587526158739766,6,ST004D01T,0.03718289
BIH,BULLY_PHYSICAL,0.9587526158739766,7,ST207Q04HA,0.036143366
BIH,BULLY_PHYSICAL,0.9587526158739766,8,PV1READ,0.03296054
BIH,BULLY_PHYSICAL,0.9587526158739766,9,ST207Q05HA,0.031905066
BIH,BULLY_PHYSICAL,0.9587526158739766,10,PERCOOP,0.029406583
BIH,BULLY_RELATIONAL,0.9438144657544264,1,BELONG,0.06663142
BIH,BULLY_RELATIONAL,0.9438144657544264,2,EMOSUPS,0.03912001
BIH,BULLY_RELATIONAL,0.9438144657544264,3,ST207Q05HA,0.035137493
BIH,BULLY_RELATIONAL,0.9438144657544264,4,ST207Q02HA,0.0327529
BIH,BULLY_RELATIONAL,0.9438144657544264,5,ST207Q04HA,0.032131143
BIH,BULLY_RELATIONAL,0.9438144657544264,6,ST207Q01HA,0.031523768
BIH,BULLY_RELATIONAL,0.9438144657544264,7,SCREADDIFF,0.03001857
BIH,BULLY_RELATIONAL,0.9438144657544264,8,PERCOOP,0.02982223
BIH,BULLY_RELATIONAL,0.9438144657544264,9,ST206Q01HA,0.027452577
BIH,BULLY_RELATIONAL,0.9438144657544264,10,DISCLIMA,0.027075948
BLR,BULLY_VERBAL,0.9636615287826361,1,BELONG,0.06931705
BLR,BULLY_VERBAL,0.9636615287826361,2,PERCOMP,0.04735622
BLR,BULLY_VERBAL,0.9636615287826361,3,EMOSUPS,0.03510619
BLR,BULLY_VERBAL,0.9636615287826361,4,DISCLIMA,0.032755937
BLR,BULLY_VERBAL,0.9636615287826361,5,ST207Q01HA,0.030176487
BLR,BULLY_VERBAL,0.9636615287826361,6,ST206Q01HA,0.029967312
BLR,BULLY_VERBAL,0.9636615287826361,7,SWBP,0.027599059
BLR,BULLY_VERBAL,0.9636615287826361,8,ST207Q02HA,0.02696083
BLR,BULLY_VERBAL,0.9636615287826361,9,PERCOOP,0.026069153
BLR,BULLY_VERBAL,0.9636615287826361,10,GFOFAIL,0.025489561
BLR,BULLY_THREAT,0.9872165597980855,1,EMOSUPS,0.077321716
BLR,BULLY_THREAT,0.9872165597980855,2,BELONG,0.04405504
BLR,BULLY_THREAT,0.9872165597980855,3,PERCOMP,0.04251416
BLR,BULLY_THREAT,0.9872165597980855,4,ST004D01T,0.03790254
BLR,BULLY_THREAT,0.9872165597980855,5,PV1READ,0.0349602
BLR,BULLY_THREAT,0.9872165597980855,6,ST207Q05HA,0.029372068
BLR,BULLY_THREAT,0.9872165597980855,7,DISCLIMA,0.028564358
BLR,BULLY_THREAT,0.9872165597980855,8,PV1SCIE,0.027831012
BLR,BULLY_THREAT,0.9872165597980855,9,ST207Q03HA,0.026143303
BLR,BULLY_THREAT,0.9872165597980855,10,SCREADDIFF,0.0249662
BLR,BULLY_PHYSICAL,0.9784682105107405,1,EMOSUPS,0.06324937
BLR,BULLY_PHYSICAL,0.9784682105107405,2,PV1READ,0.05811273
BLR,BULLY_PHYSICAL,0.9784682105107405,3,BELONG,0.0415425
BLR,BULLY_PHYSICAL,0.9784682105107405,4,ST207Q02HA,0.04050928
BLR,BULLY_PHYSICAL,0.9784682105107405,5,ST004D01T,0.039975096
BLR,BULLY_PHYSICAL,0.9784682105107405,6,PERCOMP,0.037303776
BLR,BULLY_PHYSICAL,0.9784682105107405,7,DISCLIMA,0.031976588
BLR,BULLY_PHYSICAL,0.9784682105107405,8,ST207Q05HA,0.031148756
BLR,BULLY_PHYSICAL,0.9784682105107405,9,PV1SCIE,0.028872611
BLR,BULLY_PHYSICAL,0.9784682105107405,10,PERCOOP,0.027654551
BLR,BULLY_RELATIONAL,0.9688330499401725,1,BELONG,0.057150565
BLR,BULLY_RELATIONAL,0.9688330499401725,2,EMOSUPS,0.047648307
BLR,BULLY_RELATIONAL,0.9688330499401725,3,PERCOMP,0.042179324
BLR,BULLY_RELATIONAL,0.9688330499401725,4,DISCLIMA,0.035115656
BLR,BULLY_RELATIONAL,0.9688330499401725,5,PERCOOP,0.032322697
BLR,BULLY_RELATIONAL,0.9688330499401725,6,ST207Q05HA,0.029280974
BLR,BULLY_RELATIONAL,0.9688330499401725,7,PV1READ,0.028399989
BLR,BULLY_RELATIONAL,0.9688330499401725,8,ST207Q04HA,0.028225033
BLR,BULLY_RELATIONAL,0.9688330499401725,9,ST004D01T,0.025793817
BLR,BULLY_RELATIONAL,0.9688330499401725,10,ST207Q02HA,0.025344118
BRA,BULLY_VERBAL,0.9410078640040425,1,BELONG,0.0684961
BRA,BULLY_VERBAL,0.9410078640040425,2,PERCOMP,0.06082719
BRA,BULLY_VERBAL,0.9410078640040425,3,PERCOOP,0.057365686
BRA,BULLY_VERBAL,0.9410078640040425,4,ST207Q01HA,0.043528773
BRA,BULLY_VERBAL,0.9410078640040425,5,ST207Q04HA,0.040279977
BRA,BULLY_VERBAL,0.9410078640040425,6,ST206Q01HA,0.03398679
BRA,BULLY_VERBAL,0.9410078640040425,7,ST207Q02HA,0.0303485
BRA,BULLY_VERBAL,0.9410078640040425,8,ST004D01T,0.02686008
BRA,BULLY_VERBAL,0.9410078640040425,9,SWBP,0.026451638
BRA,BULLY_VERBAL,0.9410078640040425,10,EMOSUPS,0.026173716
BRA,BULLY_THREAT,0.9618058024350774,1,BELONG,0.05640017
BRA,BULLY_THREAT,0.9618058024350774,2,PERCOOP,0.05307907
BRA,BULLY_THREAT,0.9618058024350774,3,EMOSUPS,0.047826156
BRA,BULLY_THREAT,0.9618058024350774,4,ST004D01T,0.04323915
BRA,BULLY_THREAT,0.9618058024350774,5,ST206Q01HA,0.04129498
BRA,BULLY_THREAT,0.9618058024350774,6,ATTLNACT,0.038945254
BRA,BULLY_THREAT,0.9618058024350774,7,PERCOMP,0.03298745
BRA,BULLY_THREAT,0.9618058024350774,8,PV1READ,0.029999359
BRA,BULLY_THREAT,0.9618058024350774,9,ST207Q04HA,0.02518156
BRA,BULLY_THREAT,0.9618058024350774,10,PV1SCIE,0.023573492
BRA,BULLY_PHYSICAL,0.9468935438713881,1,BELONG,0.06751463
BRA,BULLY_PHYSICAL,0.9468935438713881,2,ST004D01T,0.055298857
BRA,BULLY_PHYSICAL,0.9468935438713881,3,PERCOOP,0.052590497
BRA,BULLY_PHYSICAL,0.9468935438713881,4,EMOSUPS,0.047457345
BRA,BULLY_PHYSICAL,0.9468935438713881,5,PERCOMP,0.035724938
BRA,BULLY_PHYSICAL,0.9468935438713881,6,ST207Q02HA,0.034840006
BRA,BULLY_PHYSICAL,0.9468935438713881,7,ST207Q04HA,0.034706492
BRA,BULLY_PHYSICAL,0.9468935438713881,8,ATTLNACT,0.03392409
BRA,BULLY_PHYSICAL,0.9468935438713881,9,ST206Q01HA,0.03263251
BRA,BULLY_PHYSICAL,0.9468935438713881,10,PV1READ,0.026877575
BRA,BULLY_RELATIONAL,0.9459159961070379,1,BELONG,0.070086606
BRA,BULLY_RELATIONAL,0.9459159961070379,2,EMOSUPS,0.053912982
BRA,BULLY_RELATIONAL,0.9459159961070379,3,PERCOMP,0.049248517
BRA,BULLY_RELATIONAL,0.9459159961070379,4,PERCOOP,0.040402316
BRA,BULLY_RELATIONAL,0.9459159961070379,5,ST206Q01HA,0.03999228
BRA,BULLY_RELATIONAL,0.9459159961070379,6,ST207Q01HA,0.038600978
BRA,BULLY_RELATIONAL,0.9459159961070379,7,ST207Q02HA,0.034695435
BRA,BULLY_RELATIONAL,0.9459159961070379,8,ST004D01T,0.032644477
BRA,BULLY_RELATIONAL,0.9459159961070379,9,ST207Q04HA,0.027577715
BRA,BULLY_RELATIONAL,0.9459159961070379,10,ST207Q05HA,0.026324118
BRN,BULLY_VERBAL,0.9291523785738329,1,ST207Q05HA,0.133799
BRN,BULLY_VERBAL,0.9291523785738329,2,PERCOOP,0.07912621
BRN,BULLY_VERBAL,0.9291523785738329,3,ST207Q02HA,0.062347867
BRN,BULLY_VERBAL,0.9291523785738329,4,ST207Q03HA,0.042687733
BRN,BULLY_VERBAL,0.9291523785738329,5,PERCOMP,0.040275935
BRN,BULLY_VERBAL,0.9291523785738329,6,ST004D01T,0.04016442
BRN,BULLY_VERBAL,0.9291523785738329,7,ST206Q01HA,0.03872978
BRN,BULLY_VERBAL,0.9291523785738329,8,EMOSUPS,0.038133662
BRN,BULLY_VERBAL,0.9291523785738329,9,PV1READ,0.0325783
BRN,BULLY_VERBAL,0.9291523785738329,10,ST207Q04HA,0.031528153
BRN,BULLY_THREAT,0.9602299837294497,1,ST207Q05HA,0.10702974
BRN,BULLY_THREAT,0.9602299837294497,2,ST207Q03HA,0.079005845
BRN,BULLY_THREAT,0.9602299837294497,3,PV1READ,0.076585025
BRN,BULLY_THREAT,0.9602299837294497,4,ST206Q01HA,0.052250378
BRN,BULLY_THREAT,0.9602299837294497,5,ST207Q02HA,0.043731548
BRN,BULLY_THREAT,0.9602299837294497,6,PERCOOP,0.038463112
BRN,BULLY_THREAT,0.9602299837294497,7,PV1SCIE,0.034305207
BRN,BULLY_THREAT,0.9602299837294497,8,PERCOMP,0.028678076
BRN,BULLY_THREAT,0.9602299837294497,9,EMOSUPS,0.023595471
BRN,BULLY_THREAT,0.9602299837294497,10,BELONG,0.022234203
BRN,BULLY_PHYSICAL,0.9548350723188567,1,ST207Q03HA,0.13290125
BRN,BULLY_PHYSICAL,0.9548350723188567,2,PV1READ,0.05830806
BRN,BULLY_PHYSICAL,0.9548350723188567,3,ST207Q05HA,0.041766163
BRN,BULLY_PHYSICAL,0.9548350723188567,4,ST206Q01HA,0.04050445
BRN,BULLY_PHYSICAL,0.9548350723188567,5,ST004D01T,0.039165087
BRN,BULLY_PHYSICAL,0.9548350723188567,6,ST207Q04HA,0.035047594
BRN,BULLY_PHYSICAL,0.9548350723188567,7,PERCOOP,0.03388741
BRN,BULLY_PHYSICAL,0.9548350723188567,8,ST207Q02HA,0.03276724
BRN,BULLY_PHYSICAL,0.9548350723188567,9,DISCLIMA,0.030650966
BRN,BULLY_PHYSICAL,0.9548350723188567,10,BELONG,0.0260092
BRN,BULLY_RELATIONAL,0.9523542517220684,1,ST207Q03HA,0.088723965
BRN,BULLY_RELATIONAL,0.9523542517220684,2,PERCOOP,0.045721047
BRN,BULLY_RELATIONAL,0.9523542517220684,3,ST207Q05HA,0.04020918
BRN,BULLY_RELATIONAL,0.9523542517220684,4,BELONG,0.03997553
BRN,BULLY_RELATIONAL,0.9523542517220684,5,PV1READ,0.03994699
BRN,BULLY_RELATIONAL,0.9523542517220684,6,ST207Q02HA,0.032863982
BRN,BULLY_RELATIONAL,0.9523542517220684,7,ST206Q01HA,0.031392828
BRN,BULLY_RELATIONAL,0.9523542517220684,8,DISCLIMA,0.030776422
BRN,BULLY_RELATIONAL,0.9523542517220684,9,EMOSUPS,0.03018646
BRN,BULLY_RELATIONAL,0.9523542517220684,10,PERCOMP,0.026161578
CAN,BULLY_VERBAL,0.8508854684825822,1,BELONG,0.1333883
CAN,BULLY_VERBAL,0.8508854684825822,2,SWBP,0.050825927
CAN,BULLY_VERBAL,0.8508854684825822,3,ST207Q01HA,0.04513666
CAN,BULLY_VERBAL,0.8508854684825822,4,ST207Q03HA,0.04269168
CAN,BULLY_VERBAL,0.8508854684825822,5,DISCLIMA,0.04253111
CAN,BULLY_VERBAL,0.8508854684825822,6,ST207Q05HA,0.040972352
CAN,BULLY_VERBAL,0.8508854684825822,7,GFOFAIL,0.0404059
CAN,BULLY_VERBAL,0.8508854684825822,8,ST004D01T,0.038131762
CAN,BULLY_VERBAL,0.8508854684825822,9,ST207Q02HA,0.035526942
CAN,BULLY_VERBAL,0.8508854684825822,10,COMPETE,0.035265084
CAN,BULLY_THREAT,0.9139052239844112,1,BELONG,0.09277397
CAN,BULLY_THREAT,0.9139052239844112,2,SWBP,0.060180776
CAN,BULLY_THREAT,0.9139052239844112,3,ST004D01T,0.050512366
CAN,BULLY_THREAT,0.9139052239844112,4,PV1READ,0.049597796
CAN,BULLY_THREAT,0.9139052239844112,5,ST207Q02HA,0.04620774
CAN,BULLY_THREAT,0.9139052239844112,6,ATTLNACT,0.044310372
CAN,BULLY_THREAT,0.9139052239844112,7,ST207Q03HA,0.039812807
CAN,BULLY_THREAT,0.9139052239844112,8,ST207Q04HA,0.03577443
CAN,BULLY_THREAT,0.9139052239844112,9,ST207Q01HA,0.035044268
CAN,BULLY_THREAT,0.9139052239844112,10,PV1MATH,0.03165021
CAN,BULLY_PHYSICAL,0.88681604672682,1,BELONG,0.089451075
CAN,BULLY_PHYSICAL,0.88681604672682,2,ST207Q02HA,0.07074666
CAN,BULLY_PHYSICAL,0.88681604672682,3,ST004D01T,0.064609736
CAN,BULLY_PHYSICAL,0.88681604672682,4,ST207Q01HA,0.05301863
CAN,BULLY_PHYSICAL,0.88681604672682,5,PV1READ,0.041514143
CAN,BULLY_PHYSICAL,0.88681604672682,6,DISCLIMA,0.04109565
CAN,BULLY_PHYSICAL,0.88681604672682,7,ST207Q03HA,0.0370719
CAN,BULLY_PHYSICAL,0.88681604672682,8,ST207Q05HA,0.035075337
CAN,BULLY_PHYSICAL,0.88681604672682,9,SWBP,0.03441185
CAN,BULLY_PHYSICAL,0.88681604672682,10,ST207Q04HA,0.033098243
CAN,BULLY_RELATIONAL,0.8880691528854293,1,BELONG,0.11019992
CAN,BULLY_RELATIONAL,0.8880691528854293,2,SWBP,0.06058836
CAN,BULLY_RELATIONAL,0.8880691528854293,3,ST207Q01HA,0.046828076
CAN,BULLY_RELATIONAL,0.8880691528854293,4,ST207Q03HA,0.04524209
CAN,BULLY_RELATIONAL,0.8880691528854293,5,DISCLIMA,0.042757604
CAN,BULLY_RELATIONAL,0.8880691528854293,6,ST207Q05HA,0.041282248
CAN,BULLY_RELATIONAL,0.8880691528854293,7,ST207Q02HA,0.037274957
CAN,BULLY_RELATIONAL,0.8880691528854293,8,ST207Q04HA,0.03603193
CAN,BULLY_RELATIONAL,0.8880691528854293,9,PV1MATH,0.035030607
CAN,BULLY_RELATIONAL,0.8880691528854293,10,PV1SCIE,0.03468758
CHE,BULLY_VERBAL,0.9807399689862377,1,BELONG,0.06995431
CHE,BULLY_VERBAL,0.9807399689862377,2,PERCOOP,0.055847574
CHE,BULLY_VERBAL,0.9807399689862377,3,ST207Q03HA,0.051762495
CHE,BULLY_VERBAL,0.9807399689862377,4,ST207Q05HA,0.037073813
CHE,BULLY_VERBAL,0.9807399689862377,5,PERCOMP,0.033424363
CHE,BULLY_VERBAL,0.9807399689862377,6,ST207Q04HA,0.031866003
CHE,BULLY_VERBAL,0.9807399689862377,7,ST206Q01HA,0.030556709
CHE,BULLY_VERBAL,0.9807399689862377,8,ST207Q01HA,0.030202547
CHE,BULLY_VERBAL,0.9807399689862377,9,ST207Q02HA,0.027698753
CHE,BULLY_VERBAL,0.9807399689862377,10,EMOSUPS,0.026940823
CHE,BULLY_THREAT,0.9932935456342077,1,ST207Q03HA,0.10062784
CHE,BULLY_THREAT,0.9932935456342077,2,BELONG,0.051245615
CHE,BULLY_THREAT,0.9932935456342077,3,EMOSUPS,0.04853221
CHE,BULLY_THREAT,0.9932935456342077,4,PV1READ,0.048264474
CHE,BULLY_THREAT,0.9932935456342077,5,PERCOOP,0.04276558
CHE,BULLY_THREAT,0.9932935456342077,6,ST207Q02HA,0.034230713
CHE,BULLY_THREAT,0.9932935456342077,7,ST207Q04HA,0.030228386
CHE,BULLY_THREAT,0.9932935456342077,8,PERCOMP,0.026826192
CHE,BULLY_THREAT,0.9932935456342077,9,DISCLIMA,0.024483455
CHE,BULLY_THREAT,0.9932935456342077,10,ST206Q01HA,0.022225833
CHE,BULLY_PHYSICAL,0.9858353070374208,1,ST207Q03HA,0.15997966
CHE,BULLY_PHYSICAL,0.9858353070374208,2,EMOSUPS,0.058624763
CHE,BULLY_PHYSICAL,0.9858353070374208,3,BELONG,0.04118866
CHE,BULLY_PHYSICAL,0.9858353070374208,4,PERCOOP,0.036951497
CHE,BULLY_PHYSICAL,0.9858353070374208,5,PV1READ,0.035893157
CHE,BULLY_PHYSICAL,0.9858353070374208,6,ST207Q01HA,0.03129291
CHE,BULLY_PHYSICAL,0.9858353070374208,7,PERCOMP,0.028582333
CHE,BULLY_PHYSICAL,0.9858353070374208,8,ST207Q04HA,0.02688469
CHE,BULLY_PHYSICAL,0.9858353070374208,9,PV1MATH,0.021962369
CHE,BULLY_PHYSICAL,0.9858353070374208,10,GRADE,0.02183115
CHE,BULLY_RELATIONAL,0.9864873181692784,1,EMOSUPS,0.08645172
CHE,BULLY_RELATIONAL,0.9864873181692784,2,BELONG,0.061084036
CHE,BULLY_RELATIONAL,0.9864873181692784,3,ST207Q03HA,0.048327677
CHE,BULLY_RELATIONAL,0.9864873181692784,4,PERCOOP,0.040629968
CHE,BULLY_RELATIONAL,0.9864873181692784,5,ST207Q01HA,0.038967453
CHE,BULLY_RELATIONAL,0.9864873181692784,6,PERCOMP,0.033280022
CHE,BULLY_RELATIONAL,0.9864873181692784,7,ST207Q05HA,0.02955655
CHE,BULLY_RELATIONAL,0.9864873181692784,8,ST207Q04HA,0.028398525
CHE,BULLY_RELATIONAL,0.9864873181692784,9,PV1MATH,0.02805072
CHE,BULLY_RELATIONAL,0.9864873181692784,10,ST206Q01HA,0.027646769
CHL,BULLY_VERBAL,0.9708639624527475,1,ST206Q01HA,0.06075288
CHL,BULLY_VERBAL,0.9708639624527475,2,BELONG,0.051247586
CHL,BULLY_VERBAL,0.9708639624527475,3,EMOSUPS,0.046034865
CHL,BULLY_VERBAL,0.9708639624527475,4,ST207Q02HA,0.04198003
CHL,BULLY_VERBAL,0.9708639624527475,5,PERCOMP,0.039552547
CHL,BULLY_VERBAL,0.9708639624527475,6,ST207Q01HA,0.03938681
CHL,BULLY_VERBAL,0.9708639624527475,7,ST207Q03HA,0.036555152
CHL,BULLY_VERBAL,0.9708639624527475,8,ST004D01T,0.033527505
CHL,BULLY_VERBAL,0.9708639624527475,9,PERCOOP,0.032744817
CHL,BULLY_VERBAL,0.9708639624527475,10,ST207Q05HA,0.025605803
CHL,BULLY_THREAT,0.9918148062151596,1,EMOSUPS,0.047242507
CHL,BULLY_THREAT,0.9918148062151596,2,ST207Q03HA,0.04708412
CHL,BULLY_THREAT,0.9918148062151596,3,PV1READ,0.04562748
CHL,BULLY_THREAT,0.9918148062151596,4,ST207Q02HA,0.044922058
CHL,BULLY_THREAT,0.9918148062151596,5,ST207Q05HA,0.03730107
CHL,BULLY_THREAT,0.9918148062151596,6,ST004D01T,0.03702943
CHL,BULLY_THREAT,0.9918148062151596,7,ST206Q01HA,0.035961308
CHL,BULLY_THREAT,0.9918148062151596,8,ST207Q01HA,0.034478415
CHL,BULLY_THREAT,0.9918148062151596,9,BELONG,0.031655777
CHL,BULLY_THREAT,0.9918148062151596,10,COMPETE,0.027163774
CHL,BULLY_PHYSICAL,0.9801199065904949,1,EMOSUPS,0.06519202
CHL,BULLY_PHYSICAL,0.9801199065904949,2,ST206Q01HA,0.054614976
CHL,BULLY_PHYSICAL,0.9801199065904949,3,BELONG,0.047306422
CHL,BULLY_PHYSICAL,0.9801199065904949,4,ST207Q01HA,0.037463523
CHL,BULLY_PHYSICAL,0.9801199065904949,5,ST004D01T,0.035923902
CHL,BULLY_PHYSICAL,0.9801199065904949,6,ST207Q03HA,0.0341378
CHL,BULLY_PHYSICAL,0.9801199065904949,7,PERCOMP,0.031740256
CHL,BULLY_PHYSICAL,0.9801199065904949,8,PV1READ,0.030573841
CHL,BULLY_PHYSICAL,0.9801199065904949,9,ST207Q05HA,0.029935896
CHL,BULLY_PHYSICAL,0.9801199065904949,10,ST207Q02HA,0.02831468
CHL,BULLY_RELATIONAL,0.9738304544704305,1,BELONG,0.06025036
CHL,BULLY_RELATIONAL,0.9738304544704305,2,ST207Q01HA,0.05755514
CHL,BULLY_RELATIONAL,0.9738304544704305,3,EMOSUPS,0.049100455
CHL,BULLY_RELATIONAL,0.9738304544704305,4,ST207Q02HA,0.047202338
CHL,BULLY_RELATIONAL,0.9738304544704305,5,ST207Q03HA,0.04266721
CHL,BULLY_RELATIONAL,0.9738304544704305,6,ST206Q01HA,0.03686657
CHL,BULLY_RELATIONAL,0.9738304544704305,7,ST207Q05HA,0.034059178
CHL,BULLY_RELATIONAL,0.9738304544704305,8,PERCOOP,0.02873821
CHL,BULLY_RELATIONAL,0.9738304544704305,9,PERCOMP,0.028332088
CHL,BULLY_RELATIONAL,0.9738304544704305,10,PV1READ,0.027437637
COL,BULLY_VERBAL,0.9530184743225986,1,BELONG,0.05309104
COL,BULLY_VERBAL,0.9530184743225986,2,PERCOMP,0.049959313
COL,BULLY_VERBAL,0.9530184743225986,3,EMOSUPS,0.049389597
COL,BULLY_VERBAL,0.9530184743225986,4,ST207Q01HA,0.04246114
COL,BULLY_VERBAL,0.9530184743225986,5,PERCOOP,0.03587467
COL,BULLY_VERBAL,0.9530184743225986,6,DISCLIMA,0.033028543
COL,BULLY_VERBAL,0.9530184743225986,7,ST206Q01HA,0.03177461
COL,BULLY_VERBAL,0.9530184743225986,8,ST207Q05HA,0.027653964
COL,BULLY_VERBAL,0.9530184743225986,9,ST004D01T,0.026366578
COL,BULLY_VERBAL,0.9530184743225986,10,ST207Q04HA,0.025672022
COL,BULLY_THREAT,0.9717698299652684,1,PV1READ,0.0441604
COL,BULLY_THREAT,0.9717698299652684,2,EMOSUPS,0.04397006
COL,BULLY_THREAT,0.9717698299652684,3,PERCOMP,0.041255713
COL,BULLY_THREAT,0.9717698299652684,4,ST207Q02HA,0.04086366
COL,BULLY_THREAT,0.9717698299652684,5,BELONG,0.04049823
COL,BULLY_THREAT,0.9717698299652684,6,ST184Q01HA,0.038711328
COL,BULLY_THREAT,0.9717698299652684,7,PERCOOP,0.0383974
COL,BULLY_THREAT,0.9717698299652684,8,ST004D01T,0.034821827
COL,BULLY_THREAT,0.9717698299652684,9,ST207Q03HA,0.032930285
COL,BULLY_THREAT,0.9717698299652684,10,ST206Q01HA,0.031405002
COL,BULLY_PHYSICAL,0.9608663410728853,1,EMOSUPS,0.0635498
COL,BULLY_PHYSICAL,0.9608663410728853,2,ST004D01T,0.05297778
COL,BULLY_PHYSICAL,0.9608663410728853,3,ST207Q02HA,0.052097693
COL,BULLY_PHYSICAL,0.9608663410728853,4,BELONG,0.04336653
COL,BULLY_PHYSICAL,0.9608663410728853,5,PV1READ,0.038853087
COL,BULLY_PHYSICAL,0.9608663410728853,6,PERCOMP,0.034462042
COL,BULLY_PHYSICAL,0.9608663410728853,7,ST184Q01HA,0.032886464
COL,BULLY_PHYSICAL,0.9608663410728853,8,PERCOOP,0.03139421
COL,BULLY_PHYSICAL,0.9608663410728853,9,ST207Q01HA,0.030932667
COL,BULLY_PHYSICAL,0.9608663410728853,10,ST207Q05HA,0.030286111
COL,BULLY_RELATIONAL,0.9547078948408256,1,BELONG,0.066154666
COL,BULLY_RELATIONAL,0.9547078948408256,2,EMOSUPS,0.065712005
COL,BULLY_RELATIONAL,0.9547078948408256,3,ST206Q01HA,0.036823604
COL,BULLY_RELATIONAL,0.9547078948408256,4,ST207Q05HA,0.032735534
COL,BULLY_RELATIONAL,0.9547078948408256,5,PERCOMP,0.032603644
COL,BULLY_RELATIONAL,0.9547078948408256,6,PERCOOP,0.030791596
COL,BULLY_RELATIONAL,0.9547078948408256,7,DISCLIMA,0.03042537
COL,BULLY_RELATIONAL,0.9547078948408256,8,ST207Q02HA,0.027106076
COL,BULLY_RELATIONAL,0.9547078948408256,9,ST184Q01HA,0.026632864
COL,BULLY_RELATIONAL,0.9547078948408256,10,ST207Q01HA,0.023844022
CRI,BULLY_VERBAL,0.9495214463369097,1,BELONG,0.0932029
CRI,BULLY_VERBAL,0.9495214463369097,2,DISCLIMA,0.033625893
CRI,BULLY_VERBAL,0.9495214463369097,3,EMOSUPS,0.030044584
CRI,BULLY_VERBAL,0.9495214463369097,4,ST207Q04HA,0.028232055
CRI,BULLY_VERBAL,0.9495214463369097,5,SWBP,0.02794147
CRI,BULLY_VERBAL,0.9495214463369097,6,GFOFAIL,0.02642985
CRI,BULLY_VERBAL,0.9495214463369097,7,ST207Q01HA,0.02545705
CRI,BULLY_VERBAL,0.9495214463369097,8,ST207Q03HA,0.02465213
CRI,BULLY_VERBAL,0.9495214463369097,9,PERCOMP,0.02442323
CRI,BULLY_VERBAL,0.9495214463369097,10,TEACHINT,0.023759412
CRI,BULLY_THREAT,0.9697561389731943,1,BELONG,0.07503184
CRI,BULLY_THREAT,0.9697561389731943,2,EMOSUPS,0.038820073
CRI,BULLY_THREAT,0.9697561389731943,3,PV1READ,0.035281748
CRI,BULLY_THREAT,0.9697561389731943,4,ST207Q02HA,0.030580323
CRI,BULLY_THREAT,0.9697561389731943,5,ST206Q01HA,0.030070744
CRI,BULLY_THREAT,0.9697561389731943,6,DISCLIMA,0.027478823
CRI,BULLY_THREAT,0.9697561389731943,7,PERCOMP,0.026323859
CRI,BULLY_THREAT,0.9697561389731943,8,REPEAT,0.026314873
CRI,BULLY_THREAT,0.9697561389731943,9,TEACHINT,0.024874765
CRI,BULLY_THREAT,0.9697561389731943,10,ST207Q04HA,0.024653912
CRI,BULLY_PHYSICAL,0.9716406134652297,1,PV1READ,0.05728316
CRI,BULLY_PHYSICAL,0.9716406134652297,2,EMOSUPS,0.043657146
CRI,BULLY_PHYSICAL,0.9716406134652297,3,ST207Q02HA,0.04253439
CRI,BULLY_PHYSICAL,0.9716406134652297,4,BELONG,0.042348936
CRI,BULLY_PHYSICAL,0.9716406134652297,5,DISCLIMA,0.03494224
CRI,BULLY_PHYSICAL,0.9716406134652297,6,ST207Q05HA,0.034431033
CRI,BULLY_PHYSICAL,0.9716406134652297,7,ST004D01T,0.033332404
CRI,BULLY_PHYSICAL,0.9716406134652297,8,REPEAT,0.02691873
CRI,BULLY_PHYSICAL,0.9716406134652297,9,ST206Q01HA,0.025477402
CRI,BULLY_PHYSICAL,0.9716406134652297,10,ST207Q03HA,0.02508266
CRI,BULLY_RELATIONAL,0.9400155709017011,1,BELONG,0.06796161
CRI,BULLY_RELATIONAL,0.9400155709017011,2,EMOSUPS,0.03443726
CRI,BULLY_RELATIONAL,0.9400155709017011,3,GFOFAIL,0.033801187
CRI,BULLY_RELATIONAL,0.9400155709017011,4,ST207Q01HA,0.03279
CRI,BULLY_RELATIONAL,0.9400155709017011,5,ST207Q02HA,0.032038547
CRI,BULLY_RELATIONAL,0.9400155709017011,6,PERCOMP,0.028685048
CRI,BULLY_RELATIONAL,0.9400155709017011,7,DISCLIMA,0.026296856
CRI,BULLY_RELATIONAL,0.9400155709017011,8,PERCOOP,0.025231121
CRI,BULLY_RELATIONAL,0.9400155709017011,9,ST207Q04HA,0.024976222
CRI,BULLY_RELATIONAL,0.9400155709017011,10,REPEAT,0.02460066
CZE,BULLY_VERBAL,0.9453155567412007,1,BELONG,0.07641639
CZE,BULLY_VERBAL,0.9453155567412007,2,PERCOMP,0.048182778
CZE,BULLY_VERBAL,0.9453155567412007,3,SWBP,0.03454437
CZE,BULLY_VERBAL,0.9453155567412007,4,DISCLIMA,0.03369182
CZE,BULLY_VERBAL,0.9453155567412007,5,PERCOOP,0.029743012
CZE,BULLY_VERBAL,0.9453155567412007,6,ST207Q01HA,0.027467184
CZE,BULLY_VERBAL,0.9453155567412007,7,ST206Q01HA,0.02528387
CZE,BULLY_VERBAL,0.9453155567412007,8,EMOSUPS,0.025225997
CZE,BULLY_VERBAL,0.9453155567412007,9,GFOFAIL,0.025032436
CZE,BULLY_VERBAL,0.9453155567412007,10,ST004D01T,0.024760468
CZE,BULLY_THREAT,0.9818320616679227,1,BELONG,0.051860645
CZE,BULLY_THREAT,0.9818320616679227,2,PERCOMP,0.051320467
CZE,BULLY_THREAT,0.9818320616679227,3,PV1READ,0.041081514
CZE,BULLY_THREAT,0.9818320616679227,4,ST207Q05HA,0.034837585
CZE,BULLY_THREAT,0.9818320616679227,5,EMOSUPS,0.033363555
CZE,BULLY_THREAT,0.9818320616679227,6,DISCLIMA,0.030932298
CZE,BULLY_THREAT,0.9818320616679227,7,WORKMAST,0.030580804
CZE,BULLY_THREAT,0.9818320616679227,8,ST004D01T,0.030191211
CZE,BULLY_THREAT,0.9818320616679227,9,ST207Q02HA,0.026753206
CZE,BULLY_THREAT,0.9818320616679227,10,SWBP,0.02625628
CZE,BULLY_PHYSICAL,0.9465095345060284,1,PERCOMP,0.06623134
CZE,BULLY_PHYSICAL,0.9465095345060284,2,ST207Q02HA,0.04141177
CZE,BULLY_PHYSICAL,0.9465095345060284,3,ST004D01T,0.034928825
CZE,BULLY_PHYSICAL,0.9465095345060284,4,ST207Q03HA,0.032843273
CZE,BULLY_PHYSICAL,0.9465095345060284,5,BELONG,0.031014066
CZE,BULLY_PHYSICAL,0.9465095345060284,6,PV1READ,0.03095056
CZE,BULLY_PHYSICAL,0.9465095345060284,7,ST207Q04HA,0.02927439
CZE,BULLY_PHYSICAL,0.9465095345060284,8,DISCLIMA,0.028923562
CZE,BULLY_PHYSICAL,0.9465095345060284,9,ST207Q01HA,0.028338255
CZE,BULLY_PHYSICAL,0.9465095345060284,10,ST206Q01HA,0.027848573
CZE,BULLY_RELATIONAL,0.9461935906689287,1,BELONG,0.06337448
CZE,BULLY_RELATIONAL,0.9461935906689287,2,PERCOMP,0.0482401
CZE,BULLY_RELATIONAL,0.9461935906689287,3,ST206Q01HA,0.037375554
CZE,BULLY_RELATIONAL,0.9461935906689287,4,PERCOOP,0.033225764
CZE,BULLY_RELATIONAL,0.9461935906689287,5,DISCLIMA,0.032227628
CZE,BULLY_RELATIONAL,0.9461935906689287,6,ST207Q05HA,0.029764097
CZE,BULLY_RELATIONAL,0.9461935906689287,7,ST207Q01HA,0.02879637
CZE,BULLY_RELATIONAL,0.9461935906689287,8,SWBP,0.028671768
CZE,BULLY_RELATIONAL,0.9461935906689287,9,PV1READ,0.028523726
CZE,BULLY_RELATIONAL,0.9461935906689287,10,ST207Q04HA,0.026322827
DEU,BULLY_VERBAL,0.9901186939962776,1,BELONG,0.069734186
DEU,BULLY_VERBAL,0.9901186939962776,2,PERCOMP,0.064602
DEU,BULLY_VERBAL,0.9901186939962776,3,PERCOOP,0.06112296
DEU,BULLY_VERBAL,0.9901186939962776,4,ST206Q01HA,0.047778104
DEU,BULLY_VERBAL,0.9901186939962776,5,ST207Q02HA,0.041725453
DEU,BULLY_VERBAL,0.9901186939962776,6,ST207Q01HA,0.032759704
DEU,BULLY_VERBAL,0.9901186939962776,7,ST207Q05HA,0.03142841
DEU,BULLY_VERBAL,0.9901186939962776,8,ST207Q04HA,0.030410202
DEU,BULLY_VERBAL,0.9901186939962776,9,EMOSUPS,0.028633622
DEU,BULLY_VERBAL,0.9901186939962776,10,ST207Q03HA,0.02699774
DEU,BULLY_THREAT,0.997021411655558,1,ST207Q03HA,0.15178803
DEU,BULLY_THREAT,0.997021411655558,2,ST206Q01HA,0.06300905
DEU,BULLY_THREAT,0.997021411655558,3,ST207Q02HA,0.06145149
DEU,BULLY_THREAT,0.997021411655558,4,PERCOOP,0.04860708
DEU,BULLY_THREAT,0.997021411655558,5,ST004D01T,0.03817556
DEU,BULLY_THREAT,0.997021411655558,6,BELONG,0.02985924
DEU,BULLY_THREAT,0.997021411655558,7,PERCOMP,0.029551929
DEU,BULLY_THREAT,0.997021411655558,8,PV1READ,0.02742383
DEU,BULLY_THREAT,0.997021411655558,9,PV1SCIE,0.025662461
DEU,BULLY_THREAT,0.997021411655558,10,DISCLIMA,0.02235811
DEU,BULLY_PHYSICAL,0.9948174812778119,1,ST207Q03HA,0.14258027
DEU,BULLY_PHYSICAL,0.9948174812778119,2,PERCOOP,0.066307016
DEU,BULLY_PHYSICAL,0.9948174812778119,3,ST207Q02HA,0.05449013
DEU,BULLY_PHYSICAL,0.9948174812778119,4,ST206Q01HA,0.037860654
DEU,BULLY_PHYSICAL,0.9948174812778119,5,PERCOMP,0.035304125
DEU,BULLY_PHYSICAL,0.9948174812778119,6,BELONG,0.030320229
DEU,BULLY_PHYSICAL,0.9948174812778119,7,ST004D01T,0.028429627
DEU,BULLY_PHYSICAL,0.9948174812778119,8,ST207Q01HA,0.027723983
DEU,BULLY_PHYSICAL,0.9948174812778119,9,PV1READ,0.02569245
DEU,BULLY_PHYSICAL,0.9948174812778119,10,EMOSUPS,0.024797557
DEU,BULLY_RELATIONAL,0.9953596136274638,1,ST206Q01HA,0.10524969
DEU,BULLY_RELATIONAL,0.9953596136274638,2,PERCOOP,0.05532435
DEU,BULLY_RELATIONAL,0.9953596136274638,3,ST207Q02HA,0.052174374
DEU,BULLY_RELATIONAL,0.9953596136274638,4,ST207Q01HA,0.05112697
DEU,BULLY_RELATIONAL,0.9953596136274638,5,BELONG,0.04772417
DEU,BULLY_RELATIONAL,0.9953596136274638,6,ST207Q03HA,0.045891345
DEU,BULLY_RELATIONAL,0.9953596136274638,7,ST207Q05HA,0.04232072
DEU,BULLY_RELATIONAL,0.9953596136274638,8,ST207Q04HA,0.041300938
DEU,BULLY_RELATIONAL,0.9953596136274638,9,PERCOMP,0.033329558
DEU,BULLY_RELATIONAL,0.9953596136274638,10,PV1MATH,0.019395841
DNK,BULLY_VERBAL,0.9446935537668472,1,BELONG,0.08722198
DNK,BULLY_VERBAL,0.9446935537668472,2,ST004D01T,0.03958485
DNK,BULLY_VERBAL,0.9446935537668472,3,ST207Q01HA,0.03539465
DNK,BULLY_VERBAL,0.9446935537668472,4,SWBP,0.034421295
DNK,BULLY_VERBAL,0.9446935537668472,5,PERCOMP,0.034415066
DNK,BULLY_VERBAL,0.9446935537668472,6,ST207Q02HA,0.030836586
DNK,BULLY_VERBAL,0.9446935537668472,7,ST207Q03HA,0.028195545
DNK,BULLY_VERBAL,0.9446935537668472,8,PERCOOP,0.027733412
DNK,BULLY_VERBAL,0.9446935537668472,9,EMOSUPS,0.025746694
DNK,BULLY_VERBAL,0.9446935537668472,10,ST206Q01HA,0.025354922
DNK,BULLY_THREAT,0.9935166691489943,1,BELONG,0.06673648
DNK,BULLY_THREAT,0.9935166691489943,2,ST004D01T,0.053568475
DNK,BULLY_THREAT,0.9935166691489943,3,PERCOMP,0.038269978
DNK,BULLY_THREAT,0.9935166691489943,4,PERCOOP,0.035789173
DNK,BULLY_THREAT,0.9935166691489943,5,ST206Q01HA,0.032985494
DNK,BULLY_THREAT,0.9935166691489943,6,PV1READ,0.032302823
DNK,BULLY_THREAT,0.9935166691489943,7,ST207Q03HA,0.03116664
DNK,BULLY_THREAT,0.9935166691489943,8,ST207Q01HA,0.030773511
DNK,BULLY_THREAT,0.9935166691489943,9,ST184Q01HA,0.029698273
DNK,BULLY_THREAT,0.9935166691489943,10,DISCLIMA,0.029596794
DNK,BULLY_PHYSICAL,0.9643872307449233,1,EMOSUPS,0.041391615
DNK,BULLY_PHYSICAL,0.9643872307449233,2,PERCOMP,0.04138808
DNK,BULLY_PHYSICAL,0.9643872307449233,3,ST207Q03HA,0.03894915
DNK,BULLY_PHYSICAL,0.9643872307449233,4,ST004D01T,0.038296938
DNK,BULLY_PHYSICAL,0.9643872307449233,5,PERCOOP,0.037831698
DNK,BULLY_PHYSICAL,0.9643872307449233,6,BELONG,0.035961814
DNK,BULLY_PHYSICAL,0.9643872307449233,7,ST206Q01HA,0.033277165
DNK,BULLY_PHYSICAL,0.9643872307449233,8,ST184Q01HA,0.031647794
DNK,BULLY_PHYSICAL,0.9643872307449233,9,ST207Q02HA,0.031178141
DNK,BULLY_PHYSICAL,0.9643872307449233,10,ST207Q04HA,0.029218834
DNK,BULLY_RELATIONAL,0.9721536011808356,1,ST206Q01HA,0.077571265
DNK,BULLY_RELATIONAL,0.9721536011808356,2,BELONG,0.07046672
DNK,BULLY_RELATIONAL,0.9721536011808356,3,SWBP,0.034779523
DNK,BULLY_RELATIONAL,0.9721536011808356,4,PERCOOP,0.033482987
DNK,BULLY_RELATIONAL,0.9721536011808356,5,PERCOMP,0.032127637
DNK,BULLY_RELATIONAL,0.9721536011808356,6,PV1READ,0.03051647
DNK,BULLY_RELATIONAL,0.9721536011808356,7,EMOSUPS,0.027814683
DNK,BULLY_RELATIONAL,0.9721536011808356,8,GFOFAIL,0.027734553
DNK,BULLY_RELATIONAL,0.9721536011808356,9,ST207Q01HA,0.026119184
DNK,BULLY_RELATIONAL,0.9721536011808356,10,ST207Q02HA,0.024076955
DOM,BULLY_VERBAL,0.9930124212108546,1,PERCOOP,0.13723622
DOM,BULLY_VERBAL,0.9930124212108546,2,PERCOMP,0.12007999
DOM,BULLY_VERBAL,0.9930124212108546,3,ST207Q05HA,0.0549349
DOM,BULLY_VERBAL,0.9930124212108546,4,BELONG,0.03515509
DOM,BULLY_VERBAL,0.9930124212108546,5,ST207Q04HA,0.030570721
DOM,BULLY_VERBAL,0.9930124212108546,6,ST206Q01HA,0.029968522
DOM,BULLY_VERBAL,0.9930124212108546,7,ST207Q03HA,0.027107466
DOM,BULLY_VERBAL,0.9930124212108546,8,ST207Q02HA,0.026682649
DOM,BULLY_VERBAL,0.9930124212108546,9,ST207Q01HA,0.02218083
DOM,BULLY_VERBAL,0.9930124212108546,10,EMOSUPS,0.019579113
DOM,BULLY_THREAT,0.9937612204977867,1,PERCOOP,0.15352106
DOM,BULLY_THREAT,0.9937612204977867,2,PERCOMP,0.11335765
DOM,BULLY_THREAT,0.9937612204977867,3,ST206Q01HA,0.0324787
DOM,BULLY_THREAT,0.9937612204977867,4,PV1READ,0.031240268
DOM,BULLY_THREAT,0.9937612204977867,5,BELONG,0.031054268
DOM,BULLY_THREAT,0.9937612204977867,6,ST207Q04HA,0.025342362
DOM,BULLY_THREAT,0.9937612204977867,7,ST207Q03HA,0.025283724
DOM,BULLY_THREAT,0.9937612204977867,8,EMOSUPS,0.025040258
DOM,BULLY_THREAT,0.9937612204977867,9,ST004D01T,0.02457622
DOM,BULLY_THREAT,0.9937612204977867,10,SCREADDIFF,0.020712018
DOM,BULLY_PHYSICAL,0.9929702969881748,1,PERCOOP,0.1442491
DOM,BULLY_PHYSICAL,0.9929702969881748,2,PERCOMP,0.12452374
DOM,BULLY_PHYSICAL,0.9929702969881748,3,ST207Q01HA,0.041792095
DOM,BULLY_PHYSICAL,0.9929702969881748,4,ST207Q05HA,0.03851783
DOM,BULLY_PHYSICAL,0.9929702969881748,5,PV1READ,0.02958436
DOM,BULLY_PHYSICAL,0.9929702969881748,6,BELONG,0.02871135
DOM,BULLY_PHYSICAL,0.9929702969881748,7,ST207Q03HA,0.025825428
DOM,BULLY_PHYSICAL,0.9929702969881748,8,ST207Q04HA,0.02370825
DOM,BULLY_PHYSICAL,0.9929702969881748,9,ST207Q02HA,0.023059035
DOM,BULLY_PHYSICAL,0.9929702969881748,10,EMOSUPS,0.021591924
DOM,BULLY_RELATIONAL,0.9913260280719034,1,PERCOMP,0.13313073
DOM,BULLY_RELATIONAL,0.9913260280719034,2,PERCOOP,0.120396435
DOM,BULLY_RELATIONAL,0.9913260280719034,3,ST207Q05HA,0.08136762
DOM,BULLY_RELATIONAL,0.9913260280719034,4,BELONG,0.035363887
DOM,BULLY_RELATIONAL,0.9913260280719034,5,ST207Q03HA,0.026872672
DOM,BULLY_RELATIONAL,0.9913260280719034,6,PV1READ,0.026470674
DOM,BULLY_RELATIONAL,0.9913260280719034,7,ST207Q04HA,0.02236812
DOM,BULLY_RELATIONAL,0.9913260280719034,8,EMOSUPS,0.02220548
DOM,BULLY_RELATIONAL,0.9913260280719034,9,REPEAT,0.021081174
DOM,BULLY_RELATIONAL,0.9913260280719034,10,ST207Q02HA,0.018992696
ESP,BULLY_VERBAL,0.905013915926225,1,BELONG,0.14115442
ESP,BULLY_VERBAL,0.905013915926225,2,PERCOMP,0.050672673
ESP,BULLY_VERBAL,0.905013915926225,3,ST206Q01HA,0.04405394
ESP,BULLY_VERBAL,0.905013915926225,4,EMOSUPS,0.041560307
ESP,BULLY_VERBAL,0.905013915926225,5,ST207Q01HA,0.040385928
ESP,BULLY_VERBAL,0.905013915926225,6,ST207Q03HA,0.03619067
ESP,BULLY_VERBAL,0.905013915926225,7,ST207Q02HA,0.035793424
ESP,BULLY_VERBAL,0.905013915926225,8,GFOFAIL,0.027652286
ESP,BULLY_VERBAL,0.905013915926225,9,ST004D01T,0.026145287
ESP,BULLY_VERBAL,0.905013915926225,10,PERCOOP,0.02372857
ESP,BULLY_THREAT,0.9517281721646147,1,ST207Q02HA,0.080903694
ESP,BULLY_THREAT,0.9517281721646147,2,ST207Q03HA,0.08025087
ESP,BULLY_THREAT,0.9517281721646147,3,EMOSUPS,0.05945609
ESP,BULLY_THREAT,0.9517281721646147,4,BELONG,0.058483843
ESP,BULLY_THREAT,0.9517281721646147,5,ST207Q01HA,0.052966714
ESP,BULLY_THREAT,0.9517281721646147,6,ST206Q01HA,0.043540556
ESP,BULLY_THREAT,0.9517281721646147,7,PV1READ,0.036154557
ESP,BULLY_THREAT,0.9517281721646147,8,PERCOMP,0.033294946
ESP,BULLY_THREAT,0.9517281721646147,9,ST004D01T,0.03319522
ESP,BULLY_THREAT,0.9517281721646147,10,PV1SCIE,0.03184705
ESP,BULLY_PHYSICAL,0.9086495736034946,1,ST207Q01HA,0.10098644
ESP,BULLY_PHYSICAL,0.9086495736034946,2,ST207Q02HA,0.091525756
ESP,BULLY_PHYSICAL,0.9086495736034946,3,ST207Q03HA,0.0704475
ESP,BULLY_PHYSICAL,0.9086495736034946,4,BELONG,0.05675482
ESP,BULLY_PHYSICAL,0.9086495736034946,5,EMOSUPS,0.05096287
ESP,BULLY_PHYSICAL,0.9086495736034946,6,ST004D01T,0.0367354
ESP,BULLY_PHYSICAL,0.9086495736034946,7,ST207Q05HA,0.032826442
ESP,BULLY_PHYSICAL,0.9086495736034946,8,ST206Q01HA,0.032522205
ESP,BULLY_PHYSICAL,0.9086495736034946,9,PERCOMP,0.032497205
ESP,BULLY_PHYSICAL,0.9086495736034946,10,REPEAT,0.032375205
ESP,BULLY_RELATIONAL,0.9053217457665501,1,BELONG,0.10322424
ESP,BULLY_RELATIONAL,0.9053217457665501,2,EMOSUPS,0.069254026
ESP,BULLY_RELATIONAL,0.9053217457665501,3,ST206Q01HA,0.05960937
ESP,BULLY_RELATIONAL,0.9053217457665501,4,ST207Q01HA,0.04587547
ESP,BULLY_RELATIONAL,0.9053217457665501,5,ST207Q02HA,0.045719467
ESP,BULLY_RELATIONAL,0.9053217457665501,6,PERCOMP,0.04356457
ESP,BULLY_RELATIONAL,0.9053217457665501,7,ST207Q03HA,0.0409819
ESP,BULLY_RELATIONAL,0.9053217457665501,8,PV1MATH,0.031994365
ESP,BULLY_RELATIONAL,0.9053217457665501,9,PV1SCIE,0.030840972
ESP,BULLY_RELATIONAL,0.9053217457665501,10,REPEAT,0.02964871
EST,BULLY_VERBAL,0.9417598207518912,1,BELONG,0.07633547
EST,BULLY_VERBAL,0.9417598207518912,2,PERCOMP,0.037725784
EST,BULLY_VERBAL,0.9417598207518912,3,ST004D01T,0.036264416
EST,BULLY_VERBAL,0.9417598207518912,4,EMOSUPS,0.03553089
EST,BULLY_VERBAL,0.9417598207518912,5,ST207Q02HA,0.027829671
EST,BULLY_VERBAL,0.9417598207518912,6,COMPETE,0.026593465
EST,BULLY_VERBAL,0.9417598207518912,7,DISCLIMA,0.02451514
EST,BULLY_VERBAL,0.9417598207518912,8,GFOFAIL,0.024110885
EST,BULLY_VERBAL,0.9417598207518912,9,ST207Q01HA,0.023269976
EST,BULLY_VERBAL,0.9417598207518912,10,TEACHINT,0.02300469
EST,BULLY_THREAT,0.9881516472750729,1,BELONG,0.058638364
EST,BULLY_THREAT,0.9881516472750729,2,ST207Q01HA,0.050500553
EST,BULLY_THREAT,0.9881516472750729,3,ST004D01T,0.048584398
EST,BULLY_THREAT,0.9881516472750729,4,PV1READ,0.04543984
EST,BULLY_THREAT,0.9881516472750729,5,ST207Q02HA,0.03256209
EST,BULLY_THREAT,0.9881516472750729,6,EMOSUPS,0.031688035
EST,BULLY_THREAT,0.9881516472750729,7,PERCOMP,0.03165135
EST,BULLY_THREAT,0.9881516472750729,8,DISCLIMA,0.026923347
EST,BULLY_THREAT,0.9881516472750729,9,ST207Q03HA,0.026283262
EST,BULLY_THREAT,0.9881516472750729,10,ATTLNACT,0.026270965
EST,BULLY_PHYSICAL,0.9754216787485932,1,ST207Q01HA,0.09513933
EST,BULLY_PHYSICAL,0.9754216787485932,2,ST207Q02HA,0.05517272
EST,BULLY_PHYSICAL,0.9754216787485932,3,ST004D01T,0.04478557
EST,BULLY_PHYSICAL,0.9754216787485932,4,BELONG,0.040904
EST,BULLY_PHYSICAL,0.9754216787485932,5,EMOSUPS,0.03270324
EST,BULLY_PHYSICAL,0.9754216787485932,6,PERCOMP,0.031550597
EST,BULLY_PHYSICAL,0.9754216787485932,7,ST207Q05HA,0.03100702
EST,BULLY_PHYSICAL,0.9754216787485932,8,DISCLIMA,0.025753979
EST,BULLY_PHYSICAL,0.9754216787485932,9,ST207Q04HA,0.025576187
EST,BULLY_PHYSICAL,0.9754216787485932,10,ST207Q03HA,0.025188435
EST,BULLY_RELATIONAL,0.9739083824297113,1,BELONG,0.07888963
EST,BULLY_RELATIONAL,0.9739083824297113,2,ST207Q02HA,0.034655746
EST,BULLY_RELATIONAL,0.9739083824297113,3,ST207Q04HA,0.034650505
EST,BULLY_RELATIONAL,0.9739083824297113,4,EMOSUPS,0.03324921
EST,BULLY_RELATIONAL,0.9739083824297113,5,PERCOMP,0.03233143
EST,BULLY_RELATIONAL,0.9739083824297113,6,ST207Q01HA,0.0299235
EST,BULLY_RELATIONAL,0.9739083824297113,7,PV1READ,0.027614368
EST,BULLY_RELATIONAL,0.9739083824297113,8,PV1SCIE,0.027302397
EST,BULLY_RELATIONAL,0.9739083824297113,9,PERCOOP,0.024494087
EST,BULLY_RELATIONAL,0.9739083824297113,10,ST184Q01HA,0.023292296
FIN,BULLY_VERBAL,0.9648812877876429,1,BELONG,0.091175735
FIN,BULLY_VERBAL,0.9648812877876429,2,ST207Q01HA,0.050378192
FIN,BULLY_VERBAL,0.9648812877876429,3,ST004D01T,0.037133027
FIN,BULLY_VERBAL,0.9648812877876429,4,GFOFAIL,0.034833882
FIN,BULLY_VERBAL,0.9648812877876429,5,ST207Q05HA,0.029692924
FIN,BULLY_VERBAL,0.9648812877876429,6,SWBP,0.029277746
FIN,BULLY_VERBAL,0.9648812877876429,7,ST207Q03HA,0.027900351
FIN,BULLY_VERBAL,0.9648812877876429,8,ST185Q01HA,0.027558176
FIN,BULLY_VERBAL,0.9648812877876429,9,PERCOOP,0.027369974
FIN,BULLY_VERBAL,0.9648812877876429,10,ST207Q02HA,0.026794014
FIN,BULLY_THREAT,0.992695611062958,1,BELONG,0.06247445
FIN,BULLY_THREAT,0.992695611062958,2,ST004D01T,0.046092816
FIN,BULLY_THREAT,0.992695611062958,3,ST207Q05HA,0.042868666
FIN,BULLY_THREAT,0.992695611062958,4,METASUM,0.04225458
FIN,BULLY_THREAT,0.992695611062958,5,SWBP,0.03212705
FIN,BULLY_THREAT,0.992695611062958,6,ST207Q03HA,0.029647777
FIN,BULLY_THREAT,0.992695611062958,7,ST207Q01HA,0.028969212
FIN,BULLY_THREAT,0.992695611062958,8,ST206Q01HA,0.028020138
FIN,BULLY_THREAT,0.992695611062958,9,METASPAM,0.026618859
FIN,BULLY_THREAT,0.992695611062958,10,PERCOMP,0.025350763
FIN,BULLY_PHYSICAL,0.986795791118221,1,ST004D01T,0.08304261
FIN,BULLY_PHYSICAL,0.986795791118221,2,BELONG,0.049558867
FIN,BULLY_PHYSICAL,0.986795791118221,3,ST207Q04HA,0.035112526
FIN,BULLY_PHYSICAL,0.986795791118221,4,EMOSUPS,0.031024406
FIN,BULLY_PHYSICAL,0.986795791118221,5,ST207Q03HA,0.030602055
FIN,BULLY_PHYSICAL,0.986795791118221,6,DISCLIMA,0.029891476
FIN,BULLY_PHYSICAL,0.986795791118221,7,PERCOOP,0.029624881
FIN,BULLY_PHYSICAL,0.986795791118221,8,ST207Q02HA,0.02943692
FIN,BULLY_PHYSICAL,0.986795791118221,9,GFOFAIL,0.028014986
FIN,BULLY_PHYSICAL,0.986795791118221,10,ST207Q01HA,0.026312161
FIN,BULLY_RELATIONAL,0.9829591648189209,1,BELONG,0.09961844
FIN,BULLY_RELATIONAL,0.9829591648189209,2,SWBP,0.042070974
FIN,BULLY_RELATIONAL,0.9829591648189209,3,ST207Q01HA,0.030932296
FIN,BULLY_RELATIONAL,0.9829591648189209,4,PERCOMP,0.030192394
FIN,BULLY_RELATIONAL,0.9829591648189209,5,ST207Q05HA,0.029458368
FIN,BULLY_RELATIONAL,0.9829591648189209,6,PERCOOP,0.027580963
FIN,BULLY_RELATIONAL,0.9829591648189209,7,GFOFAIL,0.025560666
FIN,BULLY_RELATIONAL,0.9829591648189209,8,PV1MATH,0.02526737
FIN,BULLY_RELATIONAL,0.9829591648189209,9,SCREADDIFF,0.02504983
FIN,BULLY_RELATIONAL,0.9829591648189209,10,GRADE,0.023909912
FRA,BULLY_VERBAL,0.9686047192458573,1,ST207Q02HA,0.07822037
FRA,BULLY_VERBAL,0.9686047192458573,2,BELONG,0.061857566
FRA,BULLY_VERBAL,0.9686047192458573,3,ST207Q01HA,0.051436163
FRA,BULLY_VERBAL,0.9686047192458573,4,ST207Q05HA,0.046621483
FRA,BULLY_VERBAL,0.9686047192458573,5,ST207Q04HA,0.03611456
FRA,BULLY_VERBAL,0.9686047192458573,6,PERCOMP,0.035720047
FRA,BULLY_VERBAL,0.9686047192458573,7,ST207Q03HA,0.034138504
FRA,BULLY_VERBAL,0.9686047192458573,8,PERCOOP,0.027739221
FRA,BULLY_VERBAL,0.9686047192458573,9,GFOFAIL,0.026520535
FRA,BULLY_VERBAL,0.9686047192458573,10,ST185Q01HA,0.02320696
FRA,BULLY_THREAT,0.9860756106338412,1,BELONG,0.063591495
FRA,BULLY_THREAT,0.9860756106338412,2,ST206Q01HA,0.059763007
FRA,BULLY_THREAT,0.9860756106338412,3,ST207Q03HA,0.051728904
FRA,BULLY_THREAT,0.9860756106338412,4,PV1SCIE,0.036298145
FRA,BULLY_THREAT,0.9860756106338412,5,ST207Q04HA,0.033531778
FRA,BULLY_THREAT,0.9860756106338412,6,PV1READ,0.03337309
FRA,BULLY_THREAT,0.9860756106338412,7,ST207Q02HA,0.03099087
FRA,BULLY_THREAT,0.9860756106338412,8,ST207Q05HA,0.029959152
FRA,BULLY_THREAT,0.9860756106338412,9,REPEAT,0.029549025
FRA,BULLY_THREAT,0.9860756106338412,10,EMOSUPS,0.028722117
FRA,BULLY_PHYSICAL,0.9795265559359478,1,BELONG,0.061285183
FRA,BULLY_PHYSICAL,0.9795265559359478,2,ST207Q01HA,0.04865535
FRA,BULLY_PHYSICAL,0.9795265559359478,3,ST207Q03HA,0.04606881
FRA,BULLY_PHYSICAL,0.9795265559359478,4,GRADE,0.04056712
FRA,BULLY_PHYSICAL,0.9795265559359478,5,ST206Q01HA,0.039951973
FRA,BULLY_PHYSICAL,0.9795265559359478,6,EMOSUPS,0.035149977
FRA,BULLY_PHYSICAL,0.9795265559359478,7,ST207Q02HA,0.033160947
FRA,BULLY_PHYSICAL,0.9795265559359478,8,PV1READ,0.032920487
FRA,BULLY_PHYSICAL,0.9795265559359478,9,ST207Q04HA,0.029786987
FRA,BULLY_PHYSICAL,0.9795265559359478,10,PV1SCIE,0.029719193
FRA,BULLY_RELATIONAL,0.9742437829602294,1,BELONG,0.06541288
FRA,BULLY_RELATIONAL,0.9742437829602294,2,ST207Q02HA,0.047581352
FRA,BULLY_RELATIONAL,0.9742437829602294,3,EMOSUPS,0.038302574
FRA,BULLY_RELATIONAL,0.9742437829602294,4,PERCOMP,0.03747692
FRA,BULLY_RELATIONAL,0.9742437829602294,5,ST207Q05HA,0.036280237
FRA,BULLY_RELATIONAL,0.9742437829602294,6,ST207Q04HA,0.029938513
FRA,BULLY_RELATIONAL,0.9742437829602294,7,PV1SCIE,0.029222114
FRA,BULLY_RELATIONAL,0.9742437829602294,8,ST206Q01HA,0.027780935
FRA,BULLY_RELATIONAL,0.9742437829602294,9,ST207Q03HA,0.027258756
FRA,BULLY_RELATIONAL,0.9742437829602294,10,ST207Q01HA,0.027246946
GBR,BULLY_VERBAL,0.889582822444094,1,BELONG,0.15043789
GBR,BULLY_VERBAL,0.889582822444094,2,ST207Q02HA,0.041282345
GBR,BULLY_VERBAL,0.889582822444094,3,ST004D01T,0.038178444
GBR,BULLY_VERBAL,0.889582822444094,4,ST185Q01HA,0.03593152
GBR,BULLY_VERBAL,0.889582822444094,5,GFOFAIL,0.03287937
GBR,BULLY_VERBAL,0.889582822444094,6,DISCLIMA,0.027933618
GBR,BULLY_VERBAL,0.889582822444094,7,ST207Q05HA,0.0269303
GBR,BULLY_VERBAL,0.889582822444094,8,ST207Q01HA,0.026766643
GBR,BULLY_VERBAL,0.889582822444094,9,ST207Q04HA,0.024524894
GBR,BULLY_VERBAL,0.889582822444094,10,PERCOMP,0.024163365
GBR,BULLY_THREAT,0.9466923687863792,1,BELONG,0.122468784
GBR,BULLY_THREAT,0.9466923687863792,2,ST207Q02HA,0.041306015
GBR,BULLY_THREAT,0.9466923687863792,3,ST004D01T,0.03588279
GBR,BULLY_THREAT,0.9466923687863792,4,ST207Q04HA,0.034738872
GBR,BULLY_THREAT,0.9466923687863792,5,DISCLIMA,0.03187447
GBR,BULLY_THREAT,0.9466923687863792,6,SWBP,0.031070564
GBR,BULLY_THREAT,0.9466923687863792,7,ST207Q01HA,0.029525619
GBR,BULLY_THREAT,0.9466923687863792,8,PV1READ,0.028918855
GBR,BULLY_THREAT,0.9466923687863792,9,ST207Q03HA,0.0281871
GBR,BULLY_THREAT,0.9466923687863792,10,ST184Q01HA,0.027099011
GBR,BULLY_PHYSICAL,0.9316231082717839,1,BELONG,0.10267172
GBR,BULLY_PHYSICAL,0.9316231082717839,2,ST004D01T,0.050166707
GBR,BULLY_PHYSICAL,0.9316231082717839,3,ST207Q04HA,0.04692723
GBR,BULLY_PHYSICAL,0.9316231082717839,4,DISCLIMA,0.03540466
GBR,BULLY_PHYSICAL,0.9316231082717839,5,ST207Q02HA,0.03326524
GBR,BULLY_PHYSICAL,0.9316231082717839,6,ST207Q01HA,0.030639648
GBR,BULLY_PHYSICAL,0.9316231082717839,7,ST184Q01HA,0.029318813
GBR,BULLY_PHYSICAL,0.9316231082717839,8,ST206Q01HA,0.027460098
GBR,BULLY_PHYSICAL,0.9316231082717839,9,ST207Q03HA,0.026986973
GBR,BULLY_PHYSICAL,0.9316231082717839,10,SWBP,0.025239773
GBR,BULLY_RELATIONAL,0.9278076384468491,1,BELONG,0.14438994
GBR,BULLY_RELATIONAL,0.9278076384468491,2,ST207Q01HA,0.048353005
GBR,BULLY_RELATIONAL,0.9278076384468491,3,SWBP,0.042148672
GBR,BULLY_RELATIONAL,0.9278076384468491,4,ST207Q02HA,0.03061813
GBR,BULLY_RELATIONAL,0.9278076384468491,5,GFOFAIL,0.028545273
GBR,BULLY_RELATIONAL,0.9278076384468491,6,ST207Q03HA,0.027973121
GBR,BULLY_RELATIONAL,0.9278076384468491,7,DISCLIMA,0.0273879
GBR,BULLY_RELATIONAL,0.9278076384468491,8,PV1READ,0.025647117
GBR,BULLY_RELATIONAL,0.9278076384468491,9,PERCOMP,0.023840066
GBR,BULLY_RELATIONAL,0.9278076384468491,10,ST207Q04HA,0.022954037
GEO,BULLY_VERBAL,0.965490049475166,1,BELONG,0.074985996
GEO,BULLY_VERBAL,0.965490049475166,2,ST207Q02HA,0.041211326
GEO,BULLY_VERBAL,0.965490049475166,3,PERCOMP,0.036665797
GEO,BULLY_VERBAL,0.965490049475166,4,ST185Q01HA,0.030357918
GEO,BULLY_VERBAL,0.965490049475166,5,PERCOOP,0.029448306
GEO,BULLY_VERBAL,0.965490049475166,6,MASTGOAL,0.02701291
GEO,BULLY_VERBAL,0.965490049475166,7,ATTLNACT,0.026931768
GEO,BULLY_VERBAL,0.965490049475166,8,ST207Q04HA,0.026753454
GEO,BULLY_VERBAL,0.965490049475166,9,GFOFAIL,0.026621148
GEO,BULLY_VERBAL,0.965490049475166,10,DISCLIMA,0.026554221
GEO,BULLY_THREAT,0.9799964446580988,1,ST207Q01HA,0.06775106
GEO,BULLY_THREAT,0.9799964446580988,2,BELONG,0.05563752
GEO,BULLY_THREAT,0.9799964446580988,3,ST207Q02HA,0.053818725
GEO,BULLY_THREAT,0.9799964446580988,4,ST004D01T,0.037176292
GEO,BULLY_THREAT,0.9799964446580988,5,EMOSUPS,0.034077924
GEO,BULLY_THREAT,0.9799964446580988,6,PV1READ,0.03384866
GEO,BULLY_THREAT,0.9799964446580988,7,SCREADDIFF,0.030228274
GEO,BULLY_THREAT,0.9799964446580988,8,MASTGOAL,0.029883109
GEO,BULLY_THREAT,0.9799964446580988,9,PERCOMP,0.029470583
GEO,BULLY_THREAT,0.9799964446580988,10,ST207Q03HA,0.029248651
GEO,BULLY_PHYSICAL,0.9542054225212745,1,ST207Q02HA,0.08192685
GEO,BULLY_PHYSICAL,0.9542054225212745,2,BELONG,0.07060233
GEO,BULLY_PHYSICAL,0.9542054225212745,3,EMOSUPS,0.05120702
GEO,BULLY_PHYSICAL,0.9542054225212745,4,ST207Q01HA,0.04178047
GEO,BULLY_PHYSICAL,0.9542054225212745,5,ST004D01T,0.041188806
GEO,BULLY_PHYSICAL,0.9542054225212745,6,PERCOOP,0.03026625
GEO,BULLY_PHYSICAL,0.9542054225212745,7,ST207Q05HA,0.029481702
GEO,BULLY_PHYSICAL,0.9542054225212745,8,PERCOMP,0.027769988
GEO,BULLY_PHYSICAL,0.9542054225212745,9,PV1READ,0.027469954
GEO,BULLY_PHYSICAL,0.9542054225212745,10,ST207Q03HA,0.026676932
GEO,BULLY_RELATIONAL,0.9596141690349747,1,BELONG,0.06312304
GEO,BULLY_RELATIONAL,0.9596141690349747,2,ST207Q01HA,0.052744966
GEO,BULLY_RELATIONAL,0.9596141690349747,3,ST207Q02HA,0.051867124
GEO,BULLY_RELATIONAL,0.9596141690349747,4,EMOSUPS,0.031874977
GEO,BULLY_RELATIONAL,0.9596141690349747,5,PERCOOP,0.030326651
GEO,BULLY_RELATIONAL,0.9596141690349747,6,PV1READ,0.029818937
GEO,BULLY_RELATIONAL,0.9596141690349747,7,PERCOMP,0.029611055
GEO,BULLY_RELATIONAL,0.9596141690349747,8,ST207Q04HA,0.029311728
GEO,BULLY_RELATIONAL,0.9596141690349747,9,DISCLIMA,0.027382752
GEO,BULLY_RELATIONAL,0.9596141690349747,10,ATTLNACT,0.026146851
GRC,BULLY_VERBAL,0.9439959997629951,1,BELONG,0.05607235
GRC,BULLY_VERBAL,0.9439959997629951,2,ST004D01T,0.038383376
GRC,BULLY_VERBAL,0.9439959997629951,3,ST207Q01HA,0.034436647
GRC,BULLY_VERBAL,0.9439959997629951,4,ST207Q05HA,0.03352969
GRC,BULLY_VERBAL,0.9439959997629951,5,PERCOMP,0.031666443
GRC,BULLY_VERBAL,0.9439959997629951,6,ST207Q03HA,0.030619396
GRC,BULLY_VERBAL,0.9439959997629951,7,ST206Q01HA,0.029247813
GRC,BULLY_VERBAL,0.9439959997629951,8,EMOSUPS,0.027688242
GRC,BULLY_VERBAL,0.9439959997629951,9,PERCOOP,0.026234807
GRC,BULLY_VERBAL,0.9439959997629951,10,GFOFAIL,0.025965914
GRC,BULLY_THREAT,0.9788056917777456,1,ST207Q02HA,0.10042002
GRC,BULLY_THREAT,0.9788056917777456,2,PV1READ,0.07015303
GRC,BULLY_THREAT,0.9788056917777456,3,ST207Q01HA,0.05122401
GRC,BULLY_THREAT,0.9788056917777456,4,ST004D01T,0.03884295
GRC,BULLY_THREAT,0.9788056917777456,5,ST207Q04HA,0.03613904
GRC,BULLY_THREAT,0.9788056917777456,6,ST206Q01HA,0.035749264
GRC,BULLY_THREAT,0.9788056917777456,7,BELONG,0.033081103
GRC,BULLY_THREAT,0.9788056917777456,8,EMOSUPS,0.030924156
GRC,BULLY_THREAT,0.9788056917777456,9,ST207Q03HA,0.028966604
GRC,BULLY_THREAT,0.9788056917777456,10,PERCOMP,0.028547952
GRC,BULLY_PHYSICAL,0.9613535495728,1,ST207Q01HA,0.15366827
GRC,BULLY_PHYSICAL,0.9613535495728,2,ST207Q02HA,0.078303546
GRC,BULLY_PHYSICAL,0.9613535495728,3,ST207Q04HA,0.05828535
GRC,BULLY_PHYSICAL,0.9613535495728,4,EMOSUPS,0.049418017
GRC,BULLY_PHYSICAL,0.9613535495728,5,ST004D01T,0.04153501
GRC,BULLY_PHYSICAL,0.9613535495728,6,PV1READ,0.029892227
GRC,BULLY_PHYSICAL,0.9613535495728,7,ST207Q03HA,0.026283374
GRC,BULLY_PHYSICAL,0.9613535495728,8,BELONG,0.026265213
GRC,BULLY_PHYSICAL,0.9613535495728,9,PERCOMP,0.024899583
GRC,BULLY_PHYSICAL,0.9613535495728,10,PERCOOP,0.021333562
GRC,BULLY_RELATIONAL,0.9659416011988556,1,BELONG,0.08460909
GRC,BULLY_RELATIONAL,0.9659416011988556,2,ST207Q02HA,0.04206606
GRC,BULLY_RELATIONAL,0.9659416011988556,3,EMOSUPS,0.040299427
GRC,BULLY_RELATIONAL,0.9659416011988556,4,ST207Q01HA,0.038874216
GRC,BULLY_RELATIONAL,0.9659416011988556,5,PV1READ,0.03523322
GRC,BULLY_RELATIONAL,0.9659416011988556,6,PERCOMP,0.03162598
GRC,BULLY_RELATIONAL,0.9659416011988556,7,ST004D01T,0.031605694
GRC,BULLY_RELATIONAL,0.9659416011988556,8,ST207Q04HA,0.029444182
GRC,BULLY_RELATIONAL,0.9659416011988556,9,ST207Q05HA,0.029270887
GRC,BULLY_RELATIONAL,0.9659416011988556,10,ST207Q03HA,0.02692444
HKG,BULLY_VERBAL,0.9190774181032075,1,ST004D01T,0.07235727
HKG,BULLY_VERBAL,0.9190774181032075,2,ST185Q01HA,0.047745526
HKG,BULLY_VERBAL,0.9190774181032075,3,BELONG,0.035377614
HKG,BULLY_VERBAL,0.9190774181032075,4,EMOSUPS,0.02920934
HKG,BULLY_VERBAL,0.9190774181032075,5,DISCLIMA,0.028292662
HKG,BULLY_VERBAL,0.9190774181032075,6,GFOFAIL,0.027715875
HKG,BULLY_VERBAL,0.9190774181032075,7,WORKMAST,0.02605922
HKG,BULLY_VERBAL,0.9190774181032075,8,ST207Q02HA,0.025585208
HKG,BULLY_VERBAL,0.9190774181032075,9,SWBP,0.023097169
HKG,BULLY_VERBAL,0.9190774181032075,10,METASUM,0.02270711
HKG,BULLY_THREAT,0.9804284802886982,1,BELONG,0.0756084
HKG,BULLY_THREAT,0.9804284802886982,2,ST004D01T,0.058227334
HKG,BULLY_THREAT,0.9804284802886982,3,PV1READ,0.032905325
HKG,BULLY_THREAT,0.9804284802886982,4,DISCLIMA,0.032184325
HKG,BULLY_THREAT,0.9804284802886982,5,GFOFAIL,0.029198123
HKG,BULLY_THREAT,0.9804284802886982,6,EMOSUPS,0.028926125
HKG,BULLY_THREAT,0.9804284802886982,7,ATTLNACT,0.027760498
HKG,BULLY_THREAT,0.9804284802886982,8,SCREADDIFF,0.027091956
HKG,BULLY_THREAT,0.9804284802886982,9,ST207Q04HA,0.0257517
HKG,BULLY_THREAT,0.9804284802886982,10,METASPAM,0.02549692
HKG,BULLY_PHYSICAL,0.944331194729168,1,ST004D01T,0.0758893
HKG,BULLY_PHYSICAL,0.944331194729168,2,BELONG,0.044883806
HKG,BULLY_PHYSICAL,0.944331194729168,3,ST207Q02HA,0.03118805
HKG,BULLY_PHYSICAL,0.944331194729168,4,DISCLIMA,0.030770816
HKG,BULLY_PHYSICAL,0.944331194729168,5,EMOSUPS,0.029034093
HKG,BULLY_PHYSICAL,0.944331194729168,6,ST207Q01HA,0.0277801
HKG,BULLY_PHYSICAL,0.944331194729168,7,ST185Q01HA,0.023964657
HKG,BULLY_PHYSICAL,0.944331194729168,8,ATTLNACT,0.023833433
HKG,BULLY_PHYSICAL,0.944331194729168,9,RATCMP2,0.02339482
HKG,BULLY_PHYSICAL,0.944331194729168,10,EUDMO,0.022785593
HKG,BULLY_RELATIONAL,0.9605479005696608,1,BELONG,0.08523997
HKG,BULLY_RELATIONAL,0.9605479005696608,2,ST004D01T,0.04623409
HKG,BULLY_RELATIONAL,0.9605479005696608,3,ST207Q01HA,0.035143584
HKG,BULLY_RELATIONAL,0.9605479005696608,4,EMOSUPS,0.03065303
HKG,BULLY_RELATIONAL,0.9605479005696608,5,ST207Q02HA,0.030424934
HKG,BULLY_RELATIONAL,0.9605479005696608,6,DISCLIMA,0.02863586
HKG,BULLY_RELATIONAL,0.9605479005696608,7,PERCOOP,0.025184294
HKG,BULLY_RELATIONAL,0.9605479005696608,8,PV1READ,0.02414426
HKG,BULLY_RELATIONAL,0.9605479005696608,9,ST207Q05HA,0.024134856
HKG,BULLY_RELATIONAL,0.9605479005696608,10,ST207Q04HA,0.02364716
HRV,BULLY_VERBAL,0.9668695285951731,1,BELONG,0.082968555
HRV,BULLY_VERBAL,0.9668695285951731,2,PERCOMP,0.04825887
HRV,BULLY_VERBAL,0.9668695285951731,3,ST207Q05HA,0.03275565
HRV,BULLY_VERBAL,0.9668695285951731,4,ST207Q01HA,0.03158358
HRV,BULLY_VERBAL,0.9668695285951731,5,EMOSUPS,0.027688898
HRV,BULLY_VERBAL,0.9668695285951731,6,ST004D01T,0.026238402
HRV,BULLY_VERBAL,0.9668695285951731,7,ST207Q02HA,0.026146067
HRV,BULLY_VERBAL,0.9668695285951731,8,GRADE,0.025183272
HRV,BULLY_VERBAL,0.9668695285951731,9,SWBP,0.02491899
HRV,BULLY_VERBAL,0.9668695285951731,10,ST207Q03HA,0.023810318
HRV,BULLY_THREAT,0.9823551210575818,1,BELONG,0.05732407
HRV,BULLY_THREAT,0.9823551210575818,2,ST004D01T,0.043440763
HRV,BULLY_THREAT,0.9823551210575818,3,PERCOMP,0.043413736
HRV,BULLY_THREAT,0.9823551210575818,4,EMOSUPS,0.03772797
HRV,BULLY_THREAT,0.9823551210575818,5,ST207Q05HA,0.037390657
HRV,BULLY_THREAT,0.9823551210575818,6,ST206Q01HA,0.036925662
HRV,BULLY_THREAT,0.9823551210575818,7,ST207Q02HA,0.034431517
HRV,BULLY_THREAT,0.9823551210575818,8,PV1READ,0.033718042
HRV,BULLY_THREAT,0.9823551210575818,9,ST207Q03HA,0.030522473
HRV,BULLY_THREAT,0.9823551210575818,10,SWBP,0.029957108
HRV,BULLY_PHYSICAL,0.9645569201997072,1,PERCOMP,0.055587716
HRV,BULLY_PHYSICAL,0.9645569201997072,2,EMOSUPS,0.05456551
HRV,BULLY_PHYSICAL,0.9645569201997072,3,BELONG,0.04766358
HRV,BULLY_PHYSICAL,0.9645569201997072,4,ST004D01T,0.046860028
HRV,BULLY_PHYSICAL,0.9645569201997072,5,ST207Q03HA,0.039722685
HRV,BULLY_PHYSICAL,0.9645569201997072,6,ST207Q04HA,0.036487125
HRV,BULLY_PHYSICAL,0.9645569201997072,7,ST207Q02HA,0.036375135
HRV,BULLY_PHYSICAL,0.9645569201997072,8,ST207Q05HA,0.03454173
HRV,BULLY_PHYSICAL,0.9645569201997072,9,PV1READ,0.027813122
HRV,BULLY_PHYSICAL,0.9645569201997072,10,ST206Q01HA,0.025992114
HRV,BULLY_RELATIONAL,0.9593515505814372,1,BELONG,0.07490393
HRV,BULLY_RELATIONAL,0.9593515505814372,2,PERCOMP,0.045764524
HRV,BULLY_RELATIONAL,0.9593515505814372,3,EMOSUPS,0.037623018
HRV,BULLY_RELATIONAL,0.9593515505814372,4,ST207Q01HA,0.035033673
HRV,BULLY_RELATIONAL,0.9593515505814372,5,ST207Q05HA,0.03300697
HRV,BULLY_RELATIONAL,0.9593515505814372,6,ST206Q01HA,0.028442595
HRV,BULLY_RELATIONAL,0.9593515505814372,7,SWBP,0.027729485
HRV,BULLY_RELATIONAL,0.9593515505814372,8,ST207Q02HA,0.027367782
HRV,BULLY_RELATIONAL,0.9593515505814372,9,PV1MATH,0.02386584
HRV,BULLY_RELATIONAL,0.9593515505814372,10,GRADE,0.023391066
HUN,BULLY_VERBAL,0.9740840920086203,1,BELONG,0.083162285
HUN,BULLY_VERBAL,0.9740840920086203,2,ST004D01T,0.037041742
HUN,BULLY_VERBAL,0.9740840920086203,3,PERCOMP,0.034081288
HUN,BULLY_VERBAL,0.9740840920086203,4,ST207Q01HA,0.03329703
HUN,BULLY_VERBAL,0.9740840920086203,5,ST206Q01HA,0.030560322
HUN,BULLY_VERBAL,0.9740840920086203,6,ST207Q02HA,0.030360634
HUN,BULLY_VERBAL,0.9740840920086203,7,EMOSUPS,0.029550212
HUN,BULLY_VERBAL,0.9740840920086203,8,PV1READ,0.028851874
HUN,BULLY_VERBAL,0.9740840920086203,9,GFOFAIL,0.026096376
HUN,BULLY_VERBAL,0.9740840920086203,10,DISCLIMA,0.025440713
HUN,BULLY_THREAT,0.9908150601160551,1,BELONG,0.05771895
HUN,BULLY_THREAT,0.9908150601160551,2,PV1READ,0.054866716
HUN,BULLY_THREAT,0.9908150601160551,3,EMOSUPS,0.044339124
HUN,BULLY_THREAT,0.9908150601160551,4,ST004D01T,0.04341901
HUN,BULLY_THREAT,0.9908150601160551,5,PERCOMP,0.034787785
HUN,BULLY_THREAT,0.9908150601160551,6,PV1SCIE,0.031098435
HUN,BULLY_THREAT,0.9908150601160551,7,ST206Q01HA,0.02968376
HUN,BULLY_THREAT,0.9908150601160551,8,PERCOOP,0.028626021
HUN,BULLY_THREAT,0.9908150601160551,9,ATTLNACT,0.024539955
HUN,BULLY_THREAT,0.9908150601160551,10,ST207Q05HA,0.024059732
HUN,BULLY_PHYSICAL,0.9838092095432585,1,EMOSUPS,0.07128239
HUN,BULLY_PHYSICAL,0.9838092095432585,2,PV1READ,0.06305826
HUN,BULLY_PHYSICAL,0.9838092095432585,3,ST004D01T,0.0514024
HUN,BULLY_PHYSICAL,0.9838092095432585,4,BELONG,0.034522302
HUN,BULLY_PHYSICAL,0.9838092095432585,5,PERCOMP,0.031273812
HUN,BULLY_PHYSICAL,0.9838092095432585,6,ST207Q05HA,0.02901541
HUN,BULLY_PHYSICAL,0.9838092095432585,7,ST207Q02HA,0.028545307
HUN,BULLY_PHYSICAL,0.9838092095432585,8,PERCOOP,0.026786897
HUN,BULLY_PHYSICAL,0.9838092095432585,9,PV1SCIE,0.025707595
HUN,BULLY_PHYSICAL,0.9838092095432585,10,ST207Q04HA,0.025599742
HUN,BULLY_RELATIONAL,0.9673465383445665,1,BELONG,0.069204934
HUN,BULLY_RELATIONAL,0.9673465383445665,2,EMOSUPS,0.045591682
HUN,BULLY_RELATIONAL,0.9673465383445665,3,ST207Q05HA,0.036776766
HUN,BULLY_RELATIONAL,0.9673465383445665,4,ST207Q02HA,0.03246334
HUN,BULLY_RELATIONAL,0.9673465383445665,5,PERCOOP,0.031391032
HUN,BULLY_RELATIONAL,0.9673465383445665,6,PERCOMP,0.031289816
HUN,BULLY_RELATIONAL,0.9673465383445665,7,ST206Q01HA,0.030973375
HUN,BULLY_RELATIONAL,0.9673465383445665,8,ST207Q01HA,0.029871566
HUN,BULLY_RELATIONAL,0.9673465383445665,9,SWBP,0.029502008
HUN,BULLY_RELATIONAL,0.9673465383445665,10,ST184Q01HA,0.027537605
IDN,BULLY_VERBAL,0.8528418155494311,1,BELONG,0.04958991
IDN,BULLY_VERBAL,0.8528418155494311,2,ST207Q01HA,0.046951175
IDN,BULLY_VERBAL,0.8528418155494311,3,DISCLIMA,0.042156145
IDN,BULLY_VERBAL,0.8528418155494311,4,ST004D01T,0.042123403
IDN,BULLY_VERBAL,0.8528418155494311,5,GRADE,0.03268162
IDN,BULLY_VERBAL,0.8528418155494311,6,ST207Q03HA,0.029585218
IDN,BULLY_VERBAL,0.8528418155494311,7,ST207Q02HA,0.025026962
IDN,BULLY_VERBAL,0.8528418155494311,8,PERCOMP,0.024536138
IDN,BULLY_VERBAL,0.8528418155494311,9,ST184Q01HA,0.024105249
IDN,BULLY_VERBAL,0.8528418155494311,10,RESILIENCE,0.023716928
IDN,BULLY_THREAT,0.9098387666157046,1,PV1READ,0.072718196
IDN,BULLY_THREAT,0.9098387666157046,2,ST004D01T,0.044158276
IDN,BULLY_THREAT,0.9098387666157046,3,BELONG,0.04316878
IDN,BULLY_THREAT,0.9098387666157046,4,PV1MATH,0.040324528
IDN,BULLY_THREAT,0.9098387666157046,5,ST207Q03HA,0.038925953
IDN,BULLY_THREAT,0.9098387666157046,6,DISCLIMA,0.03044529
IDN,BULLY_THREAT,0.9098387666157046,7,GRADE,0.028246677
IDN,BULLY_THREAT,0.9098387666157046,8,REPEAT,0.028082544
IDN,BULLY_THREAT,0.9098387666157046,9,PERCOMP,0.025756039
IDN,BULLY_THREAT,0.9098387666157046,10,EMOSUPS,0.025267648
IDN,BULLY_PHYSICAL,0.8423561404893594,1,DISCLIMA,0.05044864
IDN,BULLY_PHYSICAL,0.8423561404893594,2,BELONG,0.048815858
IDN,BULLY_PHYSICAL,0.8423561404893594,3,ST207Q04HA,0.040852077
IDN,BULLY_PHYSICAL,0.8423561404893594,4,PV1READ,0.03800582
IDN,BULLY_PHYSICAL,0.8423561404893594,5,GRADE,0.037024327
IDN,BULLY_PHYSICAL,0.8423561404893594,6,ST004D01T,0.036298316
IDN,BULLY_PHYSICAL,0.8423561404893594,7,PERCOOP,0.027574169
IDN,BULLY_PHYSICAL,0.8423561404893594,8,PV1MATH,0.02627092
IDN,BULLY_PHYSICAL,0.8423561404893594,9,ST207Q01HA,0.025632719
IDN,BULLY_PHYSICAL,0.8423561404893594,10,ST206Q01HA,0.025513774
IDN,BULLY_RELATIONAL,0.8719605658173099,1,BELONG,0.0591683
IDN,BULLY_RELATIONAL,0.8719605658173099,2,ST004D01T,0.04181907
IDN,BULLY_RELATIONAL,0.8719605658173099,3,PV1READ,0.04109902
IDN,BULLY_RELATIONAL,0.8719605658173099,4,GRADE,0.036859386
IDN,BULLY_RELATIONAL,0.8719605658173099,5,ST207Q05HA,0.033432674
IDN,BULLY_RELATIONAL,0.8719605658173099,6,ST206Q01HA,0.033417247
IDN,BULLY_RELATIONAL,0.8719605658173099,7,DISCLIMA,0.033101723
IDN,BULLY_RELATIONAL,0.8719605658173099,8,ST207Q03HA,0.028936192
IDN,BULLY_RELATIONAL,0.8719605658173099,9,PV1MATH,0.02701659
IDN,BULLY_RELATIONAL,0.8719605658173099,10,ST184Q01HA,0.026711108
IRL,BULLY_VERBAL,0.9611248859273034,1,BELONG,0.084931836
IRL,BULLY_VERBAL,0.9611248859273034,2,ST206Q01HA,0.048263833
IRL,BULLY_VERBAL,0.9611248859273034,3,ST207Q01HA,0.044024788
IRL,BULLY_VERBAL,0.9611248859273034,4,ST004D01T,0.04191845
IRL,BULLY_VERBAL,0.9611248859273034,5,GFOFAIL,0.035863705
IRL,BULLY_VERBAL,0.9611248859273034,6,ST207Q02HA,0.031488333
IRL,BULLY_VERBAL,0.9611248859273034,7,PERCOOP,0.02976704
IRL,BULLY_VERBAL,0.9611248859273034,8,ST207Q04HA,0.02940368
IRL,BULLY_VERBAL,0.9611248859273034,9,PERCOMP,0.028494984
IRL,BULLY_VERBAL,0.9611248859273034,10,EMOSUPS,0.025126247
IRL,BULLY_THREAT,0.9935973201486206,1,BELONG,0.073134884
IRL,BULLY_THREAT,0.9935973201486206,2,ST004D01T,0.047297206
IRL,BULLY_THREAT,0.9935973201486206,3,ST206Q01HA,0.037344348
IRL,BULLY_THREAT,0.9935973201486206,4,ST207Q02HA,0.03542126
IRL,BULLY_THREAT,0.9935973201486206,5,ST207Q05HA,0.035326544
IRL,BULLY_THREAT,0.9935973201486206,6,ST207Q01HA,0.034292243
IRL,BULLY_THREAT,0.9935973201486206,7,EMOSUPS,0.03387141
IRL,BULLY_THREAT,0.9935973201486206,8,DISCLIMA,0.03080847
IRL,BULLY_THREAT,0.9935973201486206,9,PERFEED,0.027859515
IRL,BULLY_THREAT,0.9935973201486206,10,SWBP,0.026280243
IRL,BULLY_PHYSICAL,0.9821782020096561,1,BELONG,0.057029918
IRL,BULLY_PHYSICAL,0.9821782020096561,2,ST004D01T,0.049168628
IRL,BULLY_PHYSICAL,0.9821782020096561,3,ST206Q01HA,0.043317676
IRL,BULLY_PHYSICAL,0.9821782020096561,4,ST207Q02HA,0.043089468
IRL,BULLY_PHYSICAL,0.9821782020096561,5,EMOSUPS,0.03714966
IRL,BULLY_PHYSICAL,0.9821782020096561,6,ST207Q04HA,0.030960038
IRL,BULLY_PHYSICAL,0.9821782020096561,7,ST207Q03HA,0.030656055
IRL,BULLY_PHYSICAL,0.9821782020096561,8,PERCOMP,0.028095132
IRL,BULLY_PHYSICAL,0.9821782020096561,9,DISCLIMA,0.02662888
IRL,BULLY_PHYSICAL,0.9821782020096561,10,ST207Q01HA,0.026002392
IRL,BULLY_RELATIONAL,0.9839609988538327,1,BELONG,0.079588145
IRL,BULLY_RELATIONAL,0.9839609988538327,2,ST206Q01HA,0.035489522
IRL,BULLY_RELATIONAL,0.9839609988538327,3,ST207Q02HA,0.034975264
IRL,BULLY_RELATIONAL,0.9839609988538327,4,DISCLIMA,0.032603253
IRL,BULLY_RELATIONAL,0.9839609988538327,5,EMOSUPS,0.030383926
IRL,BULLY_RELATIONAL,0.9839609988538327,6,PERCOMP,0.030077761
IRL,BULLY_RELATIONAL,0.9839609988538327,7,PV1SCIE,0.029706938
IRL,BULLY_RELATIONAL,0.9839609988538327,8,ST207Q01HA,0.028789185
IRL,BULLY_RELATIONAL,0.9839609988538327,9,PV1READ,0.026032113
IRL,BULLY_RELATIONAL,0.9839609988538327,10,GFOFAIL,0.025095403
ISL,BULLY_VERBAL,0.9880045545517461,1,ST207Q03HA,0.044286925
ISL,BULLY_VERBAL,0.9880045545517461,2,SWBP,0.041118
ISL,BULLY_VERBAL,0.9880045545517461,3,BELONG,0.041047882
ISL,BULLY_VERBAL,0.9880045545517461,4,ST207Q02HA,0.036464334
ISL,BULLY_VERBAL,0.9880045545517461,5,ST207Q05HA,0.035537295
ISL,BULLY_VERBAL,0.9880045545517461,6,ST207Q01HA,0.033681422
ISL,BULLY_VERBAL,0.9880045545517461,7,ST185Q01HA,0.03018558
ISL,BULLY_VERBAL,0.9880045545517461,8,PERCOMP,0.029640881
ISL,BULLY_VERBAL,0.9880045545517461,9,ST206Q01HA,0.028331544
ISL,BULLY_VERBAL,0.9880045545517461,10,GFOFAIL,0.026978504
ISL,BULLY_THREAT,0.9961633906270584,1,BELONG,0.108651735
ISL,BULLY_THREAT,0.9961633906270584,2,EMOSUPS,0.04505781
ISL,BULLY_THREAT,0.9961633906270584,3,PERCOOP,0.04457936
ISL,BULLY_THREAT,0.9961633906270584,4,ST206Q01HA,0.039082095
ISL,BULLY_THREAT,0.9961633906270584,5,ST207Q05HA,0.033046734
ISL,BULLY_THREAT,0.9961633906270584,6,ST207Q03HA,0.032383975
ISL,BULLY_THREAT,0.9961633906270584,7,ST207Q02HA,0.032362435
ISL,BULLY_THREAT,0.9961633906270584,8,GFOFAIL,0.031825107
ISL,BULLY_THREAT,0.9961633906270584,9,DISCLIMA,0.030626522
ISL,BULLY_THREAT,0.9961633906270584,10,PV1MATH,0.025382046
ISL,BULLY_PHYSICAL,0.9933616708648195,1,PERCOOP,0.076577015
ISL,BULLY_PHYSICAL,0.9933616708648195,2,BELONG,0.07238232
ISL,BULLY_PHYSICAL,0.9933616708648195,3,EMOSUPS,0.053431377
ISL,BULLY_PHYSICAL,0.9933616708648195,4,ST207Q03HA,0.042572923
ISL,BULLY_PHYSICAL,0.9933616708648195,5,ST004D01T,0.034173265
ISL,BULLY_PHYSICAL,0.9933616708648195,6,ATTLNACT,0.03351025
ISL,BULLY_PHYSICAL,0.9933616708648195,7,PV1SCIE,0.030702269
ISL,BULLY_PHYSICAL,0.9933616708648195,8,ST207Q05HA,0.029584758
ISL,BULLY_PHYSICAL,0.9933616708648195,9,PV1READ,0.02643896
ISL,BULLY_PHYSICAL,0.9933616708648195,10,MASTGOAL,0.02441359
ISL,BULLY_RELATIONAL,0.9958903543794917,1,BELONG,0.10986197
ISL,BULLY_RELATIONAL,0.9958903543794917,2,EMOSUPS,0.044338785
ISL,BULLY_RELATIONAL,0.9958903543794917,3,PERCOOP,0.038696576
ISL,BULLY_RELATIONAL,0.9958903543794917,4,ATTLNACT,0.036493845
ISL,BULLY_RELATIONAL,0.9958903543794917,5,ST207Q02HA,0.032527838
ISL,BULLY_RELATIONAL,0.9958903543794917,6,ST207Q01HA,0.030135782
ISL,BULLY_RELATIONAL,0.9958903543794917,7,ST207Q03HA,0.029343901
ISL,BULLY_RELATIONAL,0.9958903543794917,8,PV1MATH,0.027164266
ISL,BULLY_RELATIONAL,0.9958903543794917,9,GFOFAIL,0.027125219
ISL,BULLY_RELATIONAL,0.9958903543794917,10,PV1SCIE,0.025641792
ITA,BULLY_VERBAL,0.9415876584029381,1,BELONG,0.103253566
ITA,BULLY_VERBAL,0.9415876584029381,2,EMOSUPS,0.05316213
ITA,BULLY_VERBAL,0.9415876584029381,3,PERCOMP,0.043988943
ITA,BULLY_VERBAL,0.9415876584029381,4,ST207Q02HA,0.036374204
ITA,BULLY_VERBAL,0.9415876584029381,5,ST207Q05HA,0.035361074
ITA,BULLY_VERBAL,0.9415876584029381,6,ST207Q01HA,0.034270283
ITA,BULLY_VERBAL,0.9415876584029381,7,ST207Q03HA,0.032168075
ITA,BULLY_VERBAL,0.9415876584029381,8,METASUM,0.02935694
ITA,BULLY_VERBAL,0.9415876584029381,9,PERCOOP,0.028347148
ITA,BULLY_VERBAL,0.9415876584029381,10,ST004D01T,0.02687408
ITA,BULLY_THREAT,0.9563477094885929,1,ST207Q01HA,0.105269015
ITA,BULLY_THREAT,0.9563477094885929,2,ST207Q02HA,0.09809474
ITA,BULLY_THREAT,0.9563477094885929,3,EMOSUPS,0.047981415
ITA,BULLY_THREAT,0.9563477094885929,4,ST004D01T,0.042703986
ITA,BULLY_THREAT,0.9563477094885929,5,PV1READ,0.03994013
ITA,BULLY_THREAT,0.9563477094885929,6,ST206Q01HA,0.036002122
ITA,BULLY_THREAT,0.9563477094885929,7,ST207Q05HA,0.03471214
ITA,BULLY_THREAT,0.9563477094885929,8,BELONG,0.034594346
ITA,BULLY_THREAT,0.9563477094885929,9,ST207Q03HA,0.032074198
ITA,BULLY_THREAT,0.9563477094885929,10,METASUM,0.029561449
ITA,BULLY_PHYSICAL,0.9458478855697093,1,ST207Q01HA,0.13444084
ITA,BULLY_PHYSICAL,0.9458478855697093,2,ST207Q02HA,0.13373534
ITA,BULLY_PHYSICAL,0.9458478855697093,3,EMOSUPS,0.052331433
ITA,BULLY_PHYSICAL,0.9458478855697093,4,ST004D01T,0.038874116
ITA,BULLY_PHYSICAL,0.9458478855697093,5,BELONG,0.03767589
ITA,BULLY_PHYSICAL,0.9458478855697093,6,ST207Q03HA,0.034413267
ITA,BULLY_PHYSICAL,0.9458478855697093,7,PV1READ,0.034257602
ITA,BULLY_PHYSICAL,0.9458478855697093,8,ST207Q05HA,0.031135371
ITA,BULLY_PHYSICAL,0.9458478855697093,9,ST207Q04HA,0.029994192
ITA,BULLY_PHYSICAL,0.9458478855697093,10,ST206Q01HA,0.028551077
ITA,BULLY_RELATIONAL,0.9457590284665078,1,ST207Q02HA,0.109646805
ITA,BULLY_RELATIONAL,0.9457590284665078,2,BELONG,0.06286526
ITA,BULLY_RELATIONAL,0.9457590284665078,3,EMOSUPS,0.058377665
ITA,BULLY_RELATIONAL,0.9457590284665078,4,ST207Q01HA,0.044886775
ITA,BULLY_RELATIONAL,0.9457590284665078,5,ST207Q03HA,0.038384244
ITA,BULLY_RELATIONAL,0.9457590284665078,6,ST207Q05HA,0.037664127
ITA,BULLY_RELATIONAL,0.9457590284665078,7,PV1READ,0.03699572
ITA,BULLY_RELATIONAL,0.9457590284665078,8,ST206Q01HA,0.0358355
ITA,BULLY_RELATIONAL,0.9457590284665078,9,PERCOMP,0.032933954
ITA,BULLY_RELATIONAL,0.9457590284665078,10,ST207Q04HA,0.02819416
JOR,BULLY_VERBAL,0.9223927513320523,1,BELONG,0.049974594
JOR,BULLY_VERBAL,0.9223927513320523,2,ST004D01T,0.045695122
JOR,BULLY_VERBAL,0.9223927513320523,3,GFOFAIL,0.038517643
JOR,BULLY_VERBAL,0.9223927513320523,4,EMOSUPS,0.03553153
JOR,BULLY_VERBAL,0.9223927513320523,5,PV1READ,0.034511454
JOR,BULLY_VERBAL,0.9223927513320523,6,SCREADDIFF,0.03127854
JOR,BULLY_VERBAL,0.9223927513320523,7,ST207Q01HA,0.02959117
JOR,BULLY_VERBAL,0.9223927513320523,8,PERCOMP,0.029266492
JOR,BULLY_VERBAL,0.9223927513320523,9,ST207Q03HA,0.027440563
JOR,BULLY_VERBAL,0.9223927513320523,10,ST207Q02HA,0.027010234
JOR,BULLY_THREAT,0.9327678881723751,1,ST004D01T,0.14139472
JOR,BULLY_THREAT,0.9327678881723751,2,BELONG,0.04468666
JOR,BULLY_THREAT,0.9327678881723751,3,ST207Q03HA,0.03989111
JOR,BULLY_THREAT,0.9327678881723751,4,EMOSUPS,0.03882515
JOR,BULLY_THREAT,0.9327678881723751,5,ATTLNACT,0.037818566
JOR,BULLY_THREAT,0.9327678881723751,6,ST206Q01HA,0.036029417
JOR,BULLY_THREAT,0.9327678881723751,7,ST207Q02HA,0.035324138
JOR,BULLY_THREAT,0.9327678881723751,8,PERCOOP,0.029943265
JOR,BULLY_THREAT,0.9327678881723751,9,SCREADDIFF,0.026569402
JOR,BULLY_THREAT,0.9327678881723751,10,ST207Q04HA,0.025676543
JOR,BULLY_PHYSICAL,0.9228400560232113,1,ST004D01T,0.08244259
JOR,BULLY_PHYSICAL,0.9228400560232113,2,EMOSUPS,0.08003382
JOR,BULLY_PHYSICAL,0.9228400560232113,3,ST206Q01HA,0.06632777
JOR,BULLY_PHYSICAL,0.9228400560232113,4,BELONG,0.052827727
JOR,BULLY_PHYSICAL,0.9228400560232113,5,ST207Q03HA,0.0393574
JOR,BULLY_PHYSICAL,0.9228400560232113,6,ST207Q02HA,0.038553998
JOR,BULLY_PHYSICAL,0.9228400560232113,7,PERCOOP,0.03418914
JOR,BULLY_PHYSICAL,0.9228400560232113,8,ST207Q05HA,0.03360343
JOR,BULLY_PHYSICAL,0.9228400560232113,9,WORKMAST,0.0285266
JOR,BULLY_PHYSICAL,0.9228400560232113,10,ATTLNACT,0.028233051
JOR,BULLY_RELATIONAL,0.9204979173696907,1,ST004D01T,0.09154123
JOR,BULLY_RELATIONAL,0.9204979173696907,2,BELONG,0.061077833
JOR,BULLY_RELATIONAL,0.9204979173696907,3,ST206Q01HA,0.057993338
JOR,BULLY_RELATIONAL,0.9204979173696907,4,ST207Q02HA,0.04682322
JOR,BULLY_RELATIONAL,0.9204979173696907,5,EMOSUPS,0.037761822
JOR,BULLY_RELATIONAL,0.9204979173696907,6,ST207Q04HA,0.03721469
JOR,BULLY_RELATIONAL,0.9204979173696907,7,ST207Q05HA,0.032225676
JOR,BULLY_RELATIONAL,0.9204979173696907,8,ATTLNACT,0.028386485
JOR,BULLY_RELATIONAL,0.9204979173696907,9,ST207Q03HA,0.026384683
JOR,BULLY_RELATIONAL,0.9204979173696907,10,SCREADDIFF,0.025381241
JPN,BULLY_VERBAL,0.9481860171974722,1,BELONG,0.06230052
JPN,BULLY_VERBAL,0.9481860171974722,2,ST004D01T,0.059723273
JPN,BULLY_VERBAL,0.9481860171974722,3,DISCLIMA,0.031631414
JPN,BULLY_VERBAL,0.9481860171974722,4,GFOFAIL,0.030464264
JPN,BULLY_VERBAL,0.9481860171974722,5,JOYREAD,0.030220041
JPN,BULLY_VERBAL,0.9481860171974722,6,SCREADCOMP,0.028295062
JPN,BULLY_VERBAL,0.9481860171974722,7,EMOSUPS,0.027299372
JPN,BULLY_VERBAL,0.9481860171974722,8,PV1MATH,0.024867475
JPN,BULLY_VERBAL,0.9481860171974722,9,PERCOMP,0.024749309
JPN,BULLY_VERBAL,0.9481860171974722,10,METASPAM,0.024355065
JPN,BULLY_THREAT,0.9973208305425318,1,BELONG,0.07197412
JPN,BULLY_THREAT,0.9973208305425318,2,ST004D01T,0.047512457
JPN,BULLY_THREAT,0.9973208305425318,3,EMOSUPS,0.044354502
JPN,BULLY_THREAT,0.9973208305425318,4,DISCLIMA,0.03806468
JPN,BULLY_THREAT,0.9973208305425318,5,GFOFAIL,0.031911734
JPN,BULLY_THREAT,0.9973208305425318,6,ST207Q01HA,0.027378427
JPN,BULLY_THREAT,0.9973208305425318,7,ST184Q01HA,0.026993342
JPN,BULLY_THREAT,0.9973208305425318,8,TEACHSUP,0.02491347
JPN,BULLY_THREAT,0.9973208305425318,9,EUDMO,0.024815211
JPN,BULLY_THREAT,0.9973208305425318,10,MASTGOAL,0.024791554
JPN,BULLY_PHYSICAL,0.9771034625517174,1,ST004D01T,0.10416691
JPN,BULLY_PHYSICAL,0.9771034625517174,2,BELONG,0.046102572
JPN,BULLY_PHYSICAL,0.9771034625517174,3,DISCLIMA,0.034642566
JPN,BULLY_PHYSICAL,0.9771034625517174,4,EMOSUPS,0.027915599
JPN,BULLY_PHYSICAL,0.9771034625517174,5,ST207Q04HA,0.024253642
JPN,BULLY_PHYSICAL,0.9771034625517174,6,PERCOMP,0.024186727
JPN,BULLY_PHYSICAL,0.9771034625517174,7,METASUM,0.023666885
JPN,BULLY_PHYSICAL,0.9771034625517174,8,SCREADCOMP,0.02344722
JPN,BULLY_PHYSICAL,0.9771034625517174,9,EUDMO,0.023108326
JPN,BULLY_PHYSICAL,0.9771034625517174,10,ST184Q01HA,0.022928787
JPN,BULLY_RELATIONAL,0.983051035449634,1,BELONG,0.070967264
JPN,BULLY_RELATIONAL,0.983051035449634,2,DISCLIMA,0.035108555
JPN,BULLY_RELATIONAL,0.983051035449634,3,SWBP,0.034883834
JPN,BULLY_RELATIONAL,0.983051035449634,4,SCREADCOMP,0.032267693
JPN,BULLY_RELATIONAL,0.983051035449634,5,ST207Q05HA,0.028042635
JPN,BULLY_RELATIONAL,0.983051035449634,6,GFOFAIL,0.027580509
JPN,BULLY_RELATIONAL,0.983051035449634,7,ST207Q01HA,0.027192874
JPN,BULLY_RELATIONAL,0.983051035449634,8,EMOSUPS,0.026233437
JPN,BULLY_RELATIONAL,0.983051035449634,9,ADAPTIVITY,0.025400035
JPN,BULLY_RELATIONAL,0.983051035449634,10,ST004D01T,0.025371604
KAZ,BULLY_VERBAL,0.887776290981385,1,BELONG,0.079228625
KAZ,BULLY_VERBAL,0.887776290981385,2,PERCOMP,0.050859723
KAZ,BULLY_VERBAL,0.887776290981385,3,ST004D01T,0.049536414
KAZ,BULLY_VERBAL,0.887776290981385,4,ST207Q01HA,0.036303334
KAZ,BULLY_VERBAL,0.887776290981385,5,EMOSUPS,0.035496335
KAZ,BULLY_VERBAL,0.887776290981385,6,PERCOOP,0.034935478
KAZ,BULLY_VERBAL,0.887776290981385,7,ST207Q05HA,0.030846823
KAZ,BULLY_VERBAL,0.887776290981385,8,PV1READ,0.02957872
KAZ,BULLY_VERBAL,0.887776290981385,9,ST207Q03HA,0.029278498
KAZ,BULLY_VERBAL,0.887776290981385,10,ST207Q04HA,0.027351039
KAZ,BULLY_THREAT,0.9064142781800664,1,ST004D01T,0.07778913
KAZ,BULLY_THREAT,0.9064142781800664,2,PV1READ,0.06646806
KAZ,BULLY_THREAT,0.9064142781800664,3,BELONG,0.053119455
KAZ,BULLY_THREAT,0.9064142781800664,4,PERCOMP,0.04615347
KAZ,BULLY_THREAT,0.9064142781800664,5,EMOSUPS,0.04440198
KAZ,BULLY_THREAT,0.9064142781800664,6,ST207Q04HA,0.043759137
KAZ,BULLY_THREAT,0.9064142781800664,7,ST207Q02HA,0.036699478
KAZ,BULLY_THREAT,0.9064142781800664,8,ST207Q03HA,0.0331777
KAZ,BULLY_THREAT,0.9064142781800664,9,PV1SCIE,0.031959224
KAZ,BULLY_THREAT,0.9064142781800664,10,PERCOOP,0.031780902
KAZ,BULLY_PHYSICAL,0.9007301782591236,1,EMOSUPS,0.072986536
KAZ,BULLY_PHYSICAL,0.9007301782591236,2,ST004D01T,0.0633514
KAZ,BULLY_PHYSICAL,0.9007301782591236,3,PV1READ,0.057811756
KAZ,BULLY_PHYSICAL,0.9007301782591236,4,PERCOOP,0.050531328
KAZ,BULLY_PHYSICAL,0.9007301782591236,5,BELONG,0.04691481
KAZ,BULLY_PHYSICAL,0.9007301782591236,6,ST207Q04HA,0.04689069
KAZ,BULLY_PHYSICAL,0.9007301782591236,7,PERCOMP,0.045287143
KAZ,BULLY_PHYSICAL,0.9007301782591236,8,ST207Q02HA,0.03811043
KAZ,BULLY_PHYSICAL,0.9007301782591236,9,ST207Q03HA,0.03286959
KAZ,BULLY_PHYSICAL,0.9007301782591236,10,ST207Q05HA,0.032062385
KAZ,BULLY_RELATIONAL,0.8906100353605382,1,BELONG,0.06121704
KAZ,BULLY_RELATIONAL,0.8906100353605382,2,ST004D01T,0.057200488
KAZ,BULLY_RELATIONAL,0.8906100353605382,3,PERCOOP,0.0513858
KAZ,BULLY_RELATIONAL,0.8906100353605382,4,EMOSUPS,0.04394013
KAZ,BULLY_RELATIONAL,0.8906100353605382,5,PERCOMP,0.043698926
KAZ,BULLY_RELATIONAL,0.8906100353605382,6,ST207Q04HA,0.041417655
KAZ,BULLY_RELATIONAL,0.8906100353605382,7,PV1READ,0.038863275
KAZ,BULLY_RELATIONAL,0.8906100353605382,8,ST207Q03HA,0.037341494
KAZ,BULLY_RELATIONAL,0.8906100353605382,9,ST207Q02HA,0.033873267
KAZ,BULLY_RELATIONAL,0.8906100353605382,10,ST207Q01HA,0.030450847
KOR,BULLY_VERBAL,0.9588226251725436,1,ST004D01T,0.045354083
KOR,BULLY_VERBAL,0.9588226251725436,2,BELONG,0.045149
KOR,BULLY_VERBAL,0.9588226251725436,3,DISCLIMA,0.03888945
KOR,BULLY_VERBAL,0.9588226251725436,4,ST207Q05HA,0.031489883
KOR,BULLY_VERBAL,0.9588226251725436,5,ST207Q04HA,0.030118389
KOR,BULLY_VERBAL,0.9588226251725436,6,ST207Q02HA,0.02846059
KOR,BULLY_VERBAL,0.9588226251725436,7,GRADE,0.026252363
KOR,BULLY_VERBAL,0.9588226251725436,8,PV1SCIE,0.026232399
KOR,BULLY_VERBAL,0.9588226251725436,9,GFOFAIL,0.02516453
KOR,BULLY_VERBAL,0.9588226251725436,10,METASUM,0.025139328
KOR,BULLY_THREAT,0.9929348542458809,1,BELONG,0.06669814
KOR,BULLY_THREAT,0.9929348542458809,2,ST004D01T,0.037133835
KOR,BULLY_THREAT,0.9929348542458809,3,EMOSUPS,0.0319075
KOR,BULLY_THREAT,0.9929348542458809,4,ATTLNACT,0.030715069
KOR,BULLY_THREAT,0.9929348542458809,5,ST207Q01HA,0.028707828
KOR,BULLY_THREAT,0.9929348542458809,6,PERCOMP,0.028205095
KOR,BULLY_THREAT,0.9929348542458809,7,GFOFAIL,0.027328944
KOR,BULLY_THREAT,0.9929348542458809,8,DISCLIMA,0.026474137
KOR,BULLY_THREAT,0.9929348542458809,9,ST206Q01HA,0.026086826
KOR,BULLY_THREAT,0.9929348542458809,10,COMPETE,0.025293961
KOR,BULLY_PHYSICAL,0.9934492780366286,1,BELONG,0.05253038
KOR,BULLY_PHYSICAL,0.9934492780366286,2,ST004D01T,0.044089474
KOR,BULLY_PHYSICAL,0.9934492780366286,3,DISCLIMA,0.040060576
KOR,BULLY_PHYSICAL,0.9934492780366286,4,ST206Q01HA,0.037771612
KOR,BULLY_PHYSICAL,0.9934492780366286,5,ST207Q02HA,0.032637265
KOR,BULLY_PHYSICAL,0.9934492780366286,6,EMOSUPS,0.030587396
KOR,BULLY_PHYSICAL,0.9934492780366286,7,DURECEC,0.029058317
KOR,BULLY_PHYSICAL,0.9934492780366286,8,EDUSHORT,0.025682999
KOR,BULLY_PHYSICAL,0.9934492780366286,9,METASUM,0.02495182
KOR,BULLY_PHYSICAL,0.9934492780366286,10,GFOFAIL,0.024461882
KOR,BULLY_RELATIONAL,0.9913265657716875,1,BELONG,0.083774254
KOR,BULLY_RELATIONAL,0.9913265657716875,2,GFOFAIL,0.03215953
KOR,BULLY_RELATIONAL,0.9913265657716875,3,SWBP,0.028988406
KOR,BULLY_RELATIONAL,0.9913265657716875,4,PERCOMP,0.028454235
KOR,BULLY_RELATIONAL,0.9913265657716875,5,EMOSUPS,0.027550755
KOR,BULLY_RELATIONAL,0.9913265657716875,6,ST185Q01HA,0.026447862
KOR,BULLY_RELATIONAL,0.9913265657716875,7,ADAPTIVITY,0.02565562
KOR,BULLY_RELATIONAL,0.9913265657716875,8,TEACHINT,0.025386905
KOR,BULLY_RELATIONAL,0.9913265657716875,9,TEACHSUP,0.024919687
KOR,BULLY_RELATIONAL,0.9913265657716875,10,BSMJ,0.024319226
KSV,BULLY_VERBAL,0.9656676436292585,1,BELONG,0.05304599
KSV,BULLY_VERBAL,0.9656676436292585,2,ST004D01T,0.041906543
KSV,BULLY_VERBAL,0.9656676436292585,3,ST207Q03HA,0.030689964
KSV,BULLY_VERBAL,0.9656676436292585,4,EMOSUPS,0.03005106
KSV,BULLY_VERBAL,0.9656676436292585,5,ATTLNACT,0.029608734
KSV,BULLY_VERBAL,0.9656676436292585,6,JOYREAD,0.027422981
KSV,BULLY_VERBAL,0.9656676436292585,7,ST184Q01HA,0.02740833
KSV,BULLY_VERBAL,0.9656676436292585,8,ST207Q01HA,0.02665209
KSV,BULLY_VERBAL,0.9656676436292585,9,PERCOMP,0.025632983
KSV,BULLY_VERBAL,0.9656676436292585,10,ST207Q02HA,0.025072206
KSV,BULLY_THREAT,0.9697089004287863,1,BELONG,0.06604997
KSV,BULLY_THREAT,0.9697089004287863,2,ST004D01T,0.058749527
KSV,BULLY_THREAT,0.9697089004287863,3,EMOSUPS,0.05504182
KSV,BULLY_THREAT,0.9697089004287863,4,SCREADDIFF,0.033240512
KSV,BULLY_THREAT,0.9697089004287863,5,ST207Q02HA,0.031597134
KSV,BULLY_THREAT,0.9697089004287863,6,PV1READ,0.0289618
KSV,BULLY_THREAT,0.9697089004287863,7,ST207Q04HA,0.027580487
KSV,BULLY_THREAT,0.9697089004287863,8,ST207Q03HA,0.026778808
KSV,BULLY_THREAT,0.9697089004287863,9,ST206Q01HA,0.026492422
KSV,BULLY_THREAT,0.9697089004287863,10,ATTLNACT,0.024993487
KSV,BULLY_PHYSICAL,0.959192317204068,1,EMOSUPS,0.0801364
KSV,BULLY_PHYSICAL,0.959192317204068,2,BELONG,0.05518761
KSV,BULLY_PHYSICAL,0.959192317204068,3,ST004D01T,0.040083233
KSV,BULLY_PHYSICAL,0.959192317204068,4,SCREADDIFF,0.034923803
KSV,BULLY_PHYSICAL,0.959192317204068,5,ST207Q02HA,0.033327226
KSV,BULLY_PHYSICAL,0.959192317204068,6,ST207Q03HA,0.029420694
KSV,BULLY_PHYSICAL,0.959192317204068,7,PV1READ,0.029163824
KSV,BULLY_PHYSICAL,0.959192317204068,8,PERCOOP,0.028266555
KSV,BULLY_PHYSICAL,0.959192317204068,9,ATTLNACT,0.027845176
KSV,BULLY_PHYSICAL,0.959192317204068,10,ST207Q05HA,0.02635463
KSV,BULLY_RELATIONAL,0.9622343670018912,1,EMOSUPS,0.07143354
KSV,BULLY_RELATIONAL,0.9622343670018912,2,BELONG,0.04976557
KSV,BULLY_RELATIONAL,0.9622343670018912,3,SCREADDIFF,0.03407852
KSV,BULLY_RELATIONAL,0.9622343670018912,4,ST004D01T,0.03137172
KSV,BULLY_RELATIONAL,0.9622343670018912,5,ST207Q02HA,0.030285563
KSV,BULLY_RELATIONAL,0.9622343670018912,6,ST206Q01HA,0.029629217
KSV,BULLY_RELATIONAL,0.9622343670018912,7,PERCOOP,0.028498176
KSV,BULLY_RELATIONAL,0.9622343670018912,8,ST207Q05HA,0.027171848
KSV,BULLY_RELATIONAL,0.9622343670018912,9,ST207Q04HA,0.025921224
KSV,BULLY_RELATIONAL,0.9622343670018912,10,WORKMAST,0.025416609
LTU,BULLY_VERBAL,0.9583318095494051,1,BELONG,0.0578684
LTU,BULLY_VERBAL,0.9583318095494051,2,PERCOMP,0.043851715
LTU,BULLY_VERBAL,0.9583318095494051,3,EMOSUPS,0.04296114
LTU,BULLY_VERBAL,0.9583318095494051,4,PERCOOP,0.036127593
LTU,BULLY_VERBAL,0.9583318095494051,5,ST207Q01HA,0.032592867
LTU,BULLY_VERBAL,0.9583318095494051,6,ST207Q02HA,0.031955183
LTU,BULLY_VERBAL,0.9583318095494051,7,ST206Q01HA,0.031773105
LTU,BULLY_VERBAL,0.9583318095494051,8,ST004D01T,0.03170648
LTU,BULLY_VERBAL,0.9583318095494051,9,DISCLIMA,0.029271577
LTU,BULLY_VERBAL,0.9583318095494051,10,PV1READ,0.0282398
LTU,BULLY_THREAT,0.9721224047614037,1,PV1READ,0.07349313
LTU,BULLY_THREAT,0.9721224047614037,2,EMOSUPS,0.05080148
LTU,BULLY_THREAT,0.9721224047614037,3,ST004D01T,0.041417178
LTU,BULLY_THREAT,0.9721224047614037,4,PERCOMP,0.039168816
LTU,BULLY_THREAT,0.9721224047614037,5,PERCOOP,0.035538193
LTU,BULLY_THREAT,0.9721224047614037,6,BELONG,0.032738753
LTU,BULLY_THREAT,0.9721224047614037,7,ST206Q01HA,0.029909808
LTU,BULLY_THREAT,0.9721224047614037,8,PV1SCIE,0.028391557
LTU,BULLY_THREAT,0.9721224047614037,9,ST207Q03HA,0.027045311
LTU,BULLY_THREAT,0.9721224047614037,10,ST207Q02HA,0.026919907
LTU,BULLY_PHYSICAL,0.9645432437948216,1,EMOSUPS,0.10578429
LTU,BULLY_PHYSICAL,0.9645432437948216,2,PV1READ,0.06522688
LTU,BULLY_PHYSICAL,0.9645432437948216,3,ST004D01T,0.05238334
LTU,BULLY_PHYSICAL,0.9645432437948216,4,PERCOMP,0.033883564
LTU,BULLY_PHYSICAL,0.9645432437948216,5,PERCOOP,0.033253755
LTU,BULLY_PHYSICAL,0.9645432437948216,6,BELONG,0.031756606
LTU,BULLY_PHYSICAL,0.9645432437948216,7,ST207Q04HA,0.030677956
LTU,BULLY_PHYSICAL,0.9645432437948216,8,ST207Q03HA,0.030442068
LTU,BULLY_PHYSICAL,0.9645432437948216,9,ST207Q05HA,0.027606955
LTU,BULLY_PHYSICAL,0.9645432437948216,10,ST207Q02HA,0.025537271
LTU,BULLY_RELATIONAL,0.9610110840767775,1,PV1READ,0.06706321
LTU,BULLY_RELATIONAL,0.9610110840767775,2,EMOSUPS,0.05007488
LTU,BULLY_RELATIONAL,0.9610110840767775,3,ST207Q05HA,0.04513363
LTU,BULLY_RELATIONAL,0.9610110840767775,4,BELONG,0.03890978
LTU,BULLY_RELATIONAL,0.9610110840767775,5,PERCOMP,0.038853526
LTU,BULLY_RELATIONAL,0.9610110840767775,6,PERCOOP,0.033849407
LTU,BULLY_RELATIONAL,0.9610110840767775,7,ST207Q04HA,0.031083075
LTU,BULLY_RELATIONAL,0.9610110840767775,8,PV1SCIE,0.02706845
LTU,BULLY_RELATIONAL,0.9610110840767775,9,GFOFAIL,0.025631234
LTU,BULLY_RELATIONAL,0.9610110840767775,10,ATTLNACT,0.025540374
LUX,BULLY_VERBAL,0.9713888709314961,1,BELONG,0.074191846
LUX,BULLY_VERBAL,0.9713888709314961,2,PERCOMP,0.033901185
LUX,BULLY_VERBAL,0.9713888709314961,3,DISCLIMA,0.029843578
LUX,BULLY_VERBAL,0.9713888709314961,4,ST207Q01HA,0.028016929
LUX,BULLY_VERBAL,0.9713888709314961,5,ST004D01T,0.026678527
LUX,BULLY_VERBAL,0.9713888709314961,6,SWBP,0.025711
LUX,BULLY_VERBAL,0.9713888709314961,7,GFOFAIL,0.0255435
LUX,BULLY_VERBAL,0.9713888709314961,8,ST207Q03HA,0.025490562
LUX,BULLY_VERBAL,0.9713888709314961,9,REPEAT,0.023706777
LUX,BULLY_VERBAL,0.9713888709314961,10,ATTLNACT,0.023677612
LUX,BULLY_THREAT,0.9920357540517136,1,BELONG,0.09767527
LUX,BULLY_THREAT,0.9920357540517136,2,PV1READ,0.04242434
LUX,BULLY_THREAT,0.9920357540517136,3,ST207Q03HA,0.04148272
LUX,BULLY_THREAT,0.9920357540517136,4,GRADE,0.040904447
LUX,BULLY_THREAT,0.9920357540517136,5,ST004D01T,0.038369644
LUX,BULLY_THREAT,0.9920357540517136,6,PERCOMP,0.030519776
LUX,BULLY_THREAT,0.9920357540517136,7,SWBP,0.025976866
LUX,BULLY_THREAT,0.9920357540517136,8,ATTLNACT,0.024553241
LUX,BULLY_THREAT,0.9920357540517136,9,ST207Q04HA,0.024378825
LUX,BULLY_THREAT,0.9920357540517136,10,EMOSUPS,0.023508828
LUX,BULLY_PHYSICAL,0.9825279966818747,1,BELONG,0.069333486
LUX,BULLY_PHYSICAL,0.9825279966818747,2,PV1READ,0.052563507
LUX,BULLY_PHYSICAL,0.9825279966818747,3,ST004D01T,0.047926575
LUX,BULLY_PHYSICAL,0.9825279966818747,4,ST207Q03HA,0.044086345
LUX,BULLY_PHYSICAL,0.9825279966818747,5,EMOSUPS,0.032786783
LUX,BULLY_PHYSICAL,0.9825279966818747,6,ST207Q05HA,0.032517184
LUX,BULLY_PHYSICAL,0.9825279966818747,7,ST207Q02HA,0.0310771
LUX,BULLY_PHYSICAL,0.9825279966818747,8,GRADE,0.027515031
LUX,BULLY_PHYSICAL,0.9825279966818747,9,PV1SCIE,0.026260542
LUX,BULLY_PHYSICAL,0.9825279966818747,10,ATTLNACT,0.025947249
LUX,BULLY_RELATIONAL,0.9759213603785973,1,BELONG,0.088465914
LUX,BULLY_RELATIONAL,0.9759213603785973,2,GRADE,0.03188743
LUX,BULLY_RELATIONAL,0.9759213603785973,3,ST206Q01HA,0.031740155
LUX,BULLY_RELATIONAL,0.9759213603785973,4,PERCOMP,0.031133704
LUX,BULLY_RELATIONAL,0.9759213603785973,5,ST004D01T,0.029452922
LUX,BULLY_RELATIONAL,0.9759213603785973,6,EMOSUPS,0.02939737
LUX,BULLY_RELATIONAL,0.9759213603785973,7,ST207Q01HA,0.026112176
LUX,BULLY_RELATIONAL,0.9759213603785973,8,PV1READ,0.025468392
LUX,BULLY_RELATIONAL,0.9759213603785973,9,SWBP,0.024777668
LUX,BULLY_RELATIONAL,0.9759213603785973,10,ST207Q04HA,0.024601232
LVA,BULLY_VERBAL,0.952162835904755,1,BELONG,0.07389189
LVA,BULLY_VERBAL,0.952162835904755,2,ST207Q03HA,0.03414688
LVA,BULLY_VERBAL,0.952162835904755,3,ST207Q01HA,0.03327887
LVA,BULLY_VERBAL,0.952162835904755,4,ST207Q02HA,0.029646693
LVA,BULLY_VERBAL,0.952162835904755,5,PERCOMP,0.028658075
LVA,BULLY_VERBAL,0.952162835904755,6,ST207Q04HA,0.026780678
LVA,BULLY_VERBAL,0.952162835904755,7,EMOSUPS,0.02672245
LVA,BULLY_VERBAL,0.952162835904755,8,SWBP,0.02608169
LVA,BULLY_VERBAL,0.952162835904755,9,DISCLIMA,0.025383716
LVA,BULLY_VERBAL,0.952162835904755,10,MASTGOAL,0.023728507
LVA,BULLY_THREAT,0.9728094911662979,1,PV1READ,0.052994404
LVA,BULLY_THREAT,0.9728094911662979,2,BELONG,0.04410539
LVA,BULLY_THREAT,0.9728094911662979,3,PV1MATH,0.038002178
LVA,BULLY_THREAT,0.9728094911662979,4,ST184Q01HA,0.03734231
LVA,BULLY_THREAT,0.9728094911662979,5,ST207Q02HA,0.0369646
LVA,BULLY_THREAT,0.9728094911662979,6,ST207Q01HA,0.033466797
LVA,BULLY_THREAT,0.9728094911662979,7,ST004D01T,0.03220181
LVA,BULLY_THREAT,0.9728094911662979,8,ST207Q05HA,0.031890254
LVA,BULLY_THREAT,0.9728094911662979,9,PERCOMP,0.02954212
LVA,BULLY_THREAT,0.9728094911662979,10,DISCLIMA,0.028580952
LVA,BULLY_PHYSICAL,0.9574545279331483,1,PV1READ,0.055093743
LVA,BULLY_PHYSICAL,0.9574545279331483,2,ST184Q01HA,0.048653845
LVA,BULLY_PHYSICAL,0.9574545279331483,3,BELONG,0.043697998
LVA,BULLY_PHYSICAL,0.9574545279331483,4,EMOSUPS,0.038862314
LVA,BULLY_PHYSICAL,0.9574545279331483,5,ST004D01T,0.037541017
LVA,BULLY_PHYSICAL,0.9574545279331483,6,PV1MATH,0.036265697
LVA,BULLY_PHYSICAL,0.9574545279331483,7,PERCOMP,0.03263501
LVA,BULLY_PHYSICAL,0.9574545279331483,8,ST207Q02HA,0.029465714
LVA,BULLY_PHYSICAL,0.9574545279331483,9,ST207Q01HA,0.028404323
LVA,BULLY_PHYSICAL,0.9574545279331483,10,ST207Q03HA,0.027301617
LVA,BULLY_RELATIONAL,0.9588554579584898,1,BELONG,0.066367015
LVA,BULLY_RELATIONAL,0.9588554579584898,2,PV1MATH,0.040918246
LVA,BULLY_RELATIONAL,0.9588554579584898,3,ST207Q02HA,0.03403745
LVA,BULLY_RELATIONAL,0.9588554579584898,4,ST184Q01HA,0.032549877
LVA,BULLY_RELATIONAL,0.9588554579584898,5,ST207Q01HA,0.030698743
LVA,BULLY_RELATIONAL,0.9588554579584898,6,PERCOMP,0.029561937
LVA,BULLY_RELATIONAL,0.9588554579584898,7,ST207Q05HA,0.029032119
LVA,BULLY_RELATIONAL,0.9588554579584898,8,DISCLIMA,0.027735021
LVA,BULLY_RELATIONAL,0.9588554579584898,9,EMOSUPS,0.026941942
LVA,BULLY_RELATIONAL,0.9588554579584898,10,TEACHINT,0.024751095
MAC,BULLY_VERBAL,0.955221971232645,1,BELONG,0.06349727
MAC,BULLY_VERBAL,0.955221971232645,2,ST004D01T,0.04977996
MAC,BULLY_VERBAL,0.955221971232645,3,DISCLIMA,0.033643954
MAC,BULLY_VERBAL,0.955221971232645,4,EDUSHORT,0.030123508
MAC,BULLY_VERBAL,0.955221971232645,5,ST206Q01HA,0.027086977
MAC,BULLY_VERBAL,0.955221971232645,6,PV1READ,0.026861496
MAC,BULLY_VERBAL,0.955221971232645,7,GFOFAIL,0.02618683
MAC,BULLY_VERBAL,0.955221971232645,8,PV1SCIE,0.025813771
MAC,BULLY_VERBAL,0.955221971232645,9,ST207Q01HA,0.025711507
MAC,BULLY_VERBAL,0.955221971232645,10,REPEAT,0.024094163
MAC,BULLY_THREAT,0.989922234387179,1,PV1READ,0.06312146
MAC,BULLY_THREAT,0.989922234387179,2,BELONG,0.051005207
MAC,BULLY_THREAT,0.989922234387179,3,ST004D01T,0.04796678
MAC,BULLY_THREAT,0.989922234387179,4,EDUSHORT,0.033752795
MAC,BULLY_THREAT,0.989922234387179,5,PV1SCIE,0.028845435
MAC,BULLY_THREAT,0.989922234387179,6,SCREADDIFF,0.028024053
MAC,BULLY_THREAT,0.989922234387179,7,ST207Q01HA,0.027625486
MAC,BULLY_THREAT,0.989922234387179,8,ST206Q01HA,0.0258165
MAC,BULLY_THREAT,0.989922234387179,9,DISCLIMA,0.024887089
MAC,BULLY_THREAT,0.989922234387179,10,RATCMP1,0.023729438
MAC,BULLY_PHYSICAL,0.9811739664680842,1,BELONG,0.06293329
MAC,BULLY_PHYSICAL,0.9811739664680842,2,ST004D01T,0.061925925
MAC,BULLY_PHYSICAL,0.9811739664680842,3,PV1READ,0.03521891
MAC,BULLY_PHYSICAL,0.9811739664680842,4,ST207Q01HA,0.029710794
MAC,BULLY_PHYSICAL,0.9811739664680842,5,DISCLIMA,0.028264722
MAC,BULLY_PHYSICAL,0.9811739664680842,6,PV1SCIE,0.025308156
MAC,BULLY_PHYSICAL,0.9811739664680842,7,SCREADDIFF,0.025192402
MAC,BULLY_PHYSICAL,0.9811739664680842,8,ST207Q02HA,0.0241952
MAC,BULLY_PHYSICAL,0.9811739664680842,9,EMOSUPS,0.023915373
MAC,BULLY_PHYSICAL,0.9811739664680842,10,ST207Q04HA,0.02365402
MAC,BULLY_RELATIONAL,0.9797392592592593,1,BELONG,0.07411758
MAC,BULLY_RELATIONAL,0.9797392592592593,2,ST207Q01HA,0.040847763
MAC,BULLY_RELATIONAL,0.9797392592592593,3,ST207Q02HA,0.036275804
MAC,BULLY_RELATIONAL,0.9797392592592593,4,ST004D01T,0.034662366
MAC,BULLY_RELATIONAL,0.9797392592592593,5,PV1READ,0.028883295
MAC,BULLY_RELATIONAL,0.9797392592592593,6,PV1SCIE,0.02541848
MAC,BULLY_RELATIONAL,0.9797392592592593,7,GRADE,0.02485438
MAC,BULLY_RELATIONAL,0.9797392592592593,8,SWBP,0.024656966
MAC,BULLY_RELATIONAL,0.9797392592592593,9,EMOSUPS,0.023817537
MAC,BULLY_RELATIONAL,0.9797392592592593,10,DISCLIMA,0.023646478
MAR,BULLY_VERBAL,0.9775935646656984,1,ST206Q01HA,0.092434786
MAR,BULLY_VERBAL,0.9775935646656984,2,PERCOOP,0.07135176
MAR,BULLY_VERBAL,0.9775935646656984,3,PERCOMP,0.052527897
MAR,BULLY_VERBAL,0.9775935646656984,4,ST207Q02HA,0.0446083
MAR,BULLY_VERBAL,0.9775935646656984,5,EMOSUPS,0.03906814
MAR,BULLY_VERBAL,0.9775935646656984,6,BELONG,0.03538985
MAR,BULLY_VERBAL,0.9775935646656984,7,ST207Q01HA,0.03523151
MAR,BULLY_VERBAL,0.9775935646656984,8,ST207Q03HA,0.0332453
MAR,BULLY_VERBAL,0.9775935646656984,9,ST207Q04HA,0.032919016
MAR,BULLY_VERBAL,0.9775935646656984,10,PV1READ,0.02523762
MAR,BULLY_THREAT,0.9797073668176948,1,ST207Q01HA,0.1142938
MAR,BULLY_THREAT,0.9797073668176948,2,PERCOOP,0.07555326
MAR,BULLY_THREAT,0.9797073668176948,3,EMOSUPS,0.071142085
MAR,BULLY_THREAT,0.9797073668176948,4,ST207Q02HA,0.039064195
MAR,BULLY_THREAT,0.9797073668176948,5,ST207Q04HA,0.036918357
MAR,BULLY_THREAT,0.9797073668176948,6,ST207Q05HA,0.035927422
MAR,BULLY_THREAT,0.9797073668176948,7,PERCOMP,0.030978825
MAR,BULLY_THREAT,0.9797073668176948,8,PV1READ,0.028232845
MAR,BULLY_THREAT,0.9797073668176948,9,BELONG,0.02812645
MAR,BULLY_THREAT,0.9797073668176948,10,ST207Q03HA,0.025246592
MAR,BULLY_PHYSICAL,0.9755552237110438,1,ST207Q01HA,0.18233265
MAR,BULLY_PHYSICAL,0.9755552237110438,2,EMOSUPS,0.079697765
MAR,BULLY_PHYSICAL,0.9755552237110438,3,ST207Q02HA,0.062676586
MAR,BULLY_PHYSICAL,0.9755552237110438,4,PERCOOP,0.051695358
MAR,BULLY_PHYSICAL,0.9755552237110438,5,PERCOMP,0.04196336
MAR,BULLY_PHYSICAL,0.9755552237110438,6,ST206Q01HA,0.033948883
MAR,BULLY_PHYSICAL,0.9755552237110438,7,ST004D01T,0.03304874
MAR,BULLY_PHYSICAL,0.9755552237110438,8,ST207Q04HA,0.030672072
MAR,BULLY_PHYSICAL,0.9755552237110438,9,ST207Q03HA,0.026419083
MAR,BULLY_PHYSICAL,0.9755552237110438,10,BELONG,0.02461923
MAR,BULLY_RELATIONAL,0.9765501002900304,1,ST206Q01HA,0.14806251
MAR,BULLY_RELATIONAL,0.9765501002900304,2,PERCOOP,0.089763954
MAR,BULLY_RELATIONAL,0.9765501002900304,3,EMOSUPS,0.051648617
MAR,BULLY_RELATIONAL,0.9765501002900304,4,PERCOMP,0.051369075
MAR,BULLY_RELATIONAL,0.9765501002900304,5,ST207Q01HA,0.044329703
MAR,BULLY_RELATIONAL,0.9765501002900304,6,BELONG,0.031690504
MAR,BULLY_RELATIONAL,0.9765501002900304,7,ST004D01T,0.029347962
MAR,BULLY_RELATIONAL,0.9765501002900304,8,ST207Q05HA,0.027827365
MAR,BULLY_RELATIONAL,0.9765501002900304,9,ST207Q04HA,0.024405247
MAR,BULLY_RELATIONAL,0.9765501002900304,10,ST207Q02HA,0.023741275
MDA,BULLY_VERBAL,0.9617245692081261,1,BELONG,0.065022565
MDA,BULLY_VERBAL,0.9617245692081261,2,ST206Q01HA,0.03989563
MDA,BULLY_VERBAL,0.9617245692081261,3,ST207Q05HA,0.03539585
MDA,BULLY_VERBAL,0.9617245692081261,4,PERCOOP,0.0332037
MDA,BULLY_VERBAL,0.9617245692081261,5,DISCLIMA,0.03130429
MDA,BULLY_VERBAL,0.9617245692081261,6,SWBP,0.029281449
MDA,BULLY_VERBAL,0.9617245692081261,7,ST207Q04HA,0.029185683
MDA,BULLY_VERBAL,0.9617245692081261,8,EMOSUPS,0.026918555
MDA,BULLY_VERBAL,0.9617245692081261,9,ST207Q01HA,0.026230106
MDA,BULLY_VERBAL,0.9617245692081261,10,ST207Q02HA,0.026007788
MDA,BULLY_THREAT,0.9795652120071331,1,BELONG,0.049713958
MDA,BULLY_THREAT,0.9795652120071331,2,ST206Q01HA,0.048696354
MDA,BULLY_THREAT,0.9795652120071331,3,SCREADDIFF,0.038008794
MDA,BULLY_THREAT,0.9795652120071331,4,ST207Q03HA,0.031586975
MDA,BULLY_THREAT,0.9795652120071331,5,DISCLIMA,0.028200028
MDA,BULLY_THREAT,0.9795652120071331,6,PERCOOP,0.027817544
MDA,BULLY_THREAT,0.9795652120071331,7,ST207Q04HA,0.027678927
MDA,BULLY_THREAT,0.9795652120071331,8,ATTLNACT,0.024427671
MDA,BULLY_THREAT,0.9795652120071331,9,REPEAT,0.024006665
MDA,BULLY_THREAT,0.9795652120071331,10,PERCOMP,0.023464613
MDA,BULLY_PHYSICAL,0.9686993172543684,1,BELONG,0.05129597
MDA,BULLY_PHYSICAL,0.9686993172543684,2,PERCOOP,0.047764562
MDA,BULLY_PHYSICAL,0.9686993172543684,3,EMOSUPS,0.035478238
MDA,BULLY_PHYSICAL,0.9686993172543684,4,DISCLIMA,0.032213345
MDA,BULLY_PHYSICAL,0.9686993172543684,5,ST206Q01HA,0.031527575
MDA,BULLY_PHYSICAL,0.9686993172543684,6,PV1READ,0.029691681
MDA,BULLY_PHYSICAL,0.9686993172543684,7,SCREADDIFF,0.02919812
MDA,BULLY_PHYSICAL,0.9686993172543684,8,BSMJ,0.02753679
MDA,BULLY_PHYSICAL,0.9686993172543684,9,ST207Q03HA,0.026533732
MDA,BULLY_PHYSICAL,0.9686993172543684,10,ST207Q02HA,0.026247242
MDA,BULLY_RELATIONAL,0.9535404987306959,1,BELONG,0.06272836
MDA,BULLY_RELATIONAL,0.9535404987306959,2,PERCOOP,0.04101294
MDA,BULLY_RELATIONAL,0.9535404987306959,3,DISCLIMA,0.03474397
MDA,BULLY_RELATIONAL,0.9535404987306959,4,ST185Q01HA,0.03422156
MDA,BULLY_RELATIONAL,0.9535404987306959,5,ST206Q01HA,0.031720188
MDA,BULLY_RELATIONAL,0.9535404987306959,6,ST207Q02HA,0.029623412
MDA,BULLY_RELATIONAL,0.9535404987306959,7,EMOSUPS,0.02825866
MDA,BULLY_RELATIONAL,0.9535404987306959,8,ST207Q05HA,0.027401518
MDA,BULLY_RELATIONAL,0.9535404987306959,9,ST207Q04HA,0.026369324
MDA,BULLY_RELATIONAL,0.9535404987306959,10,PERCOMP,0.02549335
MEX,BULLY_VERBAL,0.9801269089773306,1,BELONG,0.07895938
MEX,BULLY_VERBAL,0.9801269089773306,2,EMOSUPS,0.07587842
MEX,BULLY_VERBAL,0.9801269089773306,3,PERCOMP,0.044946615
MEX,BULLY_VERBAL,0.9801269089773306,4,PERCOOP,0.042824034
MEX,BULLY_VERBAL,0.9801269089773306,5,ST207Q02HA,0.03756062
MEX,BULLY_VERBAL,0.9801269089773306,6,ST207Q03HA,0.0349036
MEX,BULLY_VERBAL,0.9801269089773306,7,SCREADDIFF,0.02714148
MEX,BULLY_VERBAL,0.9801269089773306,8,ST207Q05HA,0.02615762
MEX,BULLY_VERBAL,0.9801269089773306,9,GFOFAIL,0.025334897
MEX,BULLY_VERBAL,0.9801269089773306,10,DISCLIMA,0.024921417
MEX,BULLY_THREAT,0.9946104992979993,1,EMOSUPS,0.08899709
MEX,BULLY_THREAT,0.9946104992979993,2,PV1READ,0.045887925
MEX,BULLY_THREAT,0.9946104992979993,3,PERCOMP,0.040401384
MEX,BULLY_THREAT,0.9946104992979993,4,ST004D01T,0.03506094
MEX,BULLY_THREAT,0.9946104992979993,5,BELONG,0.035050344
MEX,BULLY_THREAT,0.9946104992979993,6,PERCOOP,0.031039458
MEX,BULLY_THREAT,0.9946104992979993,7,PV1SCIE,0.029665858
MEX,BULLY_THREAT,0.9946104992979993,8,ST207Q03HA,0.02839686
MEX,BULLY_THREAT,0.9946104992979993,9,DISCLIMA,0.028206263
MEX,BULLY_THREAT,0.9946104992979993,10,METASUM,0.02576549
MEX,BULLY_PHYSICAL,0.988047571704025,1,EMOSUPS,0.119160734
MEX,BULLY_PHYSICAL,0.988047571704025,2,BELONG,0.03991939
MEX,BULLY_PHYSICAL,0.988047571704025,3,PV1READ,0.037134904
MEX,BULLY_PHYSICAL,0.988047571704025,4,ST004D01T,0.03319296
MEX,BULLY_PHYSICAL,0.988047571704025,5,PERCOMP,0.03167902
MEX,BULLY_PHYSICAL,0.988047571704025,6,DISCLIMA,0.029184025
MEX,BULLY_PHYSICAL,0.988047571704025,7,PERCOOP,0.02608913
MEX,BULLY_PHYSICAL,0.988047571704025,8,ST207Q03HA,0.024711117
MEX,BULLY_PHYSICAL,0.988047571704025,9,PV1SCIE,0.024483282
MEX,BULLY_PHYSICAL,0.988047571704025,10,ST207Q01HA,0.024374384
MEX,BULLY_RELATIONAL,0.9826380067805977,1,EMOSUPS,0.10943688
MEX,BULLY_RELATIONAL,0.9826380067805977,2,ST207Q05HA,0.05031625
MEX,BULLY_RELATIONAL,0.9826380067805977,3,BELONG,0.049928833
MEX,BULLY_RELATIONAL,0.9826380067805977,4,PERCOMP,0.042432357
MEX,BULLY_RELATIONAL,0.9826380067805977,5,PERCOOP,0.02875253
MEX,BULLY_RELATIONAL,0.9826380067805977,6,ST207Q02HA,0.026554327
MEX,BULLY_RELATIONAL,0.9826380067805977,7,ST207Q03HA,0.026546853
MEX,BULLY_RELATIONAL,0.9826380067805977,8,DISCLIMA,0.024922024
MEX,BULLY_RELATIONAL,0.9826380067805977,9,PV1SCIE,0.02352022
MEX,BULLY_RELATIONAL,0.9826380067805977,10,ST207Q01HA,0.023508951
MLT,BULLY_VERBAL,0.9744391856010807,1,BELONG,0.06501575
MLT,BULLY_VERBAL,0.9744391856010807,2,ST004D01T,0.042601738
MLT,BULLY_VERBAL,0.9744391856010807,3,ST207Q04HA,0.040981103
MLT,BULLY_VERBAL,0.9744391856010807,4,ST207Q01HA,0.038968835
MLT,BULLY_VERBAL,0.9744391856010807,5,ST207Q05HA,0.03555169
MLT,BULLY_VERBAL,0.9744391856010807,6,DISCLIMA,0.032322053
MLT,BULLY_VERBAL,0.9744391856010807,7,EMOSUPS,0.03109
MLT,BULLY_VERBAL,0.9744391856010807,8,PERCOMP,0.029948601
MLT,BULLY_VERBAL,0.9744391856010807,9,ST206Q01HA,0.02755004
MLT,BULLY_VERBAL,0.9744391856010807,10,ST207Q03HA,0.025433198
MLT,BULLY_THREAT,0.9842074818643023,1,ST004D01T,0.065087676
MLT,BULLY_THREAT,0.9842074818643023,2,EMOSUPS,0.056980312
MLT,BULLY_THREAT,0.9842074818643023,3,BELONG,0.052528333
MLT,BULLY_THREAT,0.9842074818643023,4,ST207Q02HA,0.049962208
MLT,BULLY_THREAT,0.9842074818643023,5,ST207Q01HA,0.041852534
MLT,BULLY_THREAT,0.9842074818643023,6,ST207Q05HA,0.03525192
MLT,BULLY_THREAT,0.9842074818643023,7,ST207Q03HA,0.03358463
MLT,BULLY_THREAT,0.9842074818643023,8,ST206Q01HA,0.032087788
MLT,BULLY_THREAT,0.9842074818643023,9,PV1READ,0.028575834
MLT,BULLY_THREAT,0.9842074818643023,10,DISCLIMA,0.027958259
MLT,BULLY_PHYSICAL,0.9782833313453366,1,ST004D01T,0.074145064
MLT,BULLY_PHYSICAL,0.9782833313453366,2,EMOSUPS,0.06506282
MLT,BULLY_PHYSICAL,0.9782833313453366,3,ST207Q02HA,0.04377566
MLT,BULLY_PHYSICAL,0.9782833313453366,4,ST207Q01HA,0.04316414
MLT,BULLY_PHYSICAL,0.9782833313453366,5,ST207Q05HA,0.04295716
MLT,BULLY_PHYSICAL,0.9782833313453366,6,BELONG,0.039261702
MLT,BULLY_PHYSICAL,0.9782833313453366,7,ST207Q04HA,0.032934606
MLT,BULLY_PHYSICAL,0.9782833313453366,8,ST207Q03HA,0.029665483
MLT,BULLY_PHYSICAL,0.9782833313453366,9,DISCLIMA,0.028101603
MLT,BULLY_PHYSICAL,0.9782833313453366,10,ST206Q01HA,0.02645489
MLT,BULLY_RELATIONAL,0.98264063259437,1,BELONG,0.07126912
MLT,BULLY_RELATIONAL,0.98264063259437,2,ST004D01T,0.043148007
MLT,BULLY_RELATIONAL,0.98264063259437,3,ST207Q03HA,0.037417
MLT,BULLY_RELATIONAL,0.98264063259437,4,EMOSUPS,0.037342362
MLT,BULLY_RELATIONAL,0.98264063259437,5,ST206Q01HA,0.034559898
MLT,BULLY_RELATIONAL,0.98264063259437,6,ST207Q01HA,0.03422815
MLT,BULLY_RELATIONAL,0.98264063259437,7,ST207Q02HA,0.03213525
MLT,BULLY_RELATIONAL,0.98264063259437,8,DISCLIMA,0.027978143
MLT,BULLY_RELATIONAL,0.98264063259437,9,METASUM,0.025196215
MLT,BULLY_RELATIONAL,0.98264063259437,10,PV1READ,0.024323035
MNE,BULLY_VERBAL,0.9537732658687351,1,BELONG,0.076491095
MNE,BULLY_VERBAL,0.9537732658687351,2,ST207Q05HA,0.039271235
MNE,BULLY_VERBAL,0.9537732658687351,3,EMOSUPS,0.03452509
MNE,BULLY_VERBAL,0.9537732658687351,4,SCREADDIFF,0.03282241
MNE,BULLY_VERBAL,0.9537732658687351,5,ST004D01T,0.029942077
MNE,BULLY_VERBAL,0.9537732658687351,6,SWBP,0.029181747
MNE,BULLY_VERBAL,0.9537732658687351,7,PERCOMP,0.028773094
MNE,BULLY_VERBAL,0.9537732658687351,8,ST207Q04HA,0.028145207
MNE,BULLY_VERBAL,0.9537732658687351,9,GFOFAIL,0.027919346
MNE,BULLY_VERBAL,0.9537732658687351,10,DISCLIMA,0.026957618
MNE,BULLY_THREAT,0.9631009811911538,1,EMOSUPS,0.06359261
MNE,BULLY_THREAT,0.9631009811911538,2,ST207Q02HA,0.044450477
MNE,BULLY_THREAT,0.9631009811911538,3,BELONG,0.044333793
MNE,BULLY_THREAT,0.9631009811911538,4,ST004D01T,0.044197146
MNE,BULLY_THREAT,0.9631009811911538,5,ST207Q03HA,0.038786832
MNE,BULLY_THREAT,0.9631009811911538,6,ST207Q04HA,0.038687013
MNE,BULLY_THREAT,0.9631009811911538,7,SCREADDIFF,0.03417674
MNE,BULLY_THREAT,0.9631009811911538,8,ST207Q05HA,0.03257276
MNE,BULLY_THREAT,0.9631009811911538,9,ST207Q01HA,0.02605046
MNE,BULLY_THREAT,0.9631009811911538,10,PERCOMP,0.02331416
MNE,BULLY_PHYSICAL,0.9597742623407453,1,EMOSUPS,0.067866266
MNE,BULLY_PHYSICAL,0.9597742623407453,2,ST207Q02HA,0.05940113
MNE,BULLY_PHYSICAL,0.9597742623407453,3,BELONG,0.055356074
MNE,BULLY_PHYSICAL,0.9597742623407453,4,ST207Q05HA,0.0484314
MNE,BULLY_PHYSICAL,0.9597742623407453,5,ST207Q04HA,0.044834938
MNE,BULLY_PHYSICAL,0.9597742623407453,6,ST004D01T,0.04092367
MNE,BULLY_PHYSICAL,0.9597742623407453,7,ST207Q01HA,0.04054485
MNE,BULLY_PHYSICAL,0.9597742623407453,8,ST207Q03HA,0.029008057
MNE,BULLY_PHYSICAL,0.9597742623407453,9,SCREADDIFF,0.025271498
MNE,BULLY_PHYSICAL,0.9597742623407453,10,PERCOOP,0.025217138
MNE,BULLY_RELATIONAL,0.9452954916357279,1,BELONG,0.06445572
MNE,BULLY_RELATIONAL,0.9452954916357279,2,EMOSUPS,0.046278797
MNE,BULLY_RELATIONAL,0.9452954916357279,3,ST207Q05HA,0.0424532
MNE,BULLY_RELATIONAL,0.9452954916357279,4,SWBP,0.038734972
MNE,BULLY_RELATIONAL,0.9452954916357279,5,ST207Q02HA,0.030017741
MNE,BULLY_RELATIONAL,0.9452954916357279,6,ST206Q01HA,0.027580978
MNE,BULLY_RELATIONAL,0.9452954916357279,7,SCREADDIFF,0.027563944
MNE,BULLY_RELATIONAL,0.9452954916357279,8,ST207Q03HA,0.026515832
MNE,BULLY_RELATIONAL,0.9452954916357279,9,DISCLIMA,0.025846317
MNE,BULLY_RELATIONAL,0.9452954916357279,10,PERCOOP,0.02530097
MYS,BULLY_VERBAL,0.9114775180876317,1,ST004D01T,0.06298365
MYS,BULLY_VERBAL,0.9114775180876317,2,BELONG,0.05911686
MYS,BULLY_VERBAL,0.9114775180876317,3,ST207Q02HA,0.040184338
MYS,BULLY_VERBAL,0.9114775180876317,4,DISCLIMA,0.037393436
MYS,BULLY_VERBAL,0.9114775180876317,5,PERCOOP,0.032789882
MYS,BULLY_VERBAL,0.9114775180876317,6,ST207Q01HA,0.029949652
MYS,BULLY_VERBAL,0.9114775180876317,7,PERCOMP,0.02841981
MYS,BULLY_VERBAL,0.9114775180876317,8,ST207Q05HA,0.026550978
MYS,BULLY_VERBAL,0.9114775180876317,9,GFOFAIL,0.025339155
MYS,BULLY_VERBAL,0.9114775180876317,10,ST206Q01HA,0.024085633
MYS,BULLY_THREAT,0.9613662050999994,1,PV1READ,0.08313222
MYS,BULLY_THREAT,0.9613662050999994,2,ST004D01T,0.04533831
MYS,BULLY_THREAT,0.9613662050999994,3,ST207Q05HA,0.03908018
MYS,BULLY_THREAT,0.9613662050999994,4,BELONG,0.036908455
MYS,BULLY_THREAT,0.9613662050999994,5,PV1SCIE,0.03546737
MYS,BULLY_THREAT,0.9613662050999994,6,ATTLNACT,0.03353526
MYS,BULLY_THREAT,0.9613662050999994,7,PERCOOP,0.03167594
MYS,BULLY_THREAT,0.9613662050999994,8,DISCLIMA,0.027355187
MYS,BULLY_THREAT,0.9613662050999994,9,ST184Q01HA,0.0257183
MYS,BULLY_THREAT,0.9613662050999994,10,ST207Q03HA,0.024499051
MYS,BULLY_PHYSICAL,0.9364339714065834,1,PV1SCIE,0.06481723
MYS,BULLY_PHYSICAL,0.9364339714065834,2,PV1READ,0.05782968
MYS,BULLY_PHYSICAL,0.9364339714065834,3,BELONG,0.04501433
MYS,BULLY_PHYSICAL,0.9364339714065834,4,ST004D01T,0.04064374
MYS,BULLY_PHYSICAL,0.9364339714065834,5,DISCLIMA,0.037422784
MYS,BULLY_PHYSICAL,0.9364339714065834,6,PV1MATH,0.030595414
MYS,BULLY_PHYSICAL,0.9364339714065834,7,PERCOOP,0.027466081
MYS,BULLY_PHYSICAL,0.9364339714065834,8,ST207Q04HA,0.02478664
MYS,BULLY_PHYSICAL,0.9364339714065834,9,EMOSUPS,0.022959203
MYS,BULLY_PHYSICAL,0.9364339714065834,10,JOYREAD,0.022714145
MYS,BULLY_RELATIONAL,0.926573414491467,1,BELONG,0.047461968
MYS,BULLY_RELATIONAL,0.926573414491467,2,DISCLIMA,0.042685557
MYS,BULLY_RELATIONAL,0.926573414491467,3,PV1SCIE,0.04224203
MYS,BULLY_RELATIONAL,0.926573414491467,4,PV1MATH,0.039727803
MYS,BULLY_RELATIONAL,0.926573414491467,5,PERCOOP,0.035097722
MYS,BULLY_RELATIONAL,0.926573414491467,6,ST004D01T,0.031367462
MYS,BULLY_RELATIONAL,0.926573414491467,7,ST207Q05HA,0.030362763
MYS,BULLY_RELATIONAL,0.926573414491467,8,EMOSUPS,0.027755769
MYS,BULLY_RELATIONAL,0.926573414491467,9,ST207Q01HA,0.0249977
MYS,BULLY_RELATIONAL,0.926573414491467,10,ST184Q01HA,0.023270162
NLD,BULLY_VERBAL,0.9921708472287954,1,BELONG,0.08655434
NLD,BULLY_VERBAL,0.9921708472287954,2,ST207Q02HA,0.04032506
NLD,BULLY_VERBAL,0.9921708472287954,3,ST184Q01HA,0.037062116
NLD,BULLY_VERBAL,0.9921708472287954,4,ST004D01T,0.034973405
NLD,BULLY_VERBAL,0.9921708472287954,5,DISCLIMA,0.031570613
NLD,BULLY_VERBAL,0.9921708472287954,6,GFOFAIL,0.027324468
NLD,BULLY_VERBAL,0.9921708472287954,7,MASTGOAL,0.026602339
NLD,BULLY_VERBAL,0.9921708472287954,8,COMPETE,0.026118957
NLD,BULLY_VERBAL,0.9921708472287954,9,PERCOMP,0.025598785
NLD,BULLY_VERBAL,0.9921708472287954,10,EMOSUPS,0.024294512
NLD,BULLY_THREAT,0.9969530422756381,1,BELONG,0.112859264
NLD,BULLY_THREAT,0.9969530422756381,2,DISCLIMA,0.045808025
NLD,BULLY_THREAT,0.9969530422756381,3,PV1MATH,0.043411747
NLD,BULLY_THREAT,0.9969530422756381,4,ST004D01T,0.0314523
NLD,BULLY_THREAT,0.9969530422756381,5,PV1SCIE,0.030475734
NLD,BULLY_THREAT,0.9969530422756381,6,UNDREM,0.029396374
NLD,BULLY_THREAT,0.9969530422756381,7,ST207Q04HA,0.028456025
NLD,BULLY_THREAT,0.9969530422756381,8,ST207Q05HA,0.02700857
NLD,BULLY_THREAT,0.9969530422756381,9,ATTLNACT,0.026971115
NLD,BULLY_THREAT,0.9969530422756381,10,PV1READ,0.02512199
NLD,BULLY_PHYSICAL,0.9954036727447373,1,BELONG,0.06829523
NLD,BULLY_PHYSICAL,0.9954036727447373,2,ST004D01T,0.05340189
NLD,BULLY_PHYSICAL,0.9954036727447373,3,ST207Q02HA,0.03523093
NLD,BULLY_PHYSICAL,0.9954036727447373,4,EMOSUPS,0.034624353
NLD,BULLY_PHYSICAL,0.9954036727447373,5,PERCOMP,0.033805832
NLD,BULLY_PHYSICAL,0.9954036727447373,6,SCREADCOMP,0.029778194
NLD,BULLY_PHYSICAL,0.9954036727447373,7,ST184Q01HA,0.028479094
NLD,BULLY_PHYSICAL,0.9954036727447373,8,REPEAT,0.026490415
NLD,BULLY_PHYSICAL,0.9954036727447373,9,ST207Q04HA,0.0253075
NLD,BULLY_PHYSICAL,0.9954036727447373,10,DISCLIMA,0.02523006
NLD,BULLY_RELATIONAL,0.9943491963680304,1,BELONG,0.09582028
NLD,BULLY_RELATIONAL,0.9943491963680304,2,ST207Q01HA,0.04073512
NLD,BULLY_RELATIONAL,0.9943491963680304,3,PERCOOP,0.034687206
NLD,BULLY_RELATIONAL,0.9943491963680304,4,ST207Q02HA,0.032730583
NLD,BULLY_RELATIONAL,0.9943491963680304,5,ST207Q04HA,0.032677535
NLD,BULLY_RELATIONAL,0.9943491963680304,6,PERCOMP,0.03000188
NLD,BULLY_RELATIONAL,0.9943491963680304,7,ST206Q01HA,0.029715545
NLD,BULLY_RELATIONAL,0.9943491963680304,8,ST207Q05HA,0.028627286
NLD,BULLY_RELATIONAL,0.9943491963680304,9,REPEAT,0.026254257
NLD,BULLY_RELATIONAL,0.9943491963680304,10,EMOSUPS,0.025789568
NOR,BULLY_VERBAL,0.9498278916171075,1,BELONG,0.095106766
NOR,BULLY_VERBAL,0.9498278916171075,2,DISCLIMA,0.041707247
NOR,BULLY_VERBAL,0.9498278916171075,3,ST004D01T,0.032988675
NOR,BULLY_VERBAL,0.9498278916171075,4,COMPETE,0.030555362
NOR,BULLY_VERBAL,0.9498278916171075,5,ST206Q01HA,0.029623125
NOR,BULLY_VERBAL,0.9498278916171075,6,EMOSUPS,0.029344028
NOR,BULLY_VERBAL,0.9498278916171075,7,PERCOMP,0.029296013
NOR,BULLY_VERBAL,0.9498278916171075,8,TEACHSUP,0.02775287
NOR,BULLY_VERBAL,0.9498278916171075,9,DURECEC,0.027663069
NOR,BULLY_VERBAL,0.9498278916171075,10,ST207Q04HA,0.027252242
NOR,BULLY_THREAT,0.9875609177840415,1,BELONG,0.08353643
NOR,BULLY_THREAT,0.9875609177840415,2,DISCLIMA,0.045182906
NOR,BULLY_THREAT,0.9875609177840415,3,PV1READ,0.042653438
NOR,BULLY_THREAT,0.9875609177840415,4,ST004D01T,0.041937165
NOR,BULLY_THREAT,0.9875609177840415,5,ST207Q03HA,0.036311448
NOR,BULLY_THREAT,0.9875609177840415,6,TEACHSUP,0.03491522
NOR,BULLY_THREAT,0.9875609177840415,7,PERCOOP,0.030452691
NOR,BULLY_THREAT,0.9875609177840415,8,PERFEED,0.029221516
NOR,BULLY_THREAT,0.9875609177840415,9,EMOSUPS,0.028823944
NOR,BULLY_THREAT,0.9875609177840415,10,TEACHINT,0.027987925
NOR,BULLY_PHYSICAL,0.9695418546110177,1,BELONG,0.060643174
NOR,BULLY_PHYSICAL,0.9695418546110177,2,DISCLIMA,0.052989434
NOR,BULLY_PHYSICAL,0.9695418546110177,3,ST206Q01HA,0.042995963
NOR,BULLY_PHYSICAL,0.9695418546110177,4,ST207Q03HA,0.039894775
NOR,BULLY_PHYSICAL,0.9695418546110177,5,ST004D01T,0.038683563
NOR,BULLY_PHYSICAL,0.9695418546110177,6,EMOSUPS,0.036492657
NOR,BULLY_PHYSICAL,0.9695418546110177,7,ST207Q01HA,0.03230677
NOR,BULLY_PHYSICAL,0.9695418546110177,8,TEACHSUP,0.031419307
NOR,BULLY_PHYSICAL,0.9695418546110177,9,PV1READ,0.030384772
NOR,BULLY_PHYSICAL,0.9695418546110177,10,PERCOOP,0.03021282
NOR,BULLY_RELATIONAL,0.9758351874230599,1,BELONG,0.1210837
NOR,BULLY_RELATIONAL,0.9758351874230599,2,EMOSUPS,0.0410326
NOR,BULLY_RELATIONAL,0.9758351874230599,3,ST206Q01HA,0.034797598
NOR,BULLY_RELATIONAL,0.9758351874230599,4,WORKMAST,0.032927737
NOR,BULLY_RELATIONAL,0.9758351874230599,5,PV1READ,0.032390833
NOR,BULLY_RELATIONAL,0.9758351874230599,6,ST207Q01HA,0.03158706
NOR,BULLY_RELATIONAL,0.9758351874230599,7,DISCLIMA,0.03101566
NOR,BULLY_RELATIONAL,0.9758351874230599,8,ST207Q04HA,0.030691871
NOR,BULLY_RELATIONAL,0.9758351874230599,9,PV1SCIE,0.028912127
NOR,BULLY_RELATIONAL,0.9758351874230599,10,TEACHINT,0.027287818
NZL,BULLY_VERBAL,0.9322190695629518,1,BELONG,0.08289704
NZL,BULLY_VERBAL,0.9322190695629518,2,ST207Q02HA,0.048030853
NZL,BULLY_VERBAL,0.9322190695629518,3,PERCOMP,0.045278396
NZL,BULLY_VERBAL,0.9322190695629518,4,ST207Q05HA,0.04127345
NZL,BULLY_VERBAL,0.9322190695629518,5,ST004D01T,0.038588453
NZL,BULLY_VERBAL,0.9322190695629518,6,PERCOOP,0.036982805
NZL,BULLY_VERBAL,0.9322190695629518,7,ST207Q04HA,0.036555905
NZL,BULLY_VERBAL,0.9322190695629518,8,ST207Q03HA,0.03411936
NZL,BULLY_VERBAL,0.9322190695629518,9,ST206Q01HA,0.033150773
NZL,BULLY_VERBAL,0.9322190695629518,10,DISCLIMA,0.029347751
NZL,BULLY_THREAT,0.9711297927582083,1,BELONG,0.069960855
NZL,BULLY_THREAT,0.9711297927582083,2,ST207Q03HA,0.041983128
NZL,BULLY_THREAT,0.9711297927582083,3,ST004D01T,0.040809363
NZL,BULLY_THREAT,0.9711297927582083,4,DISCLIMA,0.040161293
NZL,BULLY_THREAT,0.9711297927582083,5,EMOSUPS,0.034626182
NZL,BULLY_THREAT,0.9711297927582083,6,ST207Q01HA,0.03266503
NZL,BULLY_THREAT,0.9711297927582083,7,ST206Q01HA,0.030038202
NZL,BULLY_THREAT,0.9711297927582083,8,PV1READ,0.029643461
NZL,BULLY_THREAT,0.9711297927582083,9,ST207Q04HA,0.028764026
NZL,BULLY_THREAT,0.9711297927582083,10,PERCOMP,0.028409636
NZL,BULLY_PHYSICAL,0.966839254163937,1,ST004D01T,0.087566055
NZL,BULLY_PHYSICAL,0.966839254163937,2,BELONG,0.05571554
NZL,BULLY_PHYSICAL,0.966839254163937,3,ST207Q03HA,0.039481957
NZL,BULLY_PHYSICAL,0.966839254163937,4,ST207Q02HA,0.03686407
NZL,BULLY_PHYSICAL,0.966839254163937,5,ST207Q05HA,0.03580633
NZL,BULLY_PHYSICAL,0.966839254163937,6,EMOSUPS,0.032615203
NZL,BULLY_PHYSICAL,0.966839254163937,7,ST207Q01HA,0.030757342
NZL,BULLY_PHYSICAL,0.966839254163937,8,DISCLIMA,0.029342005
NZL,BULLY_PHYSICAL,0.966839254163937,9,PV1READ,0.028645644
NZL,BULLY_PHYSICAL,0.966839254163937,10,ST206Q01HA,0.028291443
NZL,BULLY_RELATIONAL,0.9607203546442076,1,BELONG,0.085808426
NZL,BULLY_RELATIONAL,0.9607203546442076,2,ST207Q03HA,0.047590636
NZL,BULLY_RELATIONAL,0.9607203546442076,3,ST207Q01HA,0.039936393
NZL,BULLY_RELATIONAL,0.9607203546442076,4,EMOSUPS,0.034859475
NZL,BULLY_RELATIONAL,0.9607203546442076,5,PERCOOP,0.03257891
NZL,BULLY_RELATIONAL,0.9607203546442076,6,DISCLIMA,0.031456098
NZL,BULLY_RELATIONAL,0.9607203546442076,7,ST207Q05HA,0.031037128
NZL,BULLY_RELATIONAL,0.9607203546442076,8,ST207Q04HA,0.029635085
NZL,BULLY_RELATIONAL,0.9607203546442076,9,PERCOMP,0.029113734
NZL,BULLY_RELATIONAL,0.9607203546442076,10,ST206Q01HA,0.02777679
PAN,BULLY_VERBAL,0.9859923321759917,1,PERCOMP,0.09453073
PAN,BULLY_VERBAL,0.9859923321759917,2,PERCOOP,0.08510417
PAN,BULLY_VERBAL,0.9859923321759917,3,EMOSUPS,0.0684504
PAN,BULLY_VERBAL,0.9859923321759917,4,ST206Q01HA,0.062170945
PAN,BULLY_VERBAL,0.9859923321759917,5,BELONG,0.038422283
PAN,BULLY_VERBAL,0.9859923321759917,6,ST207Q04HA,0.035355873
PAN,BULLY_VERBAL,0.9859923321759917,7,ST207Q05HA,0.027881872
PAN,BULLY_VERBAL,0.9859923321759917,8,ST207Q01HA,0.02392433
PAN,BULLY_VERBAL,0.9859923321759917,9,ST207Q02HA,0.02256767
PAN,BULLY_VERBAL,0.9859923321759917,10,GFOFAIL,0.019581068
PAN,BULLY_THREAT,0.993264685103863,1,PERCOMP,0.09845148
PAN,BULLY_THREAT,0.993264685103863,2,EMOSUPS,0.070303634
PAN,BULLY_THREAT,0.993264685103863,3,PERCOOP,0.060083225
PAN,BULLY_THREAT,0.993264685103863,4,ST207Q01HA,0.05367811
PAN,BULLY_THREAT,0.993264685103863,5,ST206Q01HA,0.048831176
PAN,BULLY_THREAT,0.993264685103863,6,PV1READ,0.031314556
PAN,BULLY_THREAT,0.993264685103863,7,BELONG,0.029410874
PAN,BULLY_THREAT,0.993264685103863,8,ST207Q04HA,0.028975189
PAN,BULLY_THREAT,0.993264685103863,9,ST207Q02HA,0.028130004
PAN,BULLY_THREAT,0.993264685103863,10,ST207Q05HA,0.024437496
PAN,BULLY_PHYSICAL,0.9906553133624932,1,EMOSUPS,0.09809762
PAN,BULLY_PHYSICAL,0.9906553133624932,2,PERCOMP,0.09120308
PAN,BULLY_PHYSICAL,0.9906553133624932,3,ST206Q01HA,0.08329709
PAN,BULLY_PHYSICAL,0.9906553133624932,4,ST207Q01HA,0.08011423
PAN,BULLY_PHYSICAL,0.9906553133624932,5,PERCOOP,0.03014972
PAN,BULLY_PHYSICAL,0.9906553133624932,6,PV1READ,0.029439311
PAN,BULLY_PHYSICAL,0.9906553133624932,7,ATTLNACT,0.022994457
PAN,BULLY_PHYSICAL,0.9906553133624932,8,BELONG,0.022813862
PAN,BULLY_PHYSICAL,0.9906553133624932,9,ST207Q05HA,0.022243973
PAN,BULLY_PHYSICAL,0.9906553133624932,10,ST207Q03HA,0.022027511
PAN,BULLY_RELATIONAL,0.9857560145730014,1,PERCOMP,0.10274311
PAN,BULLY_RELATIONAL,0.9857560145730014,2,EMOSUPS,0.09307953
PAN,BULLY_RELATIONAL,0.9857560145730014,3,ST206Q01HA,0.0680932
PAN,BULLY_RELATIONAL,0.9857560145730014,4,PERCOOP,0.047183108
PAN,BULLY_RELATIONAL,0.9857560145730014,5,ST207Q04HA,0.038078524
PAN,BULLY_RELATIONAL,0.9857560145730014,6,ST207Q01HA,0.031022435
PAN,BULLY_RELATIONAL,0.9857560145730014,7,ST207Q05HA,0.03005514
PAN,BULLY_RELATIONAL,0.9857560145730014,8,PV1SCIE,0.021357143
PAN,BULLY_RELATIONAL,0.9857560145730014,9,BELONG,0.01969349
PAN,BULLY_RELATIONAL,0.9857560145730014,10,PV1MATH,0.019467942
PER,BULLY_VERBAL,0.9944962367430723,1,PERCOOP,0.11310873
PER,BULLY_VERBAL,0.9944962367430723,2,BELONG,0.062811345
PER,BULLY_VERBAL,0.9944962367430723,3,EMOSUPS,0.049965728
PER,BULLY_VERBAL,0.9944962367430723,4,ST207Q02HA,0.042801064
PER,BULLY_VERBAL,0.9944962367430723,5,PERCOMP,0.040773124
PER,BULLY_VERBAL,0.9944962367430723,6,ST206Q01HA,0.034994897
PER,BULLY_VERBAL,0.9944962367430723,7,ST207Q03HA,0.03231653
PER,BULLY_VERBAL,0.9944962367430723,8,ST207Q04HA,0.024621094
PER,BULLY_VERBAL,0.9944962367430723,9,GFOFAIL,0.023330692
PER,BULLY_VERBAL,0.9944962367430723,10,SWBP,0.021960488
PER,BULLY_THREAT,0.9955984915017824,1,EMOSUPS,0.10812068
PER,BULLY_THREAT,0.9955984915017824,2,PERCOOP,0.05603897
PER,BULLY_THREAT,0.9955984915017824,3,BELONG,0.04757968
PER,BULLY_THREAT,0.9955984915017824,4,ST207Q05HA,0.041741323
PER,BULLY_THREAT,0.9955984915017824,5,PERCOMP,0.034219466
PER,BULLY_THREAT,0.9955984915017824,6,ST207Q02HA,0.028111255
PER,BULLY_THREAT,0.9955984915017824,7,ATTLNACT,0.027675604
PER,BULLY_THREAT,0.9955984915017824,8,ST207Q01HA,0.02676551
PER,BULLY_THREAT,0.9955984915017824,9,PV1READ,0.026117986
PER,BULLY_THREAT,0.9955984915017824,10,WORKMAST,0.025285585
PER,BULLY_PHYSICAL,0.9936498969335633,1,EMOSUPS,0.11036068
PER,BULLY_PHYSICAL,0.9936498969335633,2,PERCOOP,0.10680169
PER,BULLY_PHYSICAL,0.9936498969335633,3,BELONG,0.03139214
PER,BULLY_PHYSICAL,0.9936498969335633,4,PERCOMP,0.027360585
PER,BULLY_PHYSICAL,0.9936498969335633,5,PV1READ,0.026412016
PER,BULLY_PHYSICAL,0.9936498969335633,6,ST004D01T,0.026166638
PER,BULLY_PHYSICAL,0.9936498969335633,7,ST207Q01HA,0.024049247
PER,BULLY_PHYSICAL,0.9936498969335633,8,ST207Q04HA,0.022661656
PER,BULLY_PHYSICAL,0.9936498969335633,9,ST207Q02HA,0.022408128
PER,BULLY_PHYSICAL,0.9936498969335633,10,DISCLIMA,0.020818103
PER,BULLY_RELATIONAL,0.9927899310563898,1,PERCOOP,0.15327
PER,BULLY_RELATIONAL,0.9927899310563898,2,ST206Q01HA,0.091513835
PER,BULLY_RELATIONAL,0.9927899310563898,3,EMOSUPS,0.0425279
PER,BULLY_RELATIONAL,0.9927899310563898,4,PERCOMP,0.040253844
PER,BULLY_RELATIONAL,0.9927899310563898,5,BELONG,0.030952707
PER,BULLY_RELATIONAL,0.9927899310563898,6,ST207Q02HA,0.024918677
PER,BULLY_RELATIONAL,0.9927899310563898,7,DISCLIMA,0.024007777
PER,BULLY_RELATIONAL,0.9927899310563898,8,ST207Q03HA,0.023707189
PER,BULLY_RELATIONAL,0.9927899310563898,9,ST207Q05HA,0.019802013
PER,BULLY_RELATIONAL,0.9927899310563898,10,ST207Q04HA,0.019405974
PHL,BULLY_VERBAL,0.8862717890517636,1,EMOSUPS,0.095987685
PHL,BULLY_VERBAL,0.8862717890517636,2,PERCOMP,0.049364123
PHL,BULLY_VERBAL,0.8862717890517636,3,PV1READ,0.036225483
PHL,BULLY_VERBAL,0.8862717890517636,4,ST207Q02HA,0.02889094
PHL,BULLY_VERBAL,0.8862717890517636,5,PERCOOP,0.026980443
PHL,BULLY_VERBAL,0.8862717890517636,6,ST207Q03HA,0.02666319
PHL,BULLY_VERBAL,0.8862717890517636,7,RESILIENCE,0.025932387
PHL,BULLY_VERBAL,0.8862717890517636,8,SCREADDIFF,0.02577569
PHL,BULLY_VERBAL,0.8862717890517636,9,ST004D01T,0.025161838
PHL,BULLY_VERBAL,0.8862717890517636,10,ST207Q05HA,0.02450436
PHL,BULLY_THREAT,0.8972269867714229,1,PV1READ,0.081641786
PHL,BULLY_THREAT,0.8972269867714229,2,EMOSUPS,0.07375297
PHL,BULLY_THREAT,0.8972269867714229,3,PERCOMP,0.045561425
PHL,BULLY_THREAT,0.8972269867714229,4,PERCOOP,0.035407256
PHL,BULLY_THREAT,0.8972269867714229,5,SCREADDIFF,0.03316455
PHL,BULLY_THREAT,0.8972269867714229,6,ST207Q01HA,0.027728545
PHL,BULLY_THREAT,0.8972269867714229,7,PV1SCIE,0.027660405
PHL,BULLY_THREAT,0.8972269867714229,8,REPEAT,0.025005525
PHL,BULLY_THREAT,0.8972269867714229,9,DISCLIMA,0.021586824
PHL,BULLY_THREAT,0.8972269867714229,10,ST207Q03HA,0.021467272
PHL,BULLY_PHYSICAL,0.894456477652034,1,PV1READ,0.075410716
PHL,BULLY_PHYSICAL,0.894456477652034,2,EMOSUPS,0.059640367
PHL,BULLY_PHYSICAL,0.894456477652034,3,PERCOMP,0.049739435
PHL,BULLY_PHYSICAL,0.894456477652034,4,PERCOOP,0.042381186
PHL,BULLY_PHYSICAL,0.894456477652034,5,PV1MATH,0.03038641
PHL,BULLY_PHYSICAL,0.894456477652034,6,DISCLIMA,0.028254496
PHL,BULLY_PHYSICAL,0.894456477652034,7,ST207Q02HA,0.025873268
PHL,BULLY_PHYSICAL,0.894456477652034,8,ST207Q05HA,0.02536923
PHL,BULLY_PHYSICAL,0.894456477652034,9,SCREADDIFF,0.025034042
PHL,BULLY_PHYSICAL,0.894456477652034,10,ST004D01T,0.024330536
PHL,BULLY_RELATIONAL,0.8979651180933934,1,EMOSUPS,0.064487755
PHL,BULLY_RELATIONAL,0.8979651180933934,2,PV1READ,0.05841399
PHL,BULLY_RELATIONAL,0.8979651180933934,3,PERCOMP,0.048430614
PHL,BULLY_RELATIONAL,0.8979651180933934,4,PV1MATH,0.03820377
PHL,BULLY_RELATIONAL,0.8979651180933934,5,PERCOOP,0.03767946
PHL,BULLY_RELATIONAL,0.8979651180933934,6,ST004D01T,0.029430142
PHL,BULLY_RELATIONAL,0.8979651180933934,7,ST207Q05HA,0.0269397
PHL,BULLY_RELATIONAL,0.8979651180933934,8,REPEAT,0.024677627
PHL,BULLY_RELATIONAL,0.8979651180933934,9,GFOFAIL,0.022810357
PHL,BULLY_RELATIONAL,0.8979651180933934,10,BELONG,0.022450412
POL,BULLY_VERBAL,0.9619224360161225,1,BELONG,0.054885373
POL,BULLY_VERBAL,0.9619224360161225,2,ST004D01T,0.0402176
POL,BULLY_VERBAL,0.9619224360161225,3,DISCLIMA,0.037281696
POL,BULLY_VERBAL,0.9619224360161225,4,SWBP,0.034005515
POL,BULLY_VERBAL,0.9619224360161225,5,ST207Q01HA,0.030478299
POL,BULLY_VERBAL,0.9619224360161225,6,ST207Q03HA,0.029963465
POL,BULLY_VERBAL,0.9619224360161225,7,PERCOMP,0.027644873
POL,BULLY_VERBAL,0.9619224360161225,8,EMOSUPS,0.02747662
POL,BULLY_VERBAL,0.9619224360161225,9,PV1READ,0.025047729
POL,BULLY_VERBAL,0.9619224360161225,10,DURECEC,0.024485424
POL,BULLY_THREAT,0.9822078286559831,1,ST206Q01HA,0.06396146
POL,BULLY_THREAT,0.9822078286559831,2,PV1READ,0.04419741
POL,BULLY_THREAT,0.9822078286559831,3,ST004D01T,0.044165123
POL,BULLY_THREAT,0.9822078286559831,4,ST207Q04HA,0.036444873
POL,BULLY_THREAT,0.9822078286559831,5,EMOSUPS,0.036205698
POL,BULLY_THREAT,0.9822078286559831,6,BELONG,0.034607574
POL,BULLY_THREAT,0.9822078286559831,7,ST185Q01HA,0.0314902
POL,BULLY_THREAT,0.9822078286559831,8,ST207Q02HA,0.030905018
POL,BULLY_THREAT,0.9822078286559831,9,ST207Q05HA,0.029254302
POL,BULLY_THREAT,0.9822078286559831,10,METASUM,0.028514639
POL,BULLY_PHYSICAL,0.9672056384742952,1,ST207Q02HA,0.08511468
POL,BULLY_PHYSICAL,0.9672056384742952,2,ST207Q05HA,0.053624377
POL,BULLY_PHYSICAL,0.9672056384742952,3,EMOSUPS,0.045381635
POL,BULLY_PHYSICAL,0.9672056384742952,4,ST206Q01HA,0.045254733
POL,BULLY_PHYSICAL,0.9672056384742952,5,PV1READ,0.04276146
POL,BULLY_PHYSICAL,0.9672056384742952,6,ST004D01T,0.03630363
POL,BULLY_PHYSICAL,0.9672056384742952,7,ST207Q04HA,0.032908123
POL,BULLY_PHYSICAL,0.9672056384742952,8,PERCOOP,0.029489163
POL,BULLY_PHYSICAL,0.9672056384742952,9,ST207Q01HA,0.025863895
POL,BULLY_PHYSICAL,0.9672056384742952,10,BELONG,0.025323486
POL,BULLY_RELATIONAL,0.9562114278078886,1,ST206Q01HA,0.053252626
POL,BULLY_RELATIONAL,0.9562114278078886,2,BELONG,0.04801817
POL,BULLY_RELATIONAL,0.9562114278078886,3,ST207Q02HA,0.040342916
POL,BULLY_RELATIONAL,0.9562114278078886,4,EMOSUPS,0.038371924
POL,BULLY_RELATIONAL,0.9562114278078886,5,PERCOOP,0.037668847
POL,BULLY_RELATIONAL,0.9562114278078886,6,ST207Q05HA,0.033573378
POL,BULLY_RELATIONAL,0.9562114278078886,7,ST207Q01HA,0.03014735
POL,BULLY_RELATIONAL,0.9562114278078886,8,PERCOMP,0.02919338
POL,BULLY_RELATIONAL,0.9562114278078886,9,ST207Q04HA,0.029091999
POL,BULLY_RELATIONAL,0.9562114278078886,10,DISCLIMA,0.027343363
PRT,BULLY_VERBAL,0.9741031200931434,1,BELONG,0.08161193
PRT,BULLY_VERBAL,0.9741031200931434,2,REPEAT,0.039541595
PRT,BULLY_VERBAL,0.9741031200931434,3,PERCOMP,0.029740823
PRT,BULLY_VERBAL,0.9741031200931434,4,EMOSUPS,0.028307624
PRT,BULLY_VERBAL,0.9741031200931434,5,ST206Q01HA,0.026540782
PRT,BULLY_VERBAL,0.9741031200931434,6,ST207Q02HA,0.026471317
PRT,BULLY_VERBAL,0.9741031200931434,7,METASUM,0.025283558
PRT,BULLY_VERBAL,0.9741031200931434,8,GFOFAIL,0.024945984
PRT,BULLY_VERBAL,0.9741031200931434,9,PERCOOP,0.0244103
PRT,BULLY_VERBAL,0.9741031200931434,10,SWBP,0.0241519
PRT,BULLY_THREAT,0.9931601030089144,1,REPEAT,0.14544219
PRT,BULLY_THREAT,0.9931601030089144,2,PV1READ,0.04972063
PRT,BULLY_THREAT,0.9931601030089144,3,BELONG,0.037150986
PRT,BULLY_THREAT,0.9931601030089144,4,ST206Q01HA,0.034190726
PRT,BULLY_THREAT,0.9931601030089144,5,PV1SCIE,0.033960134
PRT,BULLY_THREAT,0.9931601030089144,6,EMOSUPS,0.02625933
PRT,BULLY_THREAT,0.9931601030089144,7,PERCOMP,0.02476292
PRT,BULLY_THREAT,0.9931601030089144,8,ST184Q01HA,0.024517618
PRT,BULLY_THREAT,0.9931601030089144,9,EUDMO,0.02386693
PRT,BULLY_THREAT,0.9931601030089144,10,ST207Q04HA,0.023340464
PRT,BULLY_PHYSICAL,0.9871792834529208,1,REPEAT,0.15086769
PRT,BULLY_PHYSICAL,0.9871792834529208,2,PV1READ,0.049587805
PRT,BULLY_PHYSICAL,0.9871792834529208,3,BELONG,0.03956564
PRT,BULLY_PHYSICAL,0.9871792834529208,4,EMOSUPS,0.03850089
PRT,BULLY_PHYSICAL,0.9871792834529208,5,ST206Q01HA,0.03812286
PRT,BULLY_PHYSICAL,0.9871792834529208,6,PV1SCIE,0.032228425
PRT,BULLY_PHYSICAL,0.9871792834529208,7,ST004D01T,0.031167828
PRT,BULLY_PHYSICAL,0.9871792834529208,8,ST207Q02HA,0.025146713
PRT,BULLY_PHYSICAL,0.9871792834529208,9,PERCOMP,0.024297569
PRT,BULLY_PHYSICAL,0.9871792834529208,10,METASPAM,0.02159097
PRT,BULLY_RELATIONAL,0.9774172617800202,1,BELONG,0.075365126
PRT,BULLY_RELATIONAL,0.9774172617800202,2,REPEAT,0.05804851
PRT,BULLY_RELATIONAL,0.9774172617800202,3,EMOSUPS,0.038588546
PRT,BULLY_RELATIONAL,0.9774172617800202,4,PV1READ,0.036593497
PRT,BULLY_RELATIONAL,0.9774172617800202,5,PV1SCIE,0.030272294
PRT,BULLY_RELATIONAL,0.9774172617800202,6,ST206Q01HA,0.029950732
PRT,BULLY_RELATIONAL,0.9774172617800202,7,GFOFAIL,0.027836755
PRT,BULLY_RELATIONAL,0.9774172617800202,8,PERCOMP,0.027624043
PRT,BULLY_RELATIONAL,0.9774172617800202,9,ST207Q02HA,0.027088527
PRT,BULLY_RELATIONAL,0.9774172617800202,10,ST207Q01HA,0.02646052
QAT,BULLY_VERBAL,0.8893793617684237,1,BELONG,0.07549788
QAT,BULLY_VERBAL,0.8893793617684237,2,ST004D01T,0.0668226
QAT,BULLY_VERBAL,0.8893793617684237,3,ST207Q01HA,0.058837857
QAT,BULLY_VERBAL,0.8893793617684237,4,GFOFAIL,0.045062307
QAT,BULLY_VERBAL,0.8893793617684237,5,PERCOMP,0.031415254
QAT,BULLY_VERBAL,0.8893793617684237,6,ST207Q02HA,0.027662558
QAT,BULLY_VERBAL,0.8893793617684237,7,ST207Q05HA,0.02729505
QAT,BULLY_VERBAL,0.8893793617684237,8,ST207Q04HA,0.0243849
QAT,BULLY_VERBAL,0.8893793617684237,9,RATCMP2,0.023626132
QAT,BULLY_VERBAL,0.8893793617684237,10,SWBP,0.023260897
QAT,BULLY_THREAT,0.9308546951616993,1,ST004D01T,0.078687936
QAT,BULLY_THREAT,0.9308546951616993,2,BELONG,0.070354596
QAT,BULLY_THREAT,0.9308546951616993,3,PV1READ,0.03900616
QAT,BULLY_THREAT,0.9308546951616993,4,ST207Q05HA,0.034919854
QAT,BULLY_THREAT,0.9308546951616993,5,ST184Q01HA,0.034411386
QAT,BULLY_THREAT,0.9308546951616993,6,ST206Q01HA,0.034169715
QAT,BULLY_THREAT,0.9308546951616993,7,ST207Q03HA,0.03279152
QAT,BULLY_THREAT,0.9308546951616993,8,EMOSUPS,0.031115718
QAT,BULLY_THREAT,0.9308546951616993,9,SCREADDIFF,0.029996054
QAT,BULLY_THREAT,0.9308546951616993,10,ST207Q02HA,0.02670579
QAT,BULLY_PHYSICAL,0.9157274693768951,1,BELONG,0.08448103
QAT,BULLY_PHYSICAL,0.9157274693768951,2,ST004D01T,0.06574567
QAT,BULLY_PHYSICAL,0.9157274693768951,3,EMOSUPS,0.04285866
QAT,BULLY_PHYSICAL,0.9157274693768951,4,PV1READ,0.038867645
QAT,BULLY_PHYSICAL,0.9157274693768951,5,ST207Q03HA,0.03617459
QAT,BULLY_PHYSICAL,0.9157274693768951,6,ST207Q05HA,0.03504337
QAT,BULLY_PHYSICAL,0.9157274693768951,7,ATTLNACT,0.034628455
QAT,BULLY_PHYSICAL,0.9157274693768951,8,ST184Q01HA,0.032637876
QAT,BULLY_PHYSICAL,0.9157274693768951,9,ST206Q01HA,0.032523744
QAT,BULLY_PHYSICAL,0.9157274693768951,10,ST207Q02HA,0.031898595
QAT,BULLY_RELATIONAL,0.9005807030513717,1,BELONG,0.084386505
QAT,BULLY_RELATIONAL,0.9005807030513717,2,ST004D01T,0.043374415
QAT,BULLY_RELATIONAL,0.9005807030513717,3,EMOSUPS,0.040271472
QAT,BULLY_RELATIONAL,0.9005807030513717,4,ST184Q01HA,0.036986403
QAT,BULLY_RELATIONAL,0.9005807030513717,5,ST207Q04HA,0.033362433
QAT,BULLY_RELATIONAL,0.9005807030513717,6,ST207Q05HA,0.030137287
QAT,BULLY_RELATIONAL,0.9005807030513717,7,SCREADDIFF,0.030043723
QAT,BULLY_RELATIONAL,0.9005807030513717,8,ST206Q01HA,0.02939728
QAT,BULLY_RELATIONAL,0.9005807030513717,9,PV1READ,0.027661698
QAT,BULLY_RELATIONAL,0.9005807030513717,10,ST207Q01HA,0.026750656
QAZ,BULLY_VERBAL,0.9569677494819128,1,PERCOMP,0.061064284
QAZ,BULLY_VERBAL,0.9569677494819128,2,BELONG,0.05496024
QAZ,BULLY_VERBAL,0.9569677494819128,3,EMOSUPS,0.04802234
QAZ,BULLY_VERBAL,0.9569677494819128,4,PERCOOP,0.046019156
QAZ,BULLY_VERBAL,0.9569677494819128,5,ST004D01T,0.041740533
QAZ,BULLY_VERBAL,0.9569677494819128,6,ST207Q01HA,0.033181895
QAZ,BULLY_VERBAL,0.9569677494819128,7,ST207Q02HA,0.028872795
QAZ,BULLY_VERBAL,0.9569677494819128,8,GFOFAIL,0.027838007
QAZ,BULLY_VERBAL,0.9569677494819128,9,SCREADDIFF,0.027179992
QAZ,BULLY_VERBAL,0.9569677494819128,10,ST207Q03HA,0.025998656
QAZ,BULLY_THREAT,0.9586672519218271,1,BELONG,0.05983414
QAZ,BULLY_THREAT,0.9586672519218271,2,PERCOMP,0.04539227
QAZ,BULLY_THREAT,0.9586672519218271,3,ST207Q02HA,0.044180147
QAZ,BULLY_THREAT,0.9586672519218271,4,ST004D01T,0.04148194
QAZ,BULLY_THREAT,0.9586672519218271,5,EMOSUPS,0.038391232
QAZ,BULLY_THREAT,0.9586672519218271,6,PERCOOP,0.036903385
QAZ,BULLY_THREAT,0.9586672519218271,7,ST207Q05HA,0.026851544
QAZ,BULLY_THREAT,0.9586672519218271,8,ST207Q03HA,0.026529573
QAZ,BULLY_THREAT,0.9586672519218271,9,ST206Q01HA,0.02623321
QAZ,BULLY_THREAT,0.9586672519218271,10,PV1READ,0.026029939
QAZ,BULLY_PHYSICAL,0.9451938591947127,1,EMOSUPS,0.085498475
QAZ,BULLY_PHYSICAL,0.9451938591947127,2,BELONG,0.05828573
QAZ,BULLY_PHYSICAL,0.9451938591947127,3,PERCOMP,0.052396942
QAZ,BULLY_PHYSICAL,0.9451938591947127,4,PERCOOP,0.05143787
QAZ,BULLY_PHYSICAL,0.9451938591947127,5,ST207Q02HA,0.042778358
QAZ,BULLY_PHYSICAL,0.9451938591947127,6,ST004D01T,0.03929379
QAZ,BULLY_PHYSICAL,0.9451938591947127,7,ST184Q01HA,0.033221938
QAZ,BULLY_PHYSICAL,0.9451938591947127,8,ST207Q05HA,0.031390347
QAZ,BULLY_PHYSICAL,0.9451938591947127,9,ST207Q03HA,0.03028189
QAZ,BULLY_PHYSICAL,0.9451938591947127,10,ST207Q04HA,0.028973699
QAZ,BULLY_RELATIONAL,0.9507818906080938,1,EMOSUPS,0.06371286
QAZ,BULLY_RELATIONAL,0.9507818906080938,2,BELONG,0.062513515
QAZ,BULLY_RELATIONAL,0.9507818906080938,3,PERCOMP,0.05428977
QAZ,BULLY_RELATIONAL,0.9507818906080938,4,ST004D01T,0.043639082
QAZ,BULLY_RELATIONAL,0.9507818906080938,5,PERCOOP,0.038836557
QAZ,BULLY_RELATIONAL,0.9507818906080938,6,ST207Q02HA,0.036012724
QAZ,BULLY_RELATIONAL,0.9507818906080938,7,ST184Q01HA,0.03380439
QAZ,BULLY_RELATIONAL,0.9507818906080938,8,ST207Q03HA,0.030475244
QAZ,BULLY_RELATIONAL,0.9507818906080938,9,ST207Q05HA,0.028059594
QAZ,BULLY_RELATIONAL,0.9507818906080938,10,ST206Q01HA,0.024872478
QCI,BULLY_VERBAL,0.9289463967761225,1,BELONG,0.11531999
QCI,BULLY_VERBAL,0.9289463967761225,2,ST004D01T,0.08260324
QCI,BULLY_VERBAL,0.9289463967761225,3,DISCLIMA,0.03557794
QCI,BULLY_VERBAL,0.9289463967761225,4,PERCOOP,0.029278807
QCI,BULLY_VERBAL,0.9289463967761225,5,ST207Q02HA,0.026307786
QCI,BULLY_VERBAL,0.9289463967761225,6,PERCOMP,0.02603986
QCI,BULLY_VERBAL,0.9289463967761225,7,ST207Q01HA,0.024529537
QCI,BULLY_VERBAL,0.9289463967761225,8,ST207Q05HA,0.024182977
QCI,BULLY_VERBAL,0.9289463967761225,9,ST206Q01HA,0.024090547
QCI,BULLY_VERBAL,0.9289463967761225,10,SWBP,0.021101413
QCI,BULLY_THREAT,0.971053569372367,1,BELONG,0.06936749
QCI,BULLY_THREAT,0.971053569372367,2,DISCLIMA,0.037035417
QCI,BULLY_THREAT,0.971053569372367,3,ST004D01T,0.035386086
QCI,BULLY_THREAT,0.971053569372367,4,METASPAM,0.034523115
QCI,BULLY_THREAT,0.971053569372367,5,ST207Q02HA,0.028084299
QCI,BULLY_THREAT,0.971053569372367,6,SWBP,0.026566265
QCI,BULLY_THREAT,0.971053569372367,7,EMOSUPS,0.02615748
QCI,BULLY_THREAT,0.971053569372367,8,PV1MATH,0.025130339
QCI,BULLY_THREAT,0.971053569372367,9,STIMREAD,0.02380792
QCI,BULLY_THREAT,0.971053569372367,10,PERCOMP,0.023154313
QCI,BULLY_PHYSICAL,0.9140501385746408,1,BELONG,0.08453127
QCI,BULLY_PHYSICAL,0.9140501385746408,2,DISCLIMA,0.058427423
QCI,BULLY_PHYSICAL,0.9140501385746408,3,ST004D01T,0.058198955
QCI,BULLY_PHYSICAL,0.9140501385746408,4,GFOFAIL,0.026143158
QCI,BULLY_PHYSICAL,0.9140501385746408,5,ST207Q01HA,0.024488457
QCI,BULLY_PHYSICAL,0.9140501385746408,6,ST206Q01HA,0.02429827
QCI,BULLY_PHYSICAL,0.9140501385746408,7,PERCOMP,0.02399894
QCI,BULLY_PHYSICAL,0.9140501385746408,8,ST207Q02HA,0.023745378
QCI,BULLY_PHYSICAL,0.9140501385746408,9,TEACHINT,0.022758033
QCI,BULLY_PHYSICAL,0.9140501385746408,10,PV1MATH,0.02126141
QCI,BULLY_RELATIONAL,0.9647924790376431,1,BELONG,0.09950401
QCI,BULLY_RELATIONAL,0.9647924790376431,2,DISCLIMA,0.052710414
QCI,BULLY_RELATIONAL,0.9647924790376431,3,ST004D01T,0.039201483
QCI,BULLY_RELATIONAL,0.9647924790376431,4,ST206Q01HA,0.03273059
QCI,BULLY_RELATIONAL,0.9647924790376431,5,ST207Q02HA,0.027871473
QCI,BULLY_RELATIONAL,0.9647924790376431,6,PERCOMP,0.02679693
QCI,BULLY_RELATIONAL,0.9647924790376431,7,ST207Q01HA,0.02542057
QCI,BULLY_RELATIONAL,0.9647924790376431,8,PERCOOP,0.022999316
QCI,BULLY_RELATIONAL,0.9647924790376431,9,SWBP,0.022853727
QCI,BULLY_RELATIONAL,0.9647924790376431,10,ST207Q04HA,0.02283137
QMR,BULLY_VERBAL,0.9883788676609783,1,BELONG,0.043935698
QMR,BULLY_VERBAL,0.9883788676609783,2,ST207Q01HA,0.0350443
QMR,BULLY_VERBAL,0.9883788676609783,3,ST207Q02HA,0.03147489
QMR,BULLY_VERBAL,0.9883788676609783,4,GFOFAIL,0.028569452
QMR,BULLY_VERBAL,0.9883788676609783,5,UNDREM,0.028384654
QMR,BULLY_VERBAL,0.9883788676609783,6,DISCLIMA,0.028157875
QMR,BULLY_VERBAL,0.9883788676609783,7,PERCOMP,0.02761826
QMR,BULLY_VERBAL,0.9883788676609783,8,BSMJ,0.027049743
QMR,BULLY_VERBAL,0.9883788676609783,9,ST207Q04HA,0.02684993
QMR,BULLY_VERBAL,0.9883788676609783,10,EMOSUPS,0.025997309
QMR,BULLY_THREAT,0.9928429260495462,1,ST004D01T,0.05738881
QMR,BULLY_THREAT,0.9928429260495462,2,EMOSUPS,0.049342882
QMR,BULLY_THREAT,0.9928429260495462,3,UNDREM,0.036395226
QMR,BULLY_THREAT,0.9928429260495462,4,PV1READ,0.03374372
QMR,BULLY_THREAT,0.9928429260495462,5,PERCOMP,0.031113785
QMR,BULLY_THREAT,0.9928429260495462,6,BELONG,0.03031534
QMR,BULLY_THREAT,0.9928429260495462,7,ATTLNACT,0.029129835
QMR,BULLY_THREAT,0.9928429260495462,8,PERCOOP,0.027018711
QMR,BULLY_THREAT,0.9928429260495462,9,ST207Q02HA,0.026009912
QMR,BULLY_THREAT,0.9928429260495462,10,ST207Q04HA,0.02572029
QMR,BULLY_PHYSICAL,0.9906524654394767,1,EMOSUPS,0.06195506
QMR,BULLY_PHYSICAL,0.9906524654394767,2,PV1READ,0.04121528
QMR,BULLY_PHYSICAL,0.9906524654394767,3,PERCOMP,0.039839283
QMR,BULLY_PHYSICAL,0.9906524654394767,4,PERCOOP,0.03015871
QMR,BULLY_PHYSICAL,0.9906524654394767,5,BELONG,0.028718587
QMR,BULLY_PHYSICAL,0.9906524654394767,6,ST004D01T,0.028375113
QMR,BULLY_PHYSICAL,0.9906524654394767,7,ST207Q02HA,0.027968263
QMR,BULLY_PHYSICAL,0.9906524654394767,8,ST207Q03HA,0.02780796
QMR,BULLY_PHYSICAL,0.9906524654394767,9,UNDREM,0.027135279
QMR,BULLY_PHYSICAL,0.9906524654394767,10,ST207Q05HA,0.026160225
QMR,BULLY_RELATIONAL,0.9923199417091215,1,EMOSUPS,0.045099378
QMR,BULLY_RELATIONAL,0.9923199417091215,2,ST207Q05HA,0.037933547
QMR,BULLY_RELATIONAL,0.9923199417091215,3,BELONG,0.035073668
QMR,BULLY_RELATIONAL,0.9923199417091215,4,ATTLNACT,0.03165349
QMR,BULLY_RELATIONAL,0.9923199417091215,5,PV1READ,0.0308833
QMR,BULLY_RELATIONAL,0.9923199417091215,6,PERCOMP,0.028235283
QMR,BULLY_RELATIONAL,0.9923199417091215,7,DISCLIMA,0.027790604
QMR,BULLY_RELATIONAL,0.9923199417091215,8,SCREADDIFF,0.024820806
QMR,BULLY_RELATIONAL,0.9923199417091215,9,ST207Q01HA,0.024701083
QMR,BULLY_RELATIONAL,0.9923199417091215,10,UNDREM,0.024612583
QRT,BULLY_VERBAL,0.9391802689277542,1,BELONG,0.057366777
QRT,BULLY_VERBAL,0.9391802689277542,2,ST207Q03HA,0.035539486
QRT,BULLY_VERBAL,0.9391802689277542,3,GFOFAIL,0.034748916
QRT,BULLY_VERBAL,0.9391802689277542,4,PERCOMP,0.033342656
QRT,BULLY_VERBAL,0.9391802689277542,5,EMOSUPS,0.03191512
QRT,BULLY_VERBAL,0.9391802689277542,6,ST207Q01HA,0.027240261
QRT,BULLY_VERBAL,0.9391802689277542,7,ST207Q02HA,0.026143592
QRT,BULLY_VERBAL,0.9391802689277542,8,ST004D01T,0.025442226
QRT,BULLY_VERBAL,0.9391802689277542,9,JOYREAD,0.025371607
QRT,BULLY_VERBAL,0.9391802689277542,10,ST207Q05HA,0.02462535
QRT,BULLY_THREAT,0.9669549296245455,1,BELONG,0.046738688
QRT,BULLY_THREAT,0.9669549296245455,2,PERCOMP,0.045396693
QRT,BULLY_THREAT,0.9669549296245455,3,PV1READ,0.04039496
QRT,BULLY_THREAT,0.9669549296245455,4,ST004D01T,0.03919961
QRT,BULLY_THREAT,0.9669549296245455,5,ST207Q02HA,0.031315368
QRT,BULLY_THREAT,0.9669549296245455,6,ST207Q05HA,0.029776022
QRT,BULLY_THREAT,0.9669549296245455,7,PERCOOP,0.028933315
QRT,BULLY_THREAT,0.9669549296245455,8,ST207Q03HA,0.028611131
QRT,BULLY_THREAT,0.9669549296245455,9,DISCLIMA,0.028467286
QRT,BULLY_THREAT,0.9669549296245455,10,EMOSUPS,0.028351342
QRT,BULLY_PHYSICAL,0.9528907874514059,1,BELONG,0.060789615
QRT,BULLY_PHYSICAL,0.9528907874514059,2,ST207Q02HA,0.053851496
QRT,BULLY_PHYSICAL,0.9528907874514059,3,EMOSUPS,0.046361364
QRT,BULLY_PHYSICAL,0.9528907874514059,4,ST207Q05HA,0.04235158
QRT,BULLY_PHYSICAL,0.9528907874514059,5,PERCOMP,0.04199063
QRT,BULLY_PHYSICAL,0.9528907874514059,6,ST207Q03HA,0.03630395
QRT,BULLY_PHYSICAL,0.9528907874514059,7,ST004D01T,0.033426296
QRT,BULLY_PHYSICAL,0.9528907874514059,8,ST207Q04HA,0.031882122
QRT,BULLY_PHYSICAL,0.9528907874514059,9,PV1READ,0.031042658
QRT,BULLY_PHYSICAL,0.9528907874514059,10,PERCOOP,0.028669234
QRT,BULLY_RELATIONAL,0.9463533996720721,1,BELONG,0.050910678
QRT,BULLY_RELATIONAL,0.9463533996720721,2,PERCOMP,0.04107764
QRT,BULLY_RELATIONAL,0.9463533996720721,3,EMOSUPS,0.038114216
QRT,BULLY_RELATIONAL,0.9463533996720721,4,ST207Q02HA,0.036283847
QRT,BULLY_RELATIONAL,0.9463533996720721,5,ST207Q04HA,0.034129344
QRT,BULLY_RELATIONAL,0.9463533996720721,6,ST207Q03HA,0.031184256
QRT,BULLY_RELATIONAL,0.9463533996720721,7,PV1READ,0.030055583
QRT,BULLY_RELATIONAL,0.9463533996720721,8,ST184Q01HA,0.028914059
QRT,BULLY_RELATIONAL,0.9463533996720721,9,PERCOOP,0.028011682
QRT,BULLY_RELATIONAL,0.9463533996720721,10,UNDREM,0.026482332
ROU,BULLY_VERBAL,0.9552526662987995,1,BELONG,0.0629909
ROU,BULLY_VERBAL,0.9552526662987995,2,DISCLIMA,0.037319325
ROU,BULLY_VERBAL,0.9552526662987995,3,ST004D01T,0.036880072
ROU,BULLY_VERBAL,0.9552526662987995,4,ST207Q05HA,0.03342049
ROU,BULLY_VERBAL,0.9552526662987995,5,ST207Q01HA,0.031870056
ROU,BULLY_VERBAL,0.9552526662987995,6,PERCOOP,0.031397745
ROU,BULLY_VERBAL,0.9552526662987995,7,EMOSUPS,0.02786083
ROU,BULLY_VERBAL,0.9552526662987995,8,GFOFAIL,0.027189085
ROU,BULLY_VERBAL,0.9552526662987995,9,PERCOMP,0.026467467
ROU,BULLY_VERBAL,0.9552526662987995,10,PV1READ,0.025824491
ROU,BULLY_THREAT,0.969204145494605,1,BELONG,0.056892894
ROU,BULLY_THREAT,0.969204145494605,2,ST004D01T,0.046066165
ROU,BULLY_THREAT,0.969204145494605,3,EMOSUPS,0.043099444
ROU,BULLY_THREAT,0.969204145494605,4,PV1READ,0.038931604
ROU,BULLY_THREAT,0.969204145494605,5,ST206Q01HA,0.03557594
ROU,BULLY_THREAT,0.969204145494605,6,ST207Q04HA,0.031146988
ROU,BULLY_THREAT,0.969204145494605,7,DISCLIMA,0.029915523
ROU,BULLY_THREAT,0.969204145494605,8,ST207Q01HA,0.02588248
ROU,BULLY_THREAT,0.969204145494605,9,SCREADDIFF,0.024149494
ROU,BULLY_THREAT,0.969204145494605,10,PV1SCIE,0.024123237
ROU,BULLY_PHYSICAL,0.9529358944434528,1,EMOSUPS,0.08166647
ROU,BULLY_PHYSICAL,0.9529358944434528,2,BELONG,0.0512878
ROU,BULLY_PHYSICAL,0.9529358944434528,3,ST004D01T,0.04372731
ROU,BULLY_PHYSICAL,0.9529358944434528,4,PV1READ,0.037953455
ROU,BULLY_PHYSICAL,0.9529358944434528,5,PERCOOP,0.03513934
ROU,BULLY_PHYSICAL,0.9529358944434528,6,DISCLIMA,0.032002795
ROU,BULLY_PHYSICAL,0.9529358944434528,7,ST207Q02HA,0.029504057
ROU,BULLY_PHYSICAL,0.9529358944434528,8,ST207Q04HA,0.029014625
ROU,BULLY_PHYSICAL,0.9529358944434528,9,ST207Q01HA,0.02541839
ROU,BULLY_PHYSICAL,0.9529358944434528,10,PERCOMP,0.02487086
ROU,BULLY_RELATIONAL,0.9586029546523535,1,BELONG,0.062089093
ROU,BULLY_RELATIONAL,0.9586029546523535,2,EMOSUPS,0.041426342
ROU,BULLY_RELATIONAL,0.9586029546523535,3,DISCLIMA,0.036487963
ROU,BULLY_RELATIONAL,0.9586029546523535,4,PERCOOP,0.03551031
ROU,BULLY_RELATIONAL,0.9586029546523535,5,ST207Q05HA,0.035472885
ROU,BULLY_RELATIONAL,0.9586029546523535,6,ST207Q04HA,0.031249637
ROU,BULLY_RELATIONAL,0.9586029546523535,7,PV1READ,0.030792477
ROU,BULLY_RELATIONAL,0.9586029546523535,8,SWBP,0.030558443
ROU,BULLY_RELATIONAL,0.9586029546523535,9,ST207Q01HA,0.025052156
ROU,BULLY_RELATIONAL,0.9586029546523535,10,PERCOMP,0.024284035
RUS,BULLY_VERBAL,0.9271765367831496,1,BELONG,0.060244016
RUS,BULLY_VERBAL,0.9271765367831496,2,ST207Q01HA,0.042559873
RUS,BULLY_VERBAL,0.9271765367831496,3,GFOFAIL,0.03759411
RUS,BULLY_VERBAL,0.9271765367831496,4,PERCOMP,0.037217494
RUS,BULLY_VERBAL,0.9271765367831496,5,ST207Q02HA,0.03159662
RUS,BULLY_VERBAL,0.9271765367831496,6,EMOSUPS,0.030357404
RUS,BULLY_VERBAL,0.9271765367831496,7,DISCLIMA,0.029156704
RUS,BULLY_VERBAL,0.9271765367831496,8,ST004D01T,0.027722504
RUS,BULLY_VERBAL,0.9271765367831496,9,RESILIENCE,0.025212113
RUS,BULLY_VERBAL,0.9271765367831496,10,PERCOOP,0.02325084
RUS,BULLY_THREAT,0.9539238592835889,1,BELONG,0.053895
RUS,BULLY_THREAT,0.9539238592835889,2,ST207Q02HA,0.04742525
RUS,BULLY_THREAT,0.9539238592835889,3,EMOSUPS,0.04419351
RUS,BULLY_THREAT,0.9539238592835889,4,PERCOMP,0.04359176
RUS,BULLY_THREAT,0.9539238592835889,5,ST207Q04HA,0.04047783
RUS,BULLY_THREAT,0.9539238592835889,6,PV1READ,0.039781902
RUS,BULLY_THREAT,0.9539238592835889,7,ST004D01T,0.033960246
RUS,BULLY_THREAT,0.9539238592835889,8,ST206Q01HA,0.032283105
RUS,BULLY_THREAT,0.9539238592835889,9,ST207Q03HA,0.028728528
RUS,BULLY_THREAT,0.9539238592835889,10,ST207Q01HA,0.027449783
RUS,BULLY_PHYSICAL,0.9399475847141758,1,EMOSUPS,0.06166719
RUS,BULLY_PHYSICAL,0.9399475847141758,2,BELONG,0.061223723
RUS,BULLY_PHYSICAL,0.9399475847141758,3,ST207Q02HA,0.05273579
RUS,BULLY_PHYSICAL,0.9399475847141758,4,ST206Q01HA,0.04108218
RUS,BULLY_PHYSICAL,0.9399475847141758,5,ST207Q04HA,0.03938981
RUS,BULLY_PHYSICAL,0.9399475847141758,6,PV1READ,0.03775154
RUS,BULLY_PHYSICAL,0.9399475847141758,7,PERCOMP,0.036256123
RUS,BULLY_PHYSICAL,0.9399475847141758,8,ST207Q03HA,0.032571696
RUS,BULLY_PHYSICAL,0.9399475847141758,9,PERCOOP,0.031095028
RUS,BULLY_PHYSICAL,0.9399475847141758,10,ST004D01T,0.030050341
RUS,BULLY_RELATIONAL,0.9376151572485517,1,BELONG,0.059127394
RUS,BULLY_RELATIONAL,0.9376151572485517,2,PERCOMP,0.04217029
RUS,BULLY_RELATIONAL,0.9376151572485517,3,ST207Q05HA,0.04010795
RUS,BULLY_RELATIONAL,0.9376151572485517,4,PV1READ,0.038616132
RUS,BULLY_RELATIONAL,0.9376151572485517,5,EMOSUPS,0.037325546
RUS,BULLY_RELATIONAL,0.9376151572485517,6,ST207Q01HA,0.033451837
RUS,BULLY_RELATIONAL,0.9376151572485517,7,ST207Q02HA,0.029720845
RUS,BULLY_RELATIONAL,0.9376151572485517,8,ST206Q01HA,0.028515287
RUS,BULLY_RELATIONAL,0.9376151572485517,9,DISCLIMA,0.028298033
RUS,BULLY_RELATIONAL,0.9376151572485517,10,ST207Q03HA,0.026219774
SAU,BULLY_VERBAL,0.9644011440743504,1,ST004D01T,0.06257592
SAU,BULLY_VERBAL,0.9644011440743504,2,ST207Q01HA,0.042756796
SAU,BULLY_VERBAL,0.9644011440743504,3,BELONG,0.04037778
SAU,BULLY_VERBAL,0.9644011440743504,4,ST207Q02HA,0.034166533
SAU,BULLY_VERBAL,0.9644011440743504,5,EMOSUPS,0.032599647
SAU,BULLY_VERBAL,0.9644011440743504,6,ST206Q01HA,0.03025334
SAU,BULLY_VERBAL,0.9644011440743504,7,DISCLIMA,0.028141737
SAU,BULLY_VERBAL,0.9644011440743504,8,GFOFAIL,0.026950976
SAU,BULLY_VERBAL,0.9644011440743504,9,ST207Q04HA,0.024688711
SAU,BULLY_VERBAL,0.9644011440743504,10,PERCOOP,0.02443027
SAU,BULLY_THREAT,0.9677586947797905,1,ST004D01T,0.093225084
SAU,BULLY_THREAT,0.9677586947797905,2,ST206Q01HA,0.07667549
SAU,BULLY_THREAT,0.9677586947797905,3,EMOSUPS,0.040101685
SAU,BULLY_THREAT,0.9677586947797905,4,BELONG,0.03877601
SAU,BULLY_THREAT,0.9677586947797905,5,ATTLNACT,0.03653565
SAU,BULLY_THREAT,0.9677586947797905,6,ST207Q04HA,0.028373504
SAU,BULLY_THREAT,0.9677586947797905,7,PERCOOP,0.028122902
SAU,BULLY_THREAT,0.9677586947797905,8,ST207Q02HA,0.028025715
SAU,BULLY_THREAT,0.9677586947797905,9,ST207Q01HA,0.027257152
SAU,BULLY_THREAT,0.9677586947797905,10,PV1READ,0.025765972
SAU,BULLY_PHYSICAL,0.9559743207633046,1,EMOSUPS,0.08516196
SAU,BULLY_PHYSICAL,0.9559743207633046,2,ST206Q01HA,0.07608382
SAU,BULLY_PHYSICAL,0.9559743207633046,3,ST004D01T,0.07080685
SAU,BULLY_PHYSICAL,0.9559743207633046,4,BELONG,0.0367374
SAU,BULLY_PHYSICAL,0.9559743207633046,5,ST207Q01HA,0.03610637
SAU,BULLY_PHYSICAL,0.9559743207633046,6,PERCOOP,0.03158963
SAU,BULLY_PHYSICAL,0.9559743207633046,7,ST207Q02HA,0.030307716
SAU,BULLY_PHYSICAL,0.9559743207633046,8,ST207Q03HA,0.028014883
SAU,BULLY_PHYSICAL,0.9559743207633046,9,PV1READ,0.027484685
SAU,BULLY_PHYSICAL,0.9559743207633046,10,ST207Q04HA,0.024984756
SAU,BULLY_RELATIONAL,0.9555023670669595,1,ST206Q01HA,0.11688044
SAU,BULLY_RELATIONAL,0.9555023670669595,2,EMOSUPS,0.042480208
SAU,BULLY_RELATIONAL,0.9555023670669595,3,PERCOOP,0.034300834
SAU,BULLY_RELATIONAL,0.9555023670669595,4,BELONG,0.03340266
SAU,BULLY_RELATIONAL,0.9555023670669595,5,ST004D01T,0.033037223
SAU,BULLY_RELATIONAL,0.9555023670669595,6,ST207Q05HA,0.03011145
SAU,BULLY_RELATIONAL,0.9555023670669595,7,ST207Q01HA,0.027333103
SAU,BULLY_RELATIONAL,0.9555023670669595,8,ST207Q04HA,0.027317092
SAU,BULLY_RELATIONAL,0.9555023670669595,9,ST207Q02HA,0.02670745
SAU,BULLY_RELATIONAL,0.9555023670669595,10,DISCLIMA,0.025311539
SGP,BULLY_VERBAL,0.9077026748386201,1,ST004D01T,0.102002256
SGP,BULLY_VERBAL,0.9077026748386201,2,BELONG,0.064425364
SGP,BULLY_VERBAL,0.9077026748386201,3,DISCLIMA,0.04107545
SGP,BULLY_VERBAL,0.9077026748386201,4,ST207Q02HA,0.035415918
SGP,BULLY_VERBAL,0.9077026748386201,5,ST207Q01HA,0.030283483
SGP,BULLY_VERBAL,0.9077026748386201,6,EMOSUPS,0.02891806
SGP,BULLY_VERBAL,0.9077026748386201,7,COMPETE,0.025581071
SGP,BULLY_VERBAL,0.9077026748386201,8,PERCOOP,0.023570096
SGP,BULLY_VERBAL,0.9077026748386201,9,RESILIENCE,0.023045199
SGP,BULLY_VERBAL,0.9077026748386201,10,SCREADDIFF,0.022666981
SGP,BULLY_THREAT,0.975162613346438,1,BELONG,0.08287926
SGP,BULLY_THREAT,0.975162613346438,2,ST004D01T,0.04761509
SGP,BULLY_THREAT,0.975162613346438,3,PV1READ,0.043619875
SGP,BULLY_THREAT,0.975162613346438,4,ST206Q01HA,0.03766805
SGP,BULLY_THREAT,0.975162613346438,5,DISCLIMA,0.03338839
SGP,BULLY_THREAT,0.975162613346438,6,PERCOOP,0.031730946
SGP,BULLY_THREAT,0.975162613346438,7,METASUM,0.029861992
SGP,BULLY_THREAT,0.975162613346438,8,GRADE,0.026496092
SGP,BULLY_THREAT,0.975162613346438,9,PV1MATH,0.026282204
SGP,BULLY_THREAT,0.975162613346438,10,COMPETE,0.025926687
SGP,BULLY_PHYSICAL,0.9601095220277276,1,ST004D01T,0.10655817
SGP,BULLY_PHYSICAL,0.9601095220277276,2,BELONG,0.05727412
SGP,BULLY_PHYSICAL,0.9601095220277276,3,DISCLIMA,0.03657719
SGP,BULLY_PHYSICAL,0.9601095220277276,4,PV1READ,0.034747433
SGP,BULLY_PHYSICAL,0.9601095220277276,5,ST206Q01HA,0.030312186
SGP,BULLY_PHYSICAL,0.9601095220277276,6,PERCOOP,0.027430158
SGP,BULLY_PHYSICAL,0.9601095220277276,7,METASUM,0.02637299
SGP,BULLY_PHYSICAL,0.9601095220277276,8,SCREADDIFF,0.026035562
SGP,BULLY_PHYSICAL,0.9601095220277276,9,PV1MATH,0.025988024
SGP,BULLY_PHYSICAL,0.9601095220277276,10,COMPETE,0.024872566
SGP,BULLY_RELATIONAL,0.9621996520430715,1,BELONG,0.078190774
SGP,BULLY_RELATIONAL,0.9621996520430715,2,PV1READ,0.044493187
SGP,BULLY_RELATIONAL,0.9621996520430715,3,ST207Q01HA,0.03495085
SGP,BULLY_RELATIONAL,0.9621996520430715,4,ST004D01T,0.030588582
SGP,BULLY_RELATIONAL,0.9621996520430715,5,PERCOOP,0.030245062
SGP,BULLY_RELATIONAL,0.9621996520430715,6,DISCLIMA,0.03010091
SGP,BULLY_RELATIONAL,0.9621996520430715,7,PV1MATH,0.029972374
SGP,BULLY_RELATIONAL,0.9621996520430715,8,PERCOMP,0.026425889
SGP,BULLY_RELATIONAL,0.9621996520430715,9,GRADE,0.026317658
SGP,BULLY_RELATIONAL,0.9621996520430715,10,PV1SCIE,0.026257357
SRB,BULLY_VERBAL,0.967256579321321,1,BELONG,0.06807011
SRB,BULLY_VERBAL,0.967256579321321,2,EMOSUPS,0.056749158
SRB,BULLY_VERBAL,0.967256579321321,3,PERCOMP,0.036838725
SRB,BULLY_VERBAL,0.967256579321321,4,ST206Q01HA,0.031205233
SRB,BULLY_VERBAL,0.967256579321321,5,ST207Q03HA,0.029936664
SRB,BULLY_VERBAL,0.967256579321321,6,GFOFAIL,0.026073864
SRB,BULLY_VERBAL,0.967256579321321,7,ST207Q01HA,0.026016118
SRB,BULLY_VERBAL,0.967256579321321,8,PERCOOP,0.025973318
SRB,BULLY_VERBAL,0.967256579321321,9,ST207Q05HA,0.02496002
SRB,BULLY_VERBAL,0.967256579321321,10,ST004D01T,0.023670482
SRB,BULLY_THREAT,0.9756353612350772,1,ST207Q02HA,0.11261437
SRB,BULLY_THREAT,0.9756353612350772,2,EMOSUPS,0.054900635
SRB,BULLY_THREAT,0.9756353612350772,3,BELONG,0.04529184
SRB,BULLY_THREAT,0.9756353612350772,4,PERCOMP,0.03455057
SRB,BULLY_THREAT,0.9756353612350772,5,ST207Q03HA,0.033587664
SRB,BULLY_THREAT,0.9756353612350772,6,SCREADDIFF,0.03270692
SRB,BULLY_THREAT,0.9756353612350772,7,PV1READ,0.029065942
SRB,BULLY_THREAT,0.9756353612350772,8,ST207Q01HA,0.027851565
SRB,BULLY_THREAT,0.9756353612350772,9,ST004D01T,0.02738285
SRB,BULLY_THREAT,0.9756353612350772,10,ST207Q04HA,0.026129201
SRB,BULLY_PHYSICAL,0.9698891747573289,1,EMOSUPS,0.101954944
SRB,BULLY_PHYSICAL,0.9698891747573289,2,ST207Q02HA,0.09301706
SRB,BULLY_PHYSICAL,0.9698891747573289,3,BELONG,0.04063223
SRB,BULLY_PHYSICAL,0.9698891747573289,4,ST207Q01HA,0.03673875
SRB,BULLY_PHYSICAL,0.9698891747573289,5,ST207Q03HA,0.032546375
SRB,BULLY_PHYSICAL,0.9698891747573289,6,ST004D01T,0.03235319
SRB,BULLY_PHYSICAL,0.9698891747573289,7,ST207Q04HA,0.031030245
SRB,BULLY_PHYSICAL,0.9698891747573289,8,PERCOMP,0.030339854
SRB,BULLY_PHYSICAL,0.9698891747573289,9,SCREADDIFF,0.028339133
SRB,BULLY_PHYSICAL,0.9698891747573289,10,PV1READ,0.026982866
SRB,BULLY_RELATIONAL,0.9536413511382997,1,BELONG,0.06330257
SRB,BULLY_RELATIONAL,0.9536413511382997,2,EMOSUPS,0.05618944
SRB,BULLY_RELATIONAL,0.9536413511382997,3,ST206Q01HA,0.04105667
SRB,BULLY_RELATIONAL,0.9536413511382997,4,PERCOMP,0.037754353
SRB,BULLY_RELATIONAL,0.9536413511382997,5,PERCOOP,0.030738551
SRB,BULLY_RELATIONAL,0.9536413511382997,6,GFOFAIL,0.030539328
SRB,BULLY_RELATIONAL,0.9536413511382997,7,ST207Q02HA,0.029857857
SRB,BULLY_RELATIONAL,0.9536413511382997,8,ST207Q01HA,0.027157744
SRB,BULLY_RELATIONAL,0.9536413511382997,9,ST207Q05HA,0.026621373
SRB,BULLY_RELATIONAL,0.9536413511382997,10,ST207Q03HA,0.025344467
SVK,BULLY_VERBAL,0.9676729472958554,1,BELONG,0.06266218
SVK,BULLY_VERBAL,0.9676729472958554,2,GRADE,0.03884238
SVK,BULLY_VERBAL,0.9676729472958554,3,ST207Q02HA,0.036553964
SVK,BULLY_VERBAL,0.9676729472958554,4,ST207Q01HA,0.03611444
SVK,BULLY_VERBAL,0.9676729472958554,5,EMOSUPS,0.035183225
SVK,BULLY_VERBAL,0.9676729472958554,6,PERCOMP,0.032667518
SVK,BULLY_VERBAL,0.9676729472958554,7,DISCLIMA,0.027904917
SVK,BULLY_VERBAL,0.9676729472958554,8,GFOFAIL,0.025682442
SVK,BULLY_VERBAL,0.9676729472958554,9,ST207Q03HA,0.025130313
SVK,BULLY_VERBAL,0.9676729472958554,10,ST184Q01HA,0.024226619
SVK,BULLY_THREAT,0.9766781630994946,1,ST207Q02HA,0.06560362
SVK,BULLY_THREAT,0.9766781630994946,2,EMOSUPS,0.05319996
SVK,BULLY_THREAT,0.9766781630994946,3,ST207Q05HA,0.049284346
SVK,BULLY_THREAT,0.9766781630994946,4,ST206Q01HA,0.036740642
SVK,BULLY_THREAT,0.9766781630994946,5,ST207Q03HA,0.0352968
SVK,BULLY_THREAT,0.9766781630994946,6,ST004D01T,0.03454202
SVK,BULLY_THREAT,0.9766781630994946,7,BELONG,0.034505885
SVK,BULLY_THREAT,0.9766781630994946,8,PV1READ,0.032162033
SVK,BULLY_THREAT,0.9766781630994946,9,PERCOMP,0.029759225
SVK,BULLY_THREAT,0.9766781630994946,10,PERCOOP,0.029325495
SVK,BULLY_PHYSICAL,0.9634687819601387,1,EMOSUPS,0.083524756
SVK,BULLY_PHYSICAL,0.9634687819601387,2,ST207Q02HA,0.07656649
SVK,BULLY_PHYSICAL,0.9634687819601387,3,ST207Q03HA,0.060229164
SVK,BULLY_PHYSICAL,0.9634687819601387,4,ST207Q04HA,0.048719477
SVK,BULLY_PHYSICAL,0.9634687819601387,5,ST207Q05HA,0.033986468
SVK,BULLY_PHYSICAL,0.9634687819601387,6,ST207Q01HA,0.033713207
SVK,BULLY_PHYSICAL,0.9634687819601387,7,PV1READ,0.029720366
SVK,BULLY_PHYSICAL,0.9634687819601387,8,ST206Q01HA,0.027247464
SVK,BULLY_PHYSICAL,0.9634687819601387,9,ST004D01T,0.027165487
SVK,BULLY_PHYSICAL,0.9634687819601387,10,BELONG,0.026736252
SVK,BULLY_RELATIONAL,0.9518376770802441,1,BELONG,0.05425581
SVK,BULLY_RELATIONAL,0.9518376770802441,2,EMOSUPS,0.045543153
SVK,BULLY_RELATIONAL,0.9518376770802441,3,ST207Q02HA,0.04179955
SVK,BULLY_RELATIONAL,0.9518376770802441,4,ST207Q05HA,0.041088838
SVK,BULLY_RELATIONAL,0.9518376770802441,5,ST207Q01HA,0.03502881
SVK,BULLY_RELATIONAL,0.9518376770802441,6,SWBP,0.030312557
SVK,BULLY_RELATIONAL,0.9518376770802441,7,ST207Q03HA,0.029109042
SVK,BULLY_RELATIONAL,0.9518376770802441,8,PERCOOP,0.028159237
SVK,BULLY_RELATIONAL,0.9518376770802441,9,PERCOMP,0.027284844
SVK,BULLY_RELATIONAL,0.9518376770802441,10,ST206Q01HA,0.025460137
SVN,BULLY_VERBAL,0.9665146383761848,1,BELONG,0.07606952
SVN,BULLY_VERBAL,0.9665146383761848,2,PERCOMP,0.040929537
SVN,BULLY_VERBAL,0.9665146383761848,3,ST004D01T,0.037989136
SVN,BULLY_VERBAL,0.9665146383761848,4,ST207Q01HA,0.034820903
SVN,BULLY_VERBAL,0.9665146383761848,5,ST207Q05HA,0.03376834
SVN,BULLY_VERBAL,0.9665146383761848,6,EMOSUPS,0.03243194
SVN,BULLY_VERBAL,0.9665146383761848,7,PERCOOP,0.02998826
SVN,BULLY_VERBAL,0.9665146383761848,8,ST206Q01HA,0.029440776
SVN,BULLY_VERBAL,0.9665146383761848,9,ST207Q04HA,0.028681217
SVN,BULLY_VERBAL,0.9665146383761848,10,ST207Q02HA,0.027909061
SVN,BULLY_THREAT,0.9836037680468163,1,EMOSUPS,0.06015572
SVN,BULLY_THREAT,0.9836037680468163,2,ST004D01T,0.059315197
SVN,BULLY_THREAT,0.9836037680468163,3,PV1READ,0.04803602
SVN,BULLY_THREAT,0.9836037680468163,4,ST207Q01HA,0.039206672
SVN,BULLY_THREAT,0.9836037680468163,5,ST207Q02HA,0.038295556
SVN,BULLY_THREAT,0.9836037680468163,6,PERCOMP,0.037370987
SVN,BULLY_THREAT,0.9836037680468163,7,BELONG,0.033532668
SVN,BULLY_THREAT,0.9836037680468163,8,ST207Q05HA,0.03150577
SVN,BULLY_THREAT,0.9836037680468163,9,WORKMAST,0.03070658
SVN,BULLY_THREAT,0.9836037680468163,10,ST207Q04HA,0.030439015
SVN,BULLY_PHYSICAL,0.9716417648824587,1,EMOSUPS,0.10130656
SVN,BULLY_PHYSICAL,0.9716417648824587,2,ST004D01T,0.081283264
SVN,BULLY_PHYSICAL,0.9716417648824587,3,ST207Q01HA,0.042647466
SVN,BULLY_PHYSICAL,0.9716417648824587,4,ST207Q02HA,0.039902385
SVN,BULLY_PHYSICAL,0.9716417648824587,5,PV1READ,0.03517722
SVN,BULLY_PHYSICAL,0.9716417648824587,6,PERCOMP,0.033114575
SVN,BULLY_PHYSICAL,0.9716417648824587,7,PERCOOP,0.032945473
SVN,BULLY_PHYSICAL,0.9716417648824587,8,ST207Q03HA,0.03154745
SVN,BULLY_PHYSICAL,0.9716417648824587,9,ST207Q04HA,0.0306593
SVN,BULLY_PHYSICAL,0.9716417648824587,10,BELONG,0.030434
SVN,BULLY_RELATIONAL,0.9691188418433353,1,BELONG,0.071987666
SVN,BULLY_RELATIONAL,0.9691188418433353,2,EMOSUPS,0.048584532
SVN,BULLY_RELATIONAL,0.9691188418433353,3,PERCOMP,0.042918798
SVN,BULLY_RELATIONAL,0.9691188418433353,4,ST207Q05HA,0.041578688
SVN,BULLY_RELATIONAL,0.9691188418433353,5,PV1READ,0.036522012
SVN,BULLY_RELATIONAL,0.9691188418433353,6,PERCOOP,0.0339706
SVN,BULLY_RELATIONAL,0.9691188418433353,7,ATTLNACT,0.024624428
SVN,BULLY_RELATIONAL,0.9691188418433353,8,ST207Q02HA,0.024555212
SVN,BULLY_RELATIONAL,0.9691188418433353,9,ST207Q03HA,0.024295444
SVN,BULLY_RELATIONAL,0.9691188418433353,10,METASUM,0.024111439
SWE,BULLY_VERBAL,0.9654968522154843,1,BELONG,0.07112706
SWE,BULLY_VERBAL,0.9654968522154843,2,ST207Q01HA,0.03684785
SWE,BULLY_VERBAL,0.9654968522154843,3,PERCOMP,0.034532465
SWE,BULLY_VERBAL,0.9654968522154843,4,DISCLIMA,0.03268975
SWE,BULLY_VERBAL,0.9654968522154843,5,GFOFAIL,0.032312475
SWE,BULLY_VERBAL,0.9654968522154843,6,ST004D01T,0.032269973
SWE,BULLY_VERBAL,0.9654968522154843,7,SWBP,0.025811614
SWE,BULLY_VERBAL,0.9654968522154843,8,COMPETE,0.025533216
SWE,BULLY_VERBAL,0.9654968522154843,9,PERCOOP,0.024962798
SWE,BULLY_VERBAL,0.9654968522154843,10,ST207Q05HA,0.023889782
SWE,BULLY_THREAT,0.9911665872076034,1,BELONG,0.06977741
SWE,BULLY_THREAT,0.9911665872076034,2,ST207Q05HA,0.038557
SWE,BULLY_THREAT,0.9911665872076034,3,PERCOMP,0.033388928
SWE,BULLY_THREAT,0.9911665872076034,4,PV1READ,0.033364836
SWE,BULLY_THREAT,0.9911665872076034,5,SWBP,0.032169983
SWE,BULLY_THREAT,0.9911665872076034,6,ST185Q01HA,0.031171443
SWE,BULLY_THREAT,0.9911665872076034,7,DISCLIMA,0.030710923
SWE,BULLY_THREAT,0.9911665872076034,8,EMOSUPS,0.030205814
SWE,BULLY_THREAT,0.9911665872076034,9,ST004D01T,0.029773824
SWE,BULLY_THREAT,0.9911665872076034,10,ST207Q02HA,0.028326718
SWE,BULLY_PHYSICAL,0.9734423494467829,1,ST004D01T,0.05397579
SWE,BULLY_PHYSICAL,0.9734423494467829,2,ST207Q01HA,0.04778268
SWE,BULLY_PHYSICAL,0.9734423494467829,3,BELONG,0.04179928
SWE,BULLY_PHYSICAL,0.9734423494467829,4,ST206Q01HA,0.036511447
SWE,BULLY_PHYSICAL,0.9734423494467829,5,DISCLIMA,0.031984337
SWE,BULLY_PHYSICAL,0.9734423494467829,6,PERCOMP,0.028493937
SWE,BULLY_PHYSICAL,0.9734423494467829,7,TEACHSUP,0.02645815
SWE,BULLY_PHYSICAL,0.9734423494467829,8,SWBP,0.026410447
SWE,BULLY_PHYSICAL,0.9734423494467829,9,ST207Q03HA,0.025190528
SWE,BULLY_PHYSICAL,0.9734423494467829,10,ST207Q04HA,0.024515655
SWE,BULLY_RELATIONAL,0.9824477220469552,1,BELONG,0.06890297
SWE,BULLY_RELATIONAL,0.9824477220469552,2,SWBP,0.04287126
SWE,BULLY_RELATIONAL,0.9824477220469552,3,PERCOMP,0.037676577
SWE,BULLY_RELATIONAL,0.9824477220469552,4,ST207Q01HA,0.035670105
SWE,BULLY_RELATIONAL,0.9824477220469552,5,DISCLIMA,0.030592047
SWE,BULLY_RELATIONAL,0.9824477220469552,6,GFOFAIL,0.029807908
SWE,BULLY_RELATIONAL,0.9824477220469552,7,PV1MATH,0.02818226
SWE,BULLY_RELATIONAL,0.9824477220469552,8,PV1READ,0.027526708
SWE,BULLY_RELATIONAL,0.9824477220469552,9,ST207Q05HA,0.026616339
SWE,BULLY_RELATIONAL,0.9824477220469552,10,TEACHSUP,0.026018081
TAP,BULLY_VERBAL,0.944325058328645,1,BELONG,0.07095785
TAP,BULLY_VERBAL,0.944325058328645,2,ST004D01T,0.040206145
TAP,BULLY_VERBAL,0.944325058328645,3,GRADE,0.038436443
TAP,BULLY_VERBAL,0.944325058328645,4,ST207Q05HA,0.03572235
TAP,BULLY_VERBAL,0.944325058328645,5,DISCLIMA,0.032519642
TAP,BULLY_VERBAL,0.944325058328645,6,ST207Q02HA,0.028368076
TAP,BULLY_VERBAL,0.944325058328645,7,EMOSUPS,0.028334755
TAP,BULLY_VERBAL,0.944325058328645,8,ST207Q01HA,0.026614843
TAP,BULLY_VERBAL,0.944325058328645,9,AGE,0.024491781
TAP,BULLY_VERBAL,0.944325058328645,10,ST206Q01HA,0.023583695
TAP,BULLY_THREAT,0.9932734539704849,1,BELONG,0.07651695
TAP,BULLY_THREAT,0.9932734539704849,2,ST004D01T,0.04931346
TAP,BULLY_THREAT,0.9932734539704849,3,PV1READ,0.035907995
TAP,BULLY_THREAT,0.9932734539704849,4,DISCLIMA,0.03430821
TAP,BULLY_THREAT,0.9932734539704849,5,PV1SCIE,0.03317258
TAP,BULLY_THREAT,0.9932734539704849,6,PV1MATH,0.030247126
TAP,BULLY_THREAT,0.9932734539704849,7,ST207Q04HA,0.029236907
TAP,BULLY_THREAT,0.9932734539704849,8,ST207Q05HA,0.02710466
TAP,BULLY_THREAT,0.9932734539704849,9,PERCOMP,0.025471961
TAP,BULLY_THREAT,0.9932734539704849,10,ATTLNACT,0.024681412
TAP,BULLY_PHYSICAL,0.9714506466517976,1,BELONG,0.053382166
TAP,BULLY_PHYSICAL,0.9714506466517976,2,DISCLIMA,0.04687669
TAP,BULLY_PHYSICAL,0.9714506466517976,3,ST004D01T,0.045518734
TAP,BULLY_PHYSICAL,0.9714506466517976,4,GRADE,0.033513725
TAP,BULLY_PHYSICAL,0.9714506466517976,5,EMOSUPS,0.033346195
TAP,BULLY_PHYSICAL,0.9714506466517976,6,AGE,0.028073946
TAP,BULLY_PHYSICAL,0.9714506466517976,7,ST207Q02HA,0.025815217
TAP,BULLY_PHYSICAL,0.9714506466517976,8,ST206Q01HA,0.025681969
TAP,BULLY_PHYSICAL,0.9714506466517976,9,GFOFAIL,0.025504189
TAP,BULLY_PHYSICAL,0.9714506466517976,10,RATCMP2,0.025286268
TAP,BULLY_RELATIONAL,0.9812608052224666,1,BELONG,0.076795384
TAP,BULLY_RELATIONAL,0.9812608052224666,2,ST206Q01HA,0.04025704
TAP,BULLY_RELATIONAL,0.9812608052224666,3,GRADE,0.03942563
TAP,BULLY_RELATIONAL,0.9812608052224666,4,DISCLIMA,0.033303678
TAP,BULLY_RELATIONAL,0.9812608052224666,5,EMOSUPS,0.02814482
TAP,BULLY_RELATIONAL,0.9812608052224666,6,ST207Q02HA,0.0268729
TAP,BULLY_RELATIONAL,0.9812608052224666,7,PV1MATH,0.026754454
TAP,BULLY_RELATIONAL,0.9812608052224666,8,ST207Q01HA,0.02512054
TAP,BULLY_RELATIONAL,0.9812608052224666,9,PERCOOP,0.02443912
TAP,BULLY_RELATIONAL,0.9812608052224666,10,ATTLNACT,0.024245491
THA,BULLY_VERBAL,0.8946378160003784,1,BELONG,0.064230144
THA,BULLY_VERBAL,0.8946378160003784,2,PV1READ,0.04680323
THA,BULLY_VERBAL,0.8946378160003784,3,ST004D01T,0.04076432
THA,BULLY_VERBAL,0.8946378160003784,4,ST207Q01HA,0.0377226
THA,BULLY_VERBAL,0.8946378160003784,5,ST207Q05HA,0.036279153
THA,BULLY_VERBAL,0.8946378160003784,6,PERCOMP,0.033652816
THA,BULLY_VERBAL,0.8946378160003784,7,ST207Q03HA,0.031306934
THA,BULLY_VERBAL,0.8946378160003784,8,ST207Q02HA,0.026944939
THA,BULLY_VERBAL,0.8946378160003784,9,PV1MATH,0.026840081
THA,BULLY_VERBAL,0.8946378160003784,10,DISCLIMA,0.02562118
THA,BULLY_THREAT,0.9449479434200397,1,PV1READ,0.070155
THA,BULLY_THREAT,0.9449479434200397,2,ST207Q03HA,0.057837702
THA,BULLY_THREAT,0.9449479434200397,3,BELONG,0.057153925
THA,BULLY_THREAT,0.9449479434200397,4,ST004D01T,0.04663411
THA,BULLY_THREAT,0.9449479434200397,5,ST207Q01HA,0.033727147
THA,BULLY_THREAT,0.9449479434200397,6,PV1MATH,0.031524908
THA,BULLY_THREAT,0.9449479434200397,7,ST207Q04HA,0.027969558
THA,BULLY_THREAT,0.9449479434200397,8,EMOSUPS,0.026714073
THA,BULLY_THREAT,0.9449479434200397,9,PERCOMP,0.024976224
THA,BULLY_THREAT,0.9449479434200397,10,REPEAT,0.0249614
THA,BULLY_PHYSICAL,0.9369918143276394,1,PV1READ,0.08071896
THA,BULLY_PHYSICAL,0.9369918143276394,2,BELONG,0.05310903
THA,BULLY_PHYSICAL,0.9369918143276394,3,ST207Q05HA,0.042267915
THA,BULLY_PHYSICAL,0.9369918143276394,4,ST004D01T,0.041746
THA,BULLY_PHYSICAL,0.9369918143276394,5,PV1MATH,0.03992803
THA,BULLY_PHYSICAL,0.9369918143276394,6,ST207Q02HA,0.035962768
THA,BULLY_PHYSICAL,0.9369918143276394,7,ST207Q03HA,0.032922395
THA,BULLY_PHYSICAL,0.9369918143276394,8,ST207Q01HA,0.030572655
THA,BULLY_PHYSICAL,0.9369918143276394,9,ST207Q04HA,0.029165652
THA,BULLY_PHYSICAL,0.9369918143276394,10,EMOSUPS,0.02903631
THA,BULLY_RELATIONAL,0.9265558439733514,1,BELONG,0.07426587
THA,BULLY_RELATIONAL,0.9265558439733514,2,PV1READ,0.062179938
THA,BULLY_RELATIONAL,0.9265558439733514,3,ST004D01T,0.042704523
THA,BULLY_RELATIONAL,0.9265558439733514,4,ST207Q05HA,0.036897346
THA,BULLY_RELATIONAL,0.9265558439733514,5,ST207Q04HA,0.033361677
THA,BULLY_RELATIONAL,0.9265558439733514,6,PV1MATH,0.031450942
THA,BULLY_RELATIONAL,0.9265558439733514,7,ST207Q03HA,0.03117172
THA,BULLY_RELATIONAL,0.9265558439733514,8,EMOSUPS,0.029242178
THA,BULLY_RELATIONAL,0.9265558439733514,9,PERCOMP,0.027880635
THA,BULLY_RELATIONAL,0.9265558439733514,10,ST207Q02HA,0.027234206
TUR,BULLY_VERBAL,0.9486649252367426,1,BELONG,0.07425267
TUR,BULLY_VERBAL,0.9486649252367426,2,ST004D01T,0.059902947
TUR,BULLY_VERBAL,0.9486649252367426,3,ST207Q05HA,0.030590212
TUR,BULLY_VERBAL,0.9486649252367426,4,ST207Q01HA,0.028404595
TUR,BULLY_VERBAL,0.9486649252367426,5,ST207Q04HA,0.027916852
TUR,BULLY_VERBAL,0.9486649252367426,6,ST206Q01HA,0.026685596
TUR,BULLY_VERBAL,0.9486649252367426,7,DISCLIMA,0.025525063
TUR,BULLY_VERBAL,0.9486649252367426,8,GFOFAIL,0.024905197
TUR,BULLY_VERBAL,0.9486649252367426,9,PERCOOP,0.024561675
TUR,BULLY_VERBAL,0.9486649252367426,10,EMOSUPS,0.024304308
TUR,BULLY_THREAT,0.9609242490023441,1,ST004D01T,0.07607746
TUR,BULLY_THREAT,0.9609242490023441,2,BELONG,0.046494994
TUR,BULLY_THREAT,0.9609242490023441,3,PV1READ,0.043258183
TUR,BULLY_THREAT,0.9609242490023441,4,ST207Q02HA,0.03323235
TUR,BULLY_THREAT,0.9609242490023441,5,EMOSUPS,0.029609697
TUR,BULLY_THREAT,0.9609242490023441,6,ST207Q04HA,0.02643683
TUR,BULLY_THREAT,0.9609242490023441,7,PV1SCIE,0.026186861
TUR,BULLY_THREAT,0.9609242490023441,8,DISCLIMA,0.024247512
TUR,BULLY_THREAT,0.9609242490023441,9,PERCOOP,0.023950402
TUR,BULLY_THREAT,0.9609242490023441,10,UNDREM,0.023053842
TUR,BULLY_PHYSICAL,0.9602197663070715,1,ST004D01T,0.084042445
TUR,BULLY_PHYSICAL,0.9602197663070715,2,PV1READ,0.061717227
TUR,BULLY_PHYSICAL,0.9602197663070715,3,BELONG,0.045734584
TUR,BULLY_PHYSICAL,0.9602197663070715,4,EMOSUPS,0.036991067
TUR,BULLY_PHYSICAL,0.9602197663070715,5,ST207Q02HA,0.031979017
TUR,BULLY_PHYSICAL,0.9602197663070715,6,ST207Q05HA,0.030315341
TUR,BULLY_PHYSICAL,0.9602197663070715,7,PERCOOP,0.030149346
TUR,BULLY_PHYSICAL,0.9602197663070715,8,ST207Q04HA,0.029098392
TUR,BULLY_PHYSICAL,0.9602197663070715,9,PV1SCIE,0.027965194
TUR,BULLY_PHYSICAL,0.9602197663070715,10,DISCLIMA,0.027747665
TUR,BULLY_RELATIONAL,0.9441632761660687,1,BELONG,0.05754227
TUR,BULLY_RELATIONAL,0.9441632761660687,2,EMOSUPS,0.03962492
TUR,BULLY_RELATIONAL,0.9441632761660687,3,ST004D01T,0.038884483
TUR,BULLY_RELATIONAL,0.9441632761660687,4,PV1READ,0.03044603
TUR,BULLY_RELATIONAL,0.9441632761660687,5,ST207Q02HA,0.030312508
TUR,BULLY_RELATIONAL,0.9441632761660687,6,ST207Q04HA,0.029170064
TUR,BULLY_RELATIONAL,0.9441632761660687,7,ST207Q03HA,0.02909058
TUR,BULLY_RELATIONAL,0.9441632761660687,8,DISCLIMA,0.028915292
TUR,BULLY_RELATIONAL,0.9441632761660687,9,PERCOOP,0.026143758
TUR,BULLY_RELATIONAL,0.9441632761660687,10,GFOFAIL,0.025455358
UKR,BULLY_VERBAL,0.9669921486655713,1,BELONG,0.069745876
UKR,BULLY_VERBAL,0.9669921486655713,2,ST206Q01HA,0.05321614
UKR,BULLY_VERBAL,0.9669921486655713,3,ST207Q05HA,0.03518293
UKR,BULLY_VERBAL,0.9669921486655713,4,DISCLIMA,0.034951963
UKR,BULLY_VERBAL,0.9669921486655713,5,PERCOOP,0.030004472
UKR,BULLY_VERBAL,0.9669921486655713,6,PERCOMP,0.029353322
UKR,BULLY_VERBAL,0.9669921486655713,7,EMOSUPS,0.028988857
UKR,BULLY_VERBAL,0.9669921486655713,8,ST184Q01HA,0.027787615
UKR,BULLY_VERBAL,0.9669921486655713,9,ST207Q04HA,0.027119737
UKR,BULLY_VERBAL,0.9669921486655713,10,SCREADDIFF,0.026653742
UKR,BULLY_THREAT,0.9820318209928599,1,ST004D01T,0.06131522
UKR,BULLY_THREAT,0.9820318209928599,2,BELONG,0.054753207
UKR,BULLY_THREAT,0.9820318209928599,3,PV1READ,0.040362634
UKR,BULLY_THREAT,0.9820318209928599,4,EMOSUPS,0.03761296
UKR,BULLY_THREAT,0.9820318209928599,5,DISCLIMA,0.033578657
UKR,BULLY_THREAT,0.9820318209928599,6,PERCOMP,0.032213427
UKR,BULLY_THREAT,0.9820318209928599,7,ST207Q01HA,0.03040725
UKR,BULLY_THREAT,0.9820318209928599,8,PERCOOP,0.029444713
UKR,BULLY_THREAT,0.9820318209928599,9,ST207Q02HA,0.02924017
UKR,BULLY_THREAT,0.9820318209928599,10,ST207Q04HA,0.024741363
UKR,BULLY_PHYSICAL,0.9662459331681849,1,EMOSUPS,0.059586577
UKR,BULLY_PHYSICAL,0.9662459331681849,2,BELONG,0.052819576
UKR,BULLY_PHYSICAL,0.9662459331681849,3,PV1READ,0.049849406
UKR,BULLY_PHYSICAL,0.9662459331681849,4,ST207Q05HA,0.049718782
UKR,BULLY_PHYSICAL,0.9662459331681849,5,ST004D01T,0.041343905
UKR,BULLY_PHYSICAL,0.9662459331681849,6,PERCOOP,0.036605183
UKR,BULLY_PHYSICAL,0.9662459331681849,7,ST207Q02HA,0.03405207
UKR,BULLY_PHYSICAL,0.9662459331681849,8,DISCLIMA,0.03263378
UKR,BULLY_PHYSICAL,0.9662459331681849,9,ST207Q04HA,0.02975668
UKR,BULLY_PHYSICAL,0.9662459331681849,10,PERCOMP,0.028616494
UKR,BULLY_RELATIONAL,0.9667443158458969,1,BELONG,0.05910758
UKR,BULLY_RELATIONAL,0.9667443158458969,2,ST206Q01HA,0.052038044
UKR,BULLY_RELATIONAL,0.9667443158458969,3,DISCLIMA,0.037952185
UKR,BULLY_RELATIONAL,0.9667443158458969,4,PERCOOP,0.0355335
UKR,BULLY_RELATIONAL,0.9667443158458969,5,PERCOMP,0.034736738
UKR,BULLY_RELATIONAL,0.9667443158458969,6,EMOSUPS,0.033489484
UKR,BULLY_RELATIONAL,0.9667443158458969,7,ST207Q02HA,0.03136939
UKR,BULLY_RELATIONAL,0.9667443158458969,8,GRADE,0.027199116
UKR,BULLY_RELATIONAL,0.9667443158458969,9,ST207Q04HA,0.025772642
UKR,BULLY_RELATIONAL,0.9667443158458969,10,PV1READ,0.02464094
URY,BULLY_VERBAL,0.978260009675741,1,ST207Q01HA,0.07264703
URY,BULLY_VERBAL,0.978260009675741,2,PERCOMP,0.067424156
URY,BULLY_VERBAL,0.978260009675741,3,EMOSUPS,0.042628057
URY,BULLY_VERBAL,0.978260009675741,4,BELONG,0.040107384
URY,BULLY_VERBAL,0.978260009675741,5,ST207Q03HA,0.03747078
URY,BULLY_VERBAL,0.978260009675741,6,ST207Q02HA,0.035521813
URY,BULLY_VERBAL,0.978260009675741,7,ST207Q04HA,0.03119417
URY,BULLY_VERBAL,0.978260009675741,8,ST206Q01HA,0.02874048
URY,BULLY_VERBAL,0.978260009675741,9,DISCLIMA,0.02681981
URY,BULLY_VERBAL,0.978260009675741,10,ST207Q05HA,0.024171175
URY,BULLY_THREAT,0.9885803978036385,1,ST207Q02HA,0.066583626
URY,BULLY_THREAT,0.9885803978036385,2,ST207Q01HA,0.05929235
URY,BULLY_THREAT,0.9885803978036385,3,PERCOMP,0.055031464
URY,BULLY_THREAT,0.9885803978036385,4,BELONG,0.04484499
URY,BULLY_THREAT,0.9885803978036385,5,ST207Q05HA,0.03614583
URY,BULLY_THREAT,0.9885803978036385,6,GRADE,0.034276333
URY,BULLY_THREAT,0.9885803978036385,7,PERCOOP,0.030474275
URY,BULLY_THREAT,0.9885803978036385,8,EMOSUPS,0.029390598
URY,BULLY_THREAT,0.9885803978036385,9,ST207Q04HA,0.028097402
URY,BULLY_THREAT,0.9885803978036385,10,REPEAT,0.02738655
URY,BULLY_PHYSICAL,0.9829053842306359,1,ST207Q02HA,0.13419405
URY,BULLY_PHYSICAL,0.9829053842306359,2,ST207Q01HA,0.061564416
URY,BULLY_PHYSICAL,0.9829053842306359,3,PERCOMP,0.041646667
URY,BULLY_PHYSICAL,0.9829053842306359,4,EMOSUPS,0.041552093
URY,BULLY_PHYSICAL,0.9829053842306359,5,BELONG,0.04002565
URY,BULLY_PHYSICAL,0.9829053842306359,6,ST206Q01HA,0.037568677
URY,BULLY_PHYSICAL,0.9829053842306359,7,ST207Q05HA,0.036063038
URY,BULLY_PHYSICAL,0.9829053842306359,8,ST207Q03HA,0.032894883
URY,BULLY_PHYSICAL,0.9829053842306359,9,ST004D01T,0.028187374
URY,BULLY_PHYSICAL,0.9829053842306359,10,ST207Q04HA,0.024395201
URY,BULLY_RELATIONAL,0.9776298735952915,1,EMOSUPS,0.07394015
URY,BULLY_RELATIONAL,0.9776298735952915,2,PERCOMP,0.058049206
URY,BULLY_RELATIONAL,0.9776298735952915,3,ST207Q02HA,0.045712054
URY,BULLY_RELATIONAL,0.9776298735952915,4,BELONG,0.039630707
URY,BULLY_RELATIONAL,0.9776298735952915,5,ST207Q01HA,0.03904137
URY,BULLY_RELATIONAL,0.9776298735952915,6,ST206Q01HA,0.037544657
URY,BULLY_RELATIONAL,0.9776298735952915,7,ST207Q05HA,0.03152378
URY,BULLY_RELATIONAL,0.9776298735952915,8,ST207Q04HA,0.029139737
URY,BULLY_RELATIONAL,0.9776298735952915,9,ST004D01T,0.02601972
URY,BULLY_RELATIONAL,0.9776298735952915,10,PV1MATH,0.023951447
USA,BULLY_VERBAL,0.9544530588517773,1,BELONG,0.078343414
USA,BULLY_VERBAL,0.9544530588517773,2,ST185Q01HA,0.03156618
USA,BULLY_VERBAL,0.9544530588517773,3,ST207Q02HA,0.031058526
USA,BULLY_VERBAL,0.9544530588517773,4,GFOFAIL,0.030446794
USA,BULLY_VERBAL,0.9544530588517773,5,ST207Q01HA,0.029549317
USA,BULLY_VERBAL,0.9544530588517773,6,EMOSUPS,0.029112699
USA,BULLY_VERBAL,0.9544530588517773,7,DISCLIMA,0.027946575
USA,BULLY_VERBAL,0.9544530588517773,8,EUDMO,0.027528688
USA,BULLY_VERBAL,0.9544530588517773,9,ST004D01T,0.024749022
USA,BULLY_VERBAL,0.9544530588517773,10,PERCOMP,0.0246075
USA,BULLY_THREAT,0.9884427158157842,1,PV1READ,0.060001604
USA,BULLY_THREAT,0.9884427158157842,2,BELONG,0.051526878
USA,BULLY_THREAT,0.9884427158157842,3,PV1MATH,0.03214114
USA,BULLY_THREAT,0.9884427158157842,4,ST004D01T,0.031662643
USA,BULLY_THREAT,0.9884427158157842,5,SWBP,0.029652454
USA,BULLY_THREAT,0.9884427158157842,6,DISCLIMA,0.027908875
USA,BULLY_THREAT,0.9884427158157842,7,ST207Q04HA,0.026691388
USA,BULLY_THREAT,0.9884427158157842,8,ST207Q03HA,0.0264053
USA,BULLY_THREAT,0.9884427158157842,9,EUDMO,0.02606858
USA,BULLY_THREAT,0.9884427158157842,10,ST207Q01HA,0.024876975
USA,BULLY_PHYSICAL,0.9813676465289609,1,BELONG,0.06381899
USA,BULLY_PHYSICAL,0.9813676465289609,2,PV1READ,0.054047972
USA,BULLY_PHYSICAL,0.9813676465289609,3,ST004D01T,0.043780714
USA,BULLY_PHYSICAL,0.9813676465289609,4,ST207Q03HA,0.032314863
USA,BULLY_PHYSICAL,0.9813676465289609,5,EMOSUPS,0.030476367
USA,BULLY_PHYSICAL,0.9813676465289609,6,DISCLIMA,0.029994769
USA,BULLY_PHYSICAL,0.9813676465289609,7,ST206Q01HA,0.026544278
USA,BULLY_PHYSICAL,0.9813676465289609,8,PV1MATH,0.025773017
USA,BULLY_PHYSICAL,0.9813676465289609,9,ST207Q02HA,0.025496699
USA,BULLY_PHYSICAL,0.9813676465289609,10,ST185Q01HA,0.025296109
USA,BULLY_RELATIONAL,0.9735965218645721,1,BELONG,0.07776949
USA,BULLY_RELATIONAL,0.9735965218645721,2,ST207Q01HA,0.037497614
USA,BULLY_RELATIONAL,0.9735965218645721,3,ST185Q01HA,0.037401084
USA,BULLY_RELATIONAL,0.9735965218645721,4,PV1READ,0.03700278
USA,BULLY_RELATIONAL,0.9735965218645721,5,ST207Q02HA,0.031556305
USA,BULLY_RELATIONAL,0.9735965218645721,6,PV1MATH,0.030558877
USA,BULLY_RELATIONAL,0.9735965218645721,7,ST206Q01HA,0.029768078
USA,BULLY_RELATIONAL,0.9735965218645721,8,REPEAT,0.027021358
USA,BULLY_RELATIONAL,0.9735965218645721,9,DISCLIMA,0.026924562
USA,BULLY_RELATIONAL,0.9735965218645721,10,GFOFAIL,0.025773233
VNM,BULLY_VERBAL,0.9409633132753357,1,BELONG,0.06102638
VNM,BULLY_VERBAL,0.9409633132753357,2,ST004D01T,0.045012634
VNM,BULLY_VERBAL,0.9409633132753357,3,PERCOMP,0.035990156
VNM,BULLY_VERBAL,0.9409633132753357,4,DISCLIMA,0.03352563
VNM,BULLY_VERBAL,0.9409633132753357,5,REPEAT,0.031829197
VNM,BULLY_VERBAL,0.9409633132753357,6,RATCMP2,0.031274963
VNM,BULLY_VERBAL,0.9409633132753357,7,GFOFAIL,0.031142788
VNM,BULLY_VERBAL,0.9409633132753357,8,ST207Q05HA,0.031031856
VNM,BULLY_VERBAL,0.9409633132753357,9,ST207Q01HA,0.030900147
VNM,BULLY_VERBAL,0.9409633132753357,10,ST207Q04HA,0.03003244
VNM,BULLY_THREAT,0.9738591616355171,1,ST004D01T,0.090625
VNM,BULLY_THREAT,0.9738591616355171,2,BELONG,0.04508515
VNM,BULLY_THREAT,0.9738591616355171,3,ST207Q03HA,0.039029688
VNM,BULLY_THREAT,0.9738591616355171,4,REPEAT,0.035427306
VNM,BULLY_THREAT,0.9738591616355171,5,ST207Q04HA,0.034669682
VNM,BULLY_THREAT,0.9738591616355171,6,RATCMP2,0.029942527
VNM,BULLY_THREAT,0.9738591616355171,7,DISCLIMA,0.02940484
VNM,BULLY_THREAT,0.9738591616355171,8,ST207Q02HA,0.02836792
VNM,BULLY_THREAT,0.9738591616355171,9,EDUSHORT,0.027845453
VNM,BULLY_THREAT,0.9738591616355171,10,PERCOMP,0.02750316
VNM,BULLY_PHYSICAL,0.9348582546833173,1,ST004D01T,0.052661613
VNM,BULLY_PHYSICAL,0.9348582546833173,2,GRADE,0.042694516
VNM,BULLY_PHYSICAL,0.9348582546833173,3,DISCLIMA,0.042025715
VNM,BULLY_PHYSICAL,0.9348582546833173,4,REPEAT,0.037898216
VNM,BULLY_PHYSICAL,0.9348582546833173,5,BELONG,0.037894614
VNM,BULLY_PHYSICAL,0.9348582546833173,6,PERCOMP,0.031501625
VNM,BULLY_PHYSICAL,0.9348582546833173,7,ST207Q03HA,0.031079289
VNM,BULLY_PHYSICAL,0.9348582546833173,8,ST184Q01HA,0.030668046
VNM,BULLY_PHYSICAL,0.9348582546833173,9,ST207Q04HA,0.027800063
VNM,BULLY_PHYSICAL,0.9348582546833173,10,EDUSHORT,0.02778155
VNM,BULLY_RELATIONAL,0.9619382858744002,1,BELONG,0.057285883
VNM,BULLY_RELATIONAL,0.9619382858744002,2,ST004D01T,0.05355143
VNM,BULLY_RELATIONAL,0.9619382858744002,3,REPEAT,0.037160646
VNM,BULLY_RELATIONAL,0.9619382858744002,4,GRADE,0.03700022
VNM,BULLY_RELATIONAL,0.9619382858744002,5,PERCOMP,0.03444201
VNM,BULLY_RELATIONAL,0.9619382858744002,6,ST207Q03HA,0.032208793
VNM,BULLY_RELATIONAL,0.9619382858744002,7,DISCLIMA,0.03019386
VNM,BULLY_RELATIONAL,0.9619382858744002,8,ST207Q04HA,0.02968924
VNM,BULLY_RELATIONAL,0.9619382858744002,9,GFOFAIL,0.029050954
VNM,BULLY_RELATIONAL,0.9619382858744002,10,TEACHSUP,0.027381264
