,ALB,ARE,ARG,AUS,AUT,BEL,BGR,BIH,BLR,BRA,BRN,CAN,CHE,CHL,COL,CRI,CZE,DEU,DNK,DOM,ESP,EST,FIN,FRA,GBR,GEO,GRC,HKG,HRV,HUN,IDN,IRL,ISL,ITA,JOR,JPN,KAZ,KOR,KSV,LTU,LUX,LVA,MAC,MAR,MDA,MEX,MLT,MNE,MYS,NLD,NOR,NZL,PAN,PER,PHL,POL,PRT,QAT,QAZ,QCI,QMR,QRT,ROU,RUS,SAU,SGP,SRB,SVK,SVN,SWE,TAP,THA,TUR,UKR,URY,USA,VNM
ALB,1.0,0.3333333333333333,0.42857142857142855,0.17647058823529413,0.42857142857142855,0.3333333333333333,0.3333333333333333,0.42857142857142855,0.3333333333333333,0.42857142857142855,0.3333333333333333,0.3333333333333333,0.25,0.3333333333333333,0.3333333333333333,0.3333333333333333,0.25,0.25,0.3333333333333333,0.3333333333333333,0.3333333333333333,0.42857142857142855,0.42857142857142855,0.25,0.25,0.3333333333333333,0.3333333333333333,0.3333333333333333,0.42857142857142855,0.42857142857142855,0.25,0.3333333333333333,0.3333333333333333,0.42857142857142855,0.42857142857142855,0.25,0.42857142857142855,0.3333333333333333,0.5384615384615384,0.42857142857142855,0.42857142857142855,0.3333333333333333,0.42857142857142855,0.3333333333333333,0.25,0.17647058823529413,0.42857142857142855,0.5384615384615384,0.3333333333333333,0.3333333333333333,0.17647058823529413,0.3333333333333333,0.25,0.3333333333333333,0.42857142857142855,0.42857142857142855,0.25,0.42857142857142855,0.42857142857142855,0.3333333333333333,0.3333333333333333,0.42857142857142855,0.3333333333333333,0.3333333333333333,0.3333333333333333,0.25,0.42857142857142855,0.42857142857142855,0.3333333333333333,0.17647058823529413,0.3333333333333333,0.5384615384615384,0.42857142857142855,0.42857142857142855,0.42857142857142855,0.3333333333333333,0.17647058823529413
ARE,0.3333333333333333,1.0,0.42857142857142855,0.42857142857142855,0.6666666666666666,0.42857142857142855,0.5384615384615384,0.5384615384615384,0.42857142857142855,0.5384615384615384,0.6666666666666666,0.42857142857142855,0.42857142857142855,0.42857142857142855,0.3333333333333333,0.5384615384615384,0.5384615384615384,0.5384615384615384,0.5384615384615384,0.42857142857142855,0.3333333333333333,0.42857142857142855,0.5384615384615384,0.42857142857142855,0.42857142857142855,0.42857142857142855,0.5384615384615384,0.25,0.5384615384615384,0.42857142857142855,0.5384615384615384,0.5384615384615384,0.42857142857142855,0.5384615384615384,0.42857142857142855,0.3333333333333333,0.5384615384615384,0.3333333333333333,0.5384615384615384,0.5384615384615384,0.3333333333333333,0.3333333333333333,0.5384615384615384,0.5384615384615384,0.6666666666666666,0.5384615384615384,0.5384615384615384,0.5384615384615384,0.5384615384615384,0.3333333333333333,0.6666666666666666,0.5384615384615384,0.42857142857142855,0.5384615384615384,0.42857142857142855,0.5384615384615384,0.3333333333333333,0.42857142857142855,0.42857142857142855,0.25,0.42857142857142855,0.5384615384615384,0.5384615384615384,0.6666666666666666,0.6666666666666666,0.5384615384615384,0.5384615384615384,0.5384615384615384,0.5384615384615384,0.42857142857142855,0.3333333333333333,0.42857142857142855,0.5384615384615384,0.5384615384615384,0.42857142857142855,0.5384615384615384,0.3333333333333333
ARG,0.42857142857142855,0.42857142857142855,1.0,0.42857142857142855,0.6666666666666666,0.5384615384615384,0.6666666666666666,0.6666666666666666,0.5384615384615384,0.6666666666666666,0.5384615384615384,0.42857142857142855,0.42857142857142855,0.6666666666666666,0.6666666666666666,0.42857142857142855,0.5384615384615384,0.6666666666666666,0.6666666666666666,0.6666666666666666,0.6666666666666666,0.6666666666666666,0.5384615384615384,0.42857142857142855,0.42857142857142855,0.6666666666666666,0.6666666666666666,0.3333333333333333,0.6666666666666666,0.6666666666666666,0.42857142857142855,0.6666666666666666,0.3333333333333333,0.6666666666666666,0.5384615384615384,0.3333333333333333,0.6666666666666666,0.3333333333333333,0.42857142857142855,0.6666666666666666,0.3333333333333333,0.42857142857142855,0.42857142857142855,0.8181818181818182,0.3333333333333333,0.42857142857142855,0.6666666666666666,0.6666666666666666,0.3333333333333333,0.42857142857142855,0.42857142857142855,0.5384615384615384,0.5384615384615384,0.6666666666666666,0.42857142857142855,0.8181818181818182,0.42857142857142855,0.42857142857142855,0.6666666666666666,0.42857142857142855,0.5384615384615384,0.6666666666666666,0.6666666666666666,0.6666666666666666,0.6666666666666666,0.25,0.5384615384615384,0.6666666666666666,0.6666666666666666,0.42857142857142855,0.3333333333333333,0.5384615384615384,0.5384615384615384,0.6666666666666666,0.8181818181818182,0.3333333333333333,0.25
AUS,0.17647058823529413,0.42857142857142855,0.42857142857142855,1.0,0.3333333333333333,0.5384615384615384,0.42857142857142855,0.42857142857142855,0.5384615384615384,0.42857142857142855,0.3333333333333333,0.3333333333333333,0.42857142857142855,0.42857142857142855,0.6666666666666666,0.3333333333333333,0.42857142857142855,0.5384615384615384,0.42857142857142855,0.42857142857142855,0.3333333333333333,0.42857142857142855,0.42857142857142855,0.25,0.3333333333333333,0.5384615384615384,0.5384615384615384,0.42857142857142855,0.3333333333333333,0.42857142857142855,0.42857142857142855,0.42857142857142855,0.3333333333333333,0.3333333333333333,0.25,0.42857142857142855,0.42857142857142855,0.25,0.3333333333333333,0.42857142857142855,0.25,0.5384615384615384,0.42857142857142855,0.42857142857142855,0.3333333333333333,0.6666666666666666,0.3333333333333333,0.3333333333333333,0.42857142857142855,0.42857142857142855,0.5384615384615384,0.42857142857142855,0.42857142857142855,0.6666666666666666,0.42857142857142855,0.42857142857142855,0.3333333333333333,0.3333333333333333,0.42857142857142855,0.3333333333333333,0.42857142857142855,0.42857142857142855,0.6666666666666666,0.42857142857142855,0.42857142857142855,0.3333333333333333,0.42857142857142855,0.3333333333333333,0.5384615384615384,0.3333333333333333,0.25,0.3333333333333333,0.42857142857142855,0.5384615384615384,0.3333333333333333,0.42857142857142855,0.3333333333333333
AUT,0.42857142857142855,0.6666666666666666,0.6666666666666666,0.3333333333333333,1.0,0.42857142857142855,0.6666666666666666,0.6666666666666666,0.5384615384615384,0.5384615384615384,0.8181818181818182,0.5384615384615384,0.3333333333333333,0.5384615384615384,0.42857142857142855,0.6666666666666666,0.5384615384615384,0.5384615384615384,0.6666666666666666,0.5384615384615384,0.5384615384615384,0.6666666666666666,0.6666666666666666,0.42857142857142855,0.5384615384615384,0.5384615384615384,0.5384615384615384,0.3333333333333333,0.6666666666666666,0.5384615384615384,0.42857142857142855,0.6666666666666666,0.42857142857142855,0.6666666666666666,0.6666666666666666,0.3333333333333333,0.6666666666666666,0.42857142857142855,0.5384615384615384,0.6666666666666666,0.42857142857142855,0.3333333333333333,0.42857142857142855,0.6666666666666666,0.5384615384615384,0.42857142857142855,0.8181818181818182,0.6666666666666666,0.42857142857142855,0.42857142857142855,0.5384615384615384,0.6666666666666666,0.42857142857142855,0.5384615384615384,0.42857142857142855,0.6666666666666666,0.3333333333333333,0.5384615384615384,0.6666666666666666,0.3333333333333333,0.5384615384615384,0.6666666666666666,0.5384615384615384,0.6666666666666666,0.6666666666666666,0.3333333333333333,0.42857142857142855,0.6666666666666666,0.5384615384615384,0.42857142857142855,0.42857142857142855,0.5384615384615384,0.6666666666666666,0.6666666666666666,0.6666666666666666,0.5384615384615384,0.3333333333333333
BEL,0.3333333333333333,0.42857142857142855,0.5384615384615384,0.5384615384615384,0.42857142857142855,1.0,0.42857142857142855,0.5384615384615384,0.5384615384615384,0.5384615384615384,0.42857142857142855,0.5384615384615384,0.42857142857142855,0.5384615384615384,0.5384615384615384,0.42857142857142855,0.6666666666666666,0.5384615384615384,0.42857142857142855,0.5384615384615384,0.42857142857142855,0.6666666666666666,0.5384615384615384,0.42857142857142855,0.42857142857142855,0.5384615384615384,0.6666666666666666,0.5384615384615384,0.5384615384615384,0.5384615384615384,0.42857142857142855,0.6666666666666666,0.25,0.5384615384615384,0.25,0.5384615384615384,0.5384615384615384,0.3333333333333333,0.3333333333333333,0.5384615384615384,0.3333333333333333,0.5384615384615384,0.6666666666666666,0.5384615384615384,0.3333333333333333,0.5384615384615384,0.5384615384615384,0.42857142857142855,0.42857142857142855,0.5384615384615384,0.42857142857142855,0.5384615384615384,0.3333333333333333,0.8181818181818182,0.42857142857142855,0.5384615384615384,0.42857142857142855,0.3333333333333333,0.42857142857142855,0.42857142857142855,0.42857142857142855,0.5384615384615384,0.8181818181818182,0.5384615384615384,0.5384615384615384,0.25,0.6666666666666666,0.5384615384615384,0.6666666666666666,0.42857142857142855,0.3333333333333333,0.5384615384615384,0.5384615384615384,0.6666666666666666,0.5384615384615384,0.42857142857142855,0.3333333333333333
BGR,0.3333333333333333,0.5384615384615384,0.6666666666666666,0.42857142857142855,0.6666666666666666,0.42857142857142855,1.0,0.6666666666666666,0.3333333333333333,0.5384615384615384,0.5384615384615384,0.42857142857142855,0.42857142857142855,0.5384615384615384,0.5384615384615384,0.42857142857142855,0.5384615384615384,0.6666666666666666,0.8181818181818182,0.5384615384615384,0.5384615384615384,0.5384615384615384,0.6666666666666666,0.5384615384615384,0.6666666666666666,0.5384615384615384,0.6666666666666666,0.3333333333333333,0.5384615384615384,0.42857142857142855,0.42857142857142855,0.6666666666666666,0.3333333333333333,0.6666666666666666,0.5384615384615384,0.3333333333333333,0.5384615384615384,0.3333333333333333,0.42857142857142855,0.5384615384615384,0.3333333333333333,0.5384615384615384,0.42857142857142855,0.8181818181818182,0.42857142857142855,0.42857142857142855,0.6666666666666666,0.6666666666666666,0.3333333333333333,0.42857142857142855,0.5384615384615384,0.5384615384615384,0.42857142857142855,0.5384615384615384,0.25,0.6666666666666666,0.3333333333333333,0.5384615384615384,0.6666666666666666,0.3333333333333333,0.42857142857142855,0.5384615384615384,0.5384615384615384,0.6666666666666666,0.8181818181818182,0.25,0.5384615384615384,0.6666666666666666,0.6666666666666666,0.42857142857142855,0.3333333333333333,0.5384615384615384,0.42857142857142855,0.42857142857142855,0.6666666666666666,0.42857142857142855,0.3333333333333333
BIH,0.42857142857142855,0.5384615384615384,0.6666666666666666,0.42857142857142855,0.6666666666666666,0.5384615384615384,0.6666666666666666,1.0,0.5384615384615384,0.5384615384615384,0.6666666666666666,0.6666666666666666,0.5384615384615384,0.6666666666666666,0.6666666666666666,0.5384615384615384,0.5384615384615384,0.6666666666666666,0.5384615384615384,0.8181818181818182,0.5384615384615384,0.6666666666666666,0.6666666666666666,0.5384615384615384,0.42857142857142855,0.8181818181818182,0.8181818181818182,0.3333333333333333,0.6666666666666666,0.6666666666666666,0.42857142857142855,0.5384615384615384,0.5384615384615384,0.8181818181818182,0.5384615384615384,0.25,0.8181818181818182,0.25,0.6666666666666666,0.8181818181818182,0.5384615384615384,0.5384615384615384,0.5384615384615384,0.6666666666666666,0.42857142857142855,0.5384615384615384,0.6666666666666666,0.8181818181818182,0.42857142857142855,0.3333333333333333,0.5384615384615384,0.6666666666666666,0.5384615384615384,0.6666666666666666,0.42857142857142855,0.8181818181818182,0.3333333333333333,0.5384615384615384,0.6666666666666666,0.25,0.6666666666666666,0.8181818181818182,0.6666666666666666,0.6666666666666666,0.8181818181818182,0.25,0.6666666666666666,0.8181818181818182,0.8181818181818182,0.3333333333333333,0.25,0.8181818181818182,0.6666666666666666,0.6666666666666666,0.6666666666666666,0.42857142857142855,0.25
BLR,0.3333333333333333,0.42857142857142855,0.5384615384615384,0.5384615384615384,0.5384615384615384,0.5384615384615384,0.3333333333333333,0.5384615384615384,1.0,0.5384615384615384,0.5384615384615384,0.42857142857142855,0.3333333333333333,0.5384615384615384,0.6666666666666666,0.5384615384615384,0.42857142857142855,0.5384615384615384,0.42857142857142855,0.5384615384615384,0.42857142857142855,0.5384615384615384,0.42857142857142855,0.3333333333333333,0.25,0.6666666666666666,0.5384615384615384,0.3333333333333333,0.5384615384615384,0.8181818181818182,0.3333333333333333,0.42857142857142855,0.5384615384615384,0.42857142857142855,0.42857142857142855,0.3333333333333333,0.6666666666666666,0.3333333333333333,0.5384615384615384,0.6666666666666666,0.5384615384615384,0.42857142857142855,0.5384615384615384,0.42857142857142855,0.42857142857142855,0.6666666666666666,0.42857142857142855,0.42857142857142855,0.5384615384615384,0.42857142857142855,0.42857142857142855,0.5384615384615384,0.42857142857142855,0.6666666666666666,0.6666666666666666,0.5384615384615384,0.5384615384615384,0.42857142857142855,0.5384615384615384,0.3333333333333333,0.6666666666666666,0.6666666666666666,0.6666666666666666,0.5384615384615384,0.42857142857142855,0.3333333333333333,0.42857142857142855,0.42857142857142855,0.5384615384615384,0.25,0.3333333333333333,0.42857142857142855,0.8181818181818182,0.8181818181818182,0.42857142857142855,0.42857142857142855,0.25
BRA,0.42857142857142855,0.5384615384615384,0.6666666666666666,0.42857142857142855,0.5384615384615384,0.5384615384615384,0.5384615384615384,0.5384615384615384,0.5384615384615384,1.0,0.5384615384615384,0.3333333333333333,0.42857142857142855,0.5384615384615384,0.5384615384615384,0.42857142857142855,0.5384615384615384,0.6666666666666666,0.6666666666666666,0.5384615384615384,0.42857142857142855,0.42857142857142855,0.42857142857142855,0.42857142857142855,0.3333333333333333,0.5384615384615384,0.6666666666666666,0.3333333333333333,0.6666666666666666,0.6666666666666666,0.42857142857142855,0.5384615384615384,0.42857142857142855,0.5384615384615384,0.5384615384615384,0.3333333333333333,0.6666666666666666,0.3333333333333333,0.5384615384615384,0.6666666666666666,0.42857142857142855,0.42857142857142855,0.42857142857142855,0.6666666666666666,0.42857142857142855,0.42857142857142855,0.42857142857142855,0.42857142857142855,0.42857142857142855,0.42857142857142855,0.42857142857142855,0.42857142857142855,0.5384615384615384,0.6666666666666666,0.42857142857142855,0.6666666666666666,0.5384615384615384,0.5384615384615384,0.5384615384615384,0.3333333333333333,0.5384615384615384,0.6666666666666666,0.6666666666666666,0.8181818181818182,0.6666666666666666,0.3333333333333333,0.5384615384615384,0.5384615384615384,0.6666666666666666,0.3333333333333333,0.3333333333333333,0.42857142857142855,0.5384615384615384,0.6666666666666666,0.5384615384615384,0.42857142857142855,0.25
BRN,0.3333333333333333,0.6666666666666666,0.5384615384615384,0.3333333333333333,0.8181818181818182,0.42857142857142855,0.5384615384615384,0.6666666666666666,0.5384615384615384,0.5384615384615384,1.0,0.6666666666666666,0.3333333333333333,0.5384615384615384,0.42857142857142855,0.6666666666666666,0.6666666666666666,0.5384615384615384,0.5384615384615384,0.5384615384615384,0.42857142857142855,0.5384615384615384,0.5384615384615384,0.42857142857142855,0.5384615384615384,0.5384615384615384,0.5384615384615384,0.25,0.6666666666666666,0.5384615384615384,0.5384615384615384,0.5384615384615384,0.42857142857142855,0.6666666666666666,0.5384615384615384,0.25,0.6666666666666666,0.3333333333333333,0.5384615384615384,0.6666666666666666,0.42857142857142855,0.3333333333333333,0.42857142857142855,0.5384615384615384,0.5384615384615384,0.42857142857142855,0.6666666666666666,0.5384615384615384,0.42857142857142855,0.3333333333333333,0.5384615384615384,0.6666666666666666,0.42857142857142855,0.5384615384615384,0.42857142857142855,0.6666666666666666,0.3333333333333333,0.5384615384615384,0.5384615384615384,0.3333333333333333,0.5384615384615384,0.6666666666666666,0.5384615384615384,0.6666666666666666,0.6666666666666666,0.42857142857142855,0.42857142857142855,0.6666666666666666,0.5384615384615384,0.42857142857142855,0.3333333333333333,0.5384615384615384,0.6666666666666666,0.6666666666666666,0.5384615384615384,0.5384615384615384,0.3333333333333333
CAN,0.3333333333333333,0.42857142857142855,0.42857142857142855,0.3333333333333333,0.5384615384615384,0.5384615384615384,0.42857142857142855,0.6666666666666666,0.42857142857142855,0.3333333333333333,0.6666666666666666,1.0,0.3333333333333333,0.5384615384615384,0.42857142857142855,0.5384615384615384,0.6666666666666666,0.42857142857142855,0.3333333333333333,0.5384615384615384,0.42857142857142855,0.6666666666666666,0.5384615384615384,0.42857142857142855,0.6666666666666666,0.5384615384615384,0.5384615384615384,0.3333333333333333,0.5384615384615384,0.42857142857142855,0.42857142857142855,0.5384615384615384,0.3333333333333333,0.6666666666666666,0.3333333333333333,0.25,0.5384615384615384,0.25,0.42857142857142855,0.5384615384615384,0.42857142857142855,0.42857142857142855,0.5384615384615384,0.42857142857142855,0.3333333333333333,0.42857142857142855,0.6666666666666666,0.5384615384615384,0.3333333333333333,0.3333333333333333,0.42857142857142855,0.6666666666666666,0.3333333333333333,0.5384615384615384,0.3333333333333333,0.5384615384615384,0.25,0.42857142857142855,0.42857142857142855,0.3333333333333333,0.42857142857142855,0.5384615384615384,0.5384615384615384,0.42857142857142855,0.5384615384615384,0.25,0.5384615384615384,0.6666666666666666,0.5384615384615384,0.5384615384615384,0.25,0.6666666666666666,0.5384615384615384,0.5384615384615384,0.5384615384615384,0.42857142857142855,0.3333333333333333
CHE,0.25,0.42857142857142855,0.42857142857142855,0.42857142857142855,0.3333333333333333,0.42857142857142855,0.42857142857142855,0.5384615384615384,0.3333333333333333,0.42857142857142855,0.3333333333333333,0.3333333333333333,1.0,0.42857142857142855,0.42857142857142855,0.25,0.42857142857142855,0.5384615384615384,0.42857142857142855,0.6666666666666666,0.3333333333333333,0.42857142857142855,0.42857142857142855,0.5384615384615384,0.25,0.5384615384615384,0.6666666666666666,0.17647058823529413,0.42857142857142855,0.42857142857142855,0.5384615384615384,0.42857142857142855,0.3333333333333333,0.42857142857142855,0.25,0.25,0.5384615384615384,0.1111111111111111,0.3333333333333333,0.5384615384615384,0.3333333333333333,0.5384615384615384,0.3333333333333333,0.5384615384615384,0.3333333333333333,0.5384615384615384,0.3333333333333333,0.42857142857142855,0.42857142857142855,0.25,0.42857142857142855,0.3333333333333333,0.5384615384615384,0.5384615384615384,0.3333333333333333,0.42857142857142855,0.25,0.25,0.42857142857142855,0.25,0.42857142857142855,0.5384615384615384,0.5384615384615384,0.5384615384615384,0.5384615384615384,0.25,0.5384615384615384,0.42857142857142855,0.6666666666666666,0.3333333333333333,0.17647058823529413,0.5384615384615384,0.3333333333333333,0.42857142857142855,0.42857142857142855,0.3333333333333333,0.3333333333333333
CHL,0.3333333333333333,0.42857142857142855,0.6666666666666666,0.42857142857142855,0.5384615384615384,0.5384615384615384,0.5384615384615384,0.6666666666666666,0.5384615384615384,0.5384615384615384,0.5384615384615384,0.5384615384615384,0.42857142857142855,1.0,0.6666666666666666,0.6666666666666666,0.6666666666666666,0.8181818181818182,0.5384615384615384,0.6666666666666666,0.8181818181818182,0.6666666666666666,0.42857142857142855,0.5384615384615384,0.42857142857142855,0.8181818181818182,0.6666666666666666,0.3333333333333333,0.8181818181818182,0.5384615384615384,0.3333333333333333,0.6666666666666666,0.42857142857142855,0.8181818181818182,0.5384615384615384,0.25,0.6666666666666666,0.3333333333333333,0.5384615384615384,0.6666666666666666,0.5384615384615384,0.6666666666666666,0.42857142857142855,0.6666666666666666,0.42857142857142855,0.5384615384615384,0.6666666666666666,0.5384615384615384,0.25,0.3333333333333333,0.5384615384615384,0.8181818181818182,0.6666666666666666,0.5384615384615384,0.42857142857142855,0.6666666666666666,0.5384615384615384,0.6666666666666666,0.5384615384615384,0.42857142857142855,0.6666666666666666,0.6666666666666666,0.5384615384615384,0.6666666666666666,0.6666666666666666,0.25,0.6666666666666666,0.8181818181818182,0.6666666666666666,0.42857142857142855,0.3333333333333333,0.6666666666666666,0.42857142857142855,0.5384615384615384,0.8181818181818182,0.5384615384615384,0.25
COL,0.3333333333333333,0.3333333333333333,0.6666666666666666,0.6666666666666666,0.42857142857142855,0.5384615384615384,0.5384615384615384,0.6666666666666666,0.6666666666666666,0.5384615384615384,0.42857142857142855,0.42857142857142855,0.42857142857142855,0.6666666666666666,1.0,0.42857142857142855,0.42857142857142855,0.6666666666666666,0.5384615384615384,0.6666666666666666,0.5384615384615384,0.5384615384615384,0.42857142857142855,0.3333333333333333,0.3333333333333333,0.8181818181818182,0.6666666666666666,0.3333333333333333,0.5384615384615384,0.6666666666666666,0.3333333333333333,0.42857142857142855,0.42857142857142855,0.5384615384615384,0.42857142857142855,0.3333333333333333,0.6666666666666666,0.25,0.5384615384615384,0.6666666666666666,0.42857142857142855,0.6666666666666666,0.42857142857142855,0.5384615384615384,0.3333333333333333,0.5384615384615384,0.42857142857142855,0.5384615384615384,0.3333333333333333,0.42857142857142855,0.42857142857142855,0.5384615384615384,0.5384615384615384,0.6666666666666666,0.5384615384615384,0.6666666666666666,0.42857142857142855,0.5384615384615384,0.6666666666666666,0.3333333333333333,0.6666666666666666,0.6666666666666666,0.6666666666666666,0.5384615384615384,0.5384615384615384,0.25,0.5384615384615384,0.5384615384615384,0.6666666666666666,0.25,0.25,0.5384615384615384,0.5384615384615384,0.6666666666666666,0.5384615384615384,0.3333333333333333,0.25
CRI,0.3333333333333333,0.5384615384615384,0.42857142857142855,0.3333333333333333,0.6666666666666666,0.42857142857142855,0.42857142857142855,0.5384615384615384,0.5384615384615384,0.42857142857142855,0.6666666666666666,0.5384615384615384,0.25,0.6666666666666666,0.42857142857142855,1.0,0.5384615384615384,0.5384615384615384,0.42857142857142855,0.42857142857142855,0.6666666666666666,0.5384615384615384,0.42857142857142855,0.42857142857142855,0.42857142857142855,0.5384615384615384,0.42857142857142855,0.3333333333333333,0.6666666666666666,0.42857142857142855,0.3333333333333333,0.5384615384615384,0.42857142857142855,0.6666666666666666,0.5384615384615384,0.25,0.5384615384615384,0.42857142857142855,0.5384615384615384,0.5384615384615384,0.5384615384615384,0.42857142857142855,0.42857142857142855,0.42857142857142855,0.5384615384615384,0.42857142857142855,0.6666666666666666,0.42857142857142855,0.3333333333333333,0.42857142857142855,0.5384615384615384,0.8181818181818182,0.42857142857142855,0.42857142857142855,0.42857142857142855,0.5384615384615384,0.5384615384615384,0.6666666666666666,0.42857142857142855,0.3333333333333333,0.5384615384615384,0.5384615384615384,0.42857142857142855,0.5384615384615384,0.5384615384615384,0.3333333333333333,0.42857142857142855,0.6666666666666666,0.42857142857142855,0.3333333333333333,0.42857142857142855,0.5384615384615384,0.5384615384615384,0.5384615384615384,0.5384615384615384,0.6666666666666666,0.3333333333333333
CZE,0.25,0.5384615384615384,0.5384615384615384,0.42857142857142855,0.5384615384615384,0.6666666666666666,0.5384615384615384,0.5384615384615384,0.42857142857142855,0.5384615384615384,0.6666666666666666,0.6666666666666666,0.42857142857142855,0.6666666666666666,0.42857142857142855,0.5384615384615384,1.0,0.6666666666666666,0.5384615384615384,0.5384615384615384,0.5384615384615384,0.6666666666666666,0.5384615384615384,0.5384615384615384,0.6666666666666666,0.5384615384615384,0.6666666666666666,0.3333333333333333,0.6666666666666666,0.42857142857142855,0.5384615384615384,0.8181818181818182,0.25,0.6666666666666666,0.3333333333333333,0.3333333333333333,0.5384615384615384,0.3333333333333333,0.3333333333333333,0.5384615384615384,0.3333333333333333,0.5384615384615384,0.5384615384615384,0.6666666666666666,0.42857142857142855,0.5384615384615384,0.6666666666666666,0.42857142857142855,0.3333333333333333,0.42857142857142855,0.5384615384615384,0.6666666666666666,0.42857142857142855,0.6666666666666666,0.3333333333333333,0.5384615384615384,0.42857142857142855,0.42857142857142855,0.42857142857142855,0.5384615384615384,0.42857142857142855,0.5384615384615384,0.6666666666666666,0.6666666666666666,0.6666666666666666,0.3333333333333333,0.6666666666666666,0.6666666666666666,0.6666666666666666,0.6666666666666666,0.3333333333333333,0.5384615384615384,0.42857142857142855,0.5384615384615384,0.6666666666666666,0.5384615384615384,0.42857142857142855
DEU,0.25,0.5384615384615384,0.6666666666666666,0.5384615384615384,0.5384615384615384,0.5384615384615384,0.6666666666666666,0.6666666666666666,0.5384615384615384,0.6666666666666666,0.5384615384615384,0.42857142857142855,0.5384615384615384,0.8181818181818182,0.6666666666666666,0.5384615384615384,0.6666666666666666,1.0,0.6666666666666666,0.6666666666666666,0.6666666666666666,0.5384615384615384,0.5384615384615384,0.5384615384615384,0.42857142857142855,0.8181818181818182,0.8181818181818182,0.3333333333333333,0.6666666666666666,0.5384615384615384,0.42857142857142855,0.6666666666666666,0.42857142857142855,0.6666666666666666,0.5384615384615384,0.25,0.6666666666666666,0.3333333333333333,0.5384615384615384,0.6666666666666666,0.42857142857142855,0.6666666666666666,0.42857142857142855,0.8181818181818182,0.5384615384615384,0.6666666666666666,0.5384615384615384,0.5384615384615384,0.3333333333333333,0.3333333333333333,0.6666666666666666,0.6666666666666666,0.6666666666666666,0.6666666666666666,0.42857142857142855,0.6666666666666666,0.5384615384615384,0.5384615384615384,0.5384615384615384,0.42857142857142855,0.6666666666666666,0.6666666666666666,0.6666666666666666,0.8181818181818182,0.8181818181818182,0.3333333333333333,0.6666666666666666,0.6666666666666666,0.8181818181818182,0.42857142857142855,0.3333333333333333,0.5384615384615384,0.42857142857142855,0.5384615384615384,0.6666666666666666,0.5384615384615384,0.25
DNK,0.3333333333333333,0.5384615384615384,0.6666666666666666,0.42857142857142855,0.6666666666666666,0.42857142857142855,0.8181818181818182,0.5384615384615384,0.42857142857142855,0.6666666666666666,0.5384615384615384,0.3333333333333333,0.42857142857142855,0.5384615384615384,0.5384615384615384,0.42857142857142855,0.5384615384615384,0.6666666666666666,1.0,0.5384615384615384,0.5384615384615384,0.5384615384615384,0.5384615384615384,0.42857142857142855,0.5384615384615384,0.5384615384615384,0.6666666666666666,0.25,0.6666666666666666,0.5384615384615384,0.3333333333333333,0.6666666666666666,0.3333333333333333,0.5384615384615384,0.5384615384615384,0.42857142857142855,0.6666666666666666,0.3333333333333333,0.42857142857142855,0.6666666666666666,0.3333333333333333,0.5384615384615384,0.3333333333333333,0.8181818181818182,0.42857142857142855,0.42857142857142855,0.5384615384615384,0.5384615384615384,0.3333333333333333,0.5384615384615384,0.42857142857142855,0.42857142857142855,0.42857142857142855,0.5384615384615384,0.3333333333333333,0.5384615384615384,0.42857142857142855,0.5384615384615384,0.8181818181818182,0.3333333333333333,0.5384615384615384,0.6666666666666666,0.5384615384615384,0.8181818181818182,0.6666666666666666,0.25,0.5384615384615384,0.5384615384615384,0.6666666666666666,0.42857142857142855,0.3333333333333333,0.42857142857142855,0.42857142857142855,0.5384615384615384,0.6666666666666666,0.42857142857142855,0.42857142857142855
DOM,0.3333333333333333,0.42857142857142855,0.6666666666666666,0.42857142857142855,0.5384615384615384,0.5384615384615384,0.5384615384615384,0.8181818181818182,0.5384615384615384,0.5384615384615384,0.5384615384615384,0.5384615384615384,0.6666666666666666,0.6666666666666666,0.6666666666666666,0.42857142857142855,0.5384615384615384,0.6666666666666666,0.5384615384615384,1.0,0.5384615384615384,0.6666666666666666,0.5384615384615384,0.5384615384615384,0.3333333333333333,0.8181818181818182,0.8181818181818182,0.25,0.6666666666666666,0.6666666666666666,0.3333333333333333,0.5384615384615384,0.42857142857142855,0.6666666666666666,0.42857142857142855,0.25,0.8181818181818182,0.17647058823529413,0.5384615384615384,0.8181818181818182,0.42857142857142855,0.5384615384615384,0.42857142857142855,0.6666666666666666,0.42857142857142855,0.5384615384615384,0.5384615384615384,0.6666666666666666,0.3333333333333333,0.3333333333333333,0.42857142857142855,0.5384615384615384,0.6666666666666666,0.6666666666666666,0.42857142857142855,0.6666666666666666,0.3333333333333333,0.42857142857142855,0.6666666666666666,0.25,0.6666666666666666,0.8181818181818182,0.6666666666666666,0.6666666666666666,0.6666666666666666,0.17647058823529413,0.6666666666666666,0.6666666666666666,0.8181818181818182,0.3333333333333333,0.17647058823529413,0.6666666666666666,0.5384615384615384,0.6666666666666666,0.6666666666666666,0.3333333333333333,0.25
ESP,0.3333333333333333,0.3333333333333333,0.6666666666666666,0.3333333333333333,0.5384615384615384,0.42857142857142855,0.5384615384615384,0.5384615384615384,0.42857142857142855,0.42857142857142855,0.42857142857142855,0.42857142857142855,0.3333333333333333,0.8181818181818182,0.5384615384615384,0.6666666666666666,0.5384615384615384,0.6666666666666666,0.5384615384615384,0.5384615384615384,1.0,0.6666666666666666,0.42857142857142855,0.42857142857142855,0.42857142857142855,0.6666666666666666,0.5384615384615384,0.3333333333333333,0.6666666666666666,0.42857142857142855,0.25,0.6666666666666666,0.3333333333333333,0.6666666666666666,0.5384615384615384,0.25,0.5384615384615384,0.3333333333333333,0.42857142857142855,0.5384615384615384,0.42857142857142855,0.5384615384615384,0.3333333333333333,0.6666666666666666,0.3333333333333333,0.42857142857142855,0.6666666666666666,0.5384615384615384,0.17647058823529413,0.42857142857142855,0.42857142857142855,0.6666666666666666,0.5384615384615384,0.42857142857142855,0.3333333333333333,0.5384615384615384,0.5384615384615384,0.5384615384615384,0.5384615384615384,0.42857142857142855,0.5384615384615384,0.5384615384615384,0.42857142857142855,0.5384615384615384,0.5384615384615384,0.17647058823529413,0.5384615384615384,0.6666666666666666,0.5384615384615384,0.42857142857142855,0.3333333333333333,0.5384615384615384,0.3333333333333333,0.42857142857142855,0.8181818181818182,0.42857142857142855,0.3333333333333333
EST,0.42857142857142855,0.42857142857142855,0.6666666666666666,0.42857142857142855,0.6666666666666666,0.6666666666666666,0.5384615384615384,0.6666666666666666,0.5384615384615384,0.42857142857142855,0.5384615384615384,0.6666666666666666,0.42857142857142855,0.6666666666666666,0.5384615384615384,0.5384615384615384,0.6666666666666666,0.5384615384615384,0.5384615384615384,0.6666666666666666,0.6666666666666666,1.0,0.6666666666666666,0.42857142857142855,0.5384615384615384,0.6666666666666666,0.6666666666666666,0.42857142857142855,0.6666666666666666,0.5384615384615384,0.3333333333333333,0.8181818181818182,0.3333333333333333,0.6666666666666666,0.42857142857142855,0.42857142857142855,0.6666666666666666,0.3333333333333333,0.42857142857142855,0.6666666666666666,0.42857142857142855,0.5384615384615384,0.5384615384615384,0.6666666666666666,0.3333333333333333,0.5384615384615384,0.8181818181818182,0.6666666666666666,0.3333333333333333,0.5384615384615384,0.42857142857142855,0.6666666666666666,0.42857142857142855,0.6666666666666666,0.42857142857142855,0.5384615384615384,0.3333333333333333,0.42857142857142855,0.6666666666666666,0.42857142857142855,0.5384615384615384,0.6666666666666666,0.6666666666666666,0.5384615384615384,0.5384615384615384,0.17647058823529413,0.6666666666666666,0.6666666666666666,0.6666666666666666,0.5384615384615384,0.3333333333333333,0.6666666666666666,0.5384615384615384,0.6666666666666666,0.8181818181818182,0.42857142857142855,0.42857142857142855
FIN,0.42857142857142855,0.5384615384615384,0.5384615384615384,0.42857142857142855,0.6666666666666666,0.5384615384615384,0.6666666666666666,0.6666666666666666,0.42857142857142855,0.42857142857142855,0.5384615384615384,0.5384615384615384,0.42857142857142855,0.42857142857142855,0.42857142857142855,0.42857142857142855,0.5384615384615384,0.5384615384615384,0.5384615384615384,0.5384615384615384,0.42857142857142855,0.6666666666666666,1.0,0.42857142857142855,0.5384615384615384,0.5384615384615384,0.6666666666666666,0.42857142857142855,0.42857142857142855,0.42857142857142855,0.42857142857142855,0.6666666666666666,0.3333333333333333,0.5384615384615384,0.42857142857142855,0.3333333333333333,0.5384615384615384,0.42857142857142855,0.42857142857142855,0.5384615384615384,0.3333333333333333,0.42857142857142855,0.5384615384615384,0.6666666666666666,0.42857142857142855,0.5384615384615384,0.6666666666666666,0.6666666666666666,0.42857142857142855,0.42857142857142855,0.5384615384615384,0.5384615384615384,0.3333333333333333,0.6666666666666666,0.3333333333333333,0.5384615384615384,0.25,0.3333333333333333,0.5384615384615384,0.42857142857142855,0.42857142857142855,0.5384615384615384,0.6666666666666666,0.5384615384615384,0.6666666666666666,0.25,0.5384615384615384,0.5384615384615384,0.6666666666666666,0.42857142857142855,0.42857142857142855,0.5384615384615384,0.5384615384615384,0.5384615384615384,0.5384615384615384,0.42857142857142855,0.3333333333333333
FRA,0.25,0.42857142857142855,0.42857142857142855,0.25,0.42857142857142855,0.42857142857142855,0.5384615384615384,0.5384615384615384,0.3333333333333333,0.42857142857142855,0.42857142857142855,0.42857142857142855,0.5384615384615384,0.5384615384615384,0.3333333333333333,0.42857142857142855,0.5384615384615384,0.5384615384615384,0.42857142857142855,0.5384615384615384,0.42857142857142855,0.42857142857142855,0.42857142857142855,1.0,0.42857142857142855,0.42857142857142855,0.5384615384615384,0.25,0.5384615384615384,0.42857142857142855,0.42857142857142855,0.5384615384615384,0.3333333333333333,0.6666666666666666,0.3333333333333333,0.17647058823529413,0.42857142857142855,0.25,0.3333333333333333,0.42857142857142855,0.5384615384615384,0.42857142857142855,0.5384615384615384,0.5384615384615384,0.42857142857142855,0.42857142857142855,0.5384615384615384,0.42857142857142855,0.3333333333333333,0.25,0.42857142857142855,0.5384615384615384,0.42857142857142855,0.42857142857142855,0.17647058823529413,0.5384615384615384,0.42857142857142855,0.42857142857142855,0.3333333333333333,0.25,0.3333333333333333,0.42857142857142855,0.42857142857142855,0.5384615384615384,0.6666666666666666,0.17647058823529413,0.5384615384615384,0.6666666666666666,0.5384615384615384,0.3333333333333333,0.3333333333333333,0.5384615384615384,0.42857142857142855,0.3333333333333333,0.5384615384615384,0.42857142857142855,0.25
GBR,0.25,0.42857142857142855,0.42857142857142855,0.3333333333333333,0.5384615384615384,0.42857142857142855,0.6666666666666666,0.42857142857142855,0.25,0.3333333333333333,0.5384615384615384,0.6666666666666666,0.25,0.42857142857142855,0.3333333333333333,0.42857142857142855,0.6666666666666666,0.42857142857142855,0.5384615384615384,0.3333333333333333,0.42857142857142855,0.5384615384615384,0.5384615384615384,0.42857142857142855,1.0,0.3333333333333333,0.42857142857142855,0.3333333333333333,0.42857142857142855,0.25,0.42857142857142855,0.6666666666666666,0.17647058823529413,0.5384615384615384,0.3333333333333333,0.3333333333333333,0.3333333333333333,0.3333333333333333,0.25,0.3333333333333333,0.25,0.42857142857142855,0.42857142857142855,0.5384615384615384,0.3333333333333333,0.3333333333333333,0.6666666666666666,0.42857142857142855,0.25,0.42857142857142855,0.42857142857142855,0.5384615384615384,0.25,0.42857142857142855,0.17647058823529413,0.42857142857142855,0.25,0.42857142857142855,0.42857142857142855,0.42857142857142855,0.25,0.3333333333333333,0.42857142857142855,0.42857142857142855,0.5384615384615384,0.25,0.42857142857142855,0.5384615384615384,0.42857142857142855,0.6666666666666666,0.3333333333333333,0.42857142857142855,0.3333333333333333,0.3333333333333333,0.5384615384615384,0.42857142857142855,0.42857142857142855
GEO,0.3333333333333333,0.42857142857142855,0.6666666666666666,0.5384615384615384,0.5384615384615384,0.5384615384615384,0.5384615384615384,0.8181818181818182,0.6666666666666666,0.5384615384615384,0.5384615384615384,0.5384615384615384,0.5384615384615384,0.8181818181818182,0.8181818181818182,0.5384615384615384,0.5384615384615384,0.8181818181818182,0.5384615384615384,0.8181818181818182,0.6666666666666666,0.6666666666666666,0.5384615384615384,0.42857142857142855,0.3333333333333333,1.0,0.8181818181818182,0.3333333333333333,0.6666666666666666,0.6666666666666666,0.3333333333333333,0.5384615384615384,0.5384615384615384,0.6666666666666666,0.5384615384615384,0.25,0.8181818181818182,0.25,0.6666666666666666,0.8181818181818182,0.5384615384615384,0.6666666666666666,0.42857142857142855,0.6666666666666666,0.42857142857142855,0.6666666666666666,0.5384615384615384,0.6666666666666666,0.3333333333333333,0.3333333333333333,0.5384615384615384,0.6666666666666666,0.6666666666666666,0.6666666666666666,0.5384615384615384,0.6666666666666666,0.42857142857142855,0.5384615384615384,0.6666666666666666,0.3333333333333333,0.8181818181818182,0.8181818181818182,0.6666666666666666,0.6666666666666666,0.6666666666666666,0.25,0.6666666666666666,0.6666666666666666,0.8181818181818182,0.3333333333333333,0.25,0.6666666666666666,0.5384615384615384,0.6666666666666666,0.6666666666666666,0.42857142857142855,0.25
GRC,0.3333333333333333,0.5384615384615384,0.6666666666666666,0.5384615384615384,0.5384615384615384,0.6666666666666666,0.6666666666666666,0.8181818181818182,0.5384615384615384,0.6666666666666666,0.5384615384615384,0.5384615384615384,0.6666666666666666,0.6666666666666666,0.6666666666666666,0.42857142857142855,0.6666666666666666,0.8181818181818182,0.6666666666666666,0.8181818181818182,0.5384615384615384,0.6666666666666666,0.6666666666666666,0.5384615384615384,0.42857142857142855,0.8181818181818182,1.0,0.3333333333333333,0.6666666666666666,0.6666666666666666,0.42857142857142855,0.6666666666666666,0.42857142857142855,0.6666666666666666,0.42857142857142855,0.3333333333333333,0.8181818181818182,0.25,0.5384615384615384,0.8181818181818182,0.42857142857142855,0.6666666666666666,0.5384615384615384,0.8181818181818182,0.42857142857142855,0.6666666666666666,0.5384615384615384,0.6666666666666666,0.42857142857142855,0.42857142857142855,0.5384615384615384,0.5384615384615384,0.5384615384615384,0.8181818181818182,0.42857142857142855,0.6666666666666666,0.42857142857142855,0.42857142857142855,0.6666666666666666,0.3333333333333333,0.6666666666666666,0.8181818181818182,0.8181818181818182,0.8181818181818182,0.8181818181818182,0.25,0.8181818181818182,0.6666666666666666,1.0,0.42857142857142855,0.25,0.6666666666666666,0.5384615384615384,0.6666666666666666,0.6666666666666666,0.42857142857142855,0.3333333333333333
HKG,0.3333333333333333,0.25,0.3333333333333333,0.42857142857142855,0.3333333333333333,0.5384615384615384,0.3333333333333333,0.3333333333333333,0.3333333333333333,0.3333333333333333,0.25,0.3333333333333333,0.17647058823529413,0.3333333333333333,0.3333333333333333,0.3333333333333333,0.3333333333333333,0.3333333333333333,0.25,0.25,0.3333333333333333,0.42857142857142855,0.42857142857142855,0.25,0.3333333333333333,0.3333333333333333,0.3333333333333333,1.0,0.25,0.25,0.25,0.42857142857142855,0.25,0.3333333333333333,0.3333333333333333,0.3333333333333333,0.25,0.3333333333333333,0.3333333333333333,0.25,0.3333333333333333,0.3333333333333333,0.42857142857142855,0.3333333333333333,0.25,0.3333333333333333,0.42857142857142855,0.3333333333333333,0.25,0.3333333333333333,0.3333333333333333,0.42857142857142855,0.25,0.42857142857142855,0.25,0.3333333333333333,0.25,0.3333333333333333,0.25,0.3333333333333333,0.25,0.25,0.42857142857142855,0.25,0.3333333333333333,0.17647058823529413,0.3333333333333333,0.3333333333333333,0.3333333333333333,0.25,0.42857142857142855,0.3333333333333333,0.3333333333333333,0.3333333333333333,0.3333333333333333,0.42857142857142855,0.17647058823529413
HRV,0.42857142857142855,0.5384615384615384,0.6666666666666666,0.3333333333333333,0.6666666666666666,0.5384615384615384,0.5384615384615384,0.6666666666666666,0.5384615384615384,0.6666666666666666,0.6666666666666666,0.5384615384615384,0.42857142857142855,0.8181818181818182,0.5384615384615384,0.6666666666666666,0.6666666666666666,0.6666666666666666,0.6666666666666666,0.6666666666666666,0.6666666666666666,0.6666666666666666,0.42857142857142855,0.5384615384615384,0.42857142857142855,0.6666666666666666,0.6666666666666666,0.25,1.0,0.6666666666666666,0.3333333333333333,0.6666666666666666,0.42857142857142855,0.8181818181818182,0.5384615384615384,0.3333333333333333,0.8181818181818182,0.3333333333333333,0.5384615384615384,0.8181818181818182,0.5384615384615384,0.5384615384615384,0.42857142857142855,0.6666666666666666,0.42857142857142855,0.42857142857142855,0.6666666666666666,0.5384615384615384,0.3333333333333333,0.42857142857142855,0.42857142857142855,0.6666666666666666,0.5384615384615384,0.5384615384615384,0.42857142857142855,0.6666666666666666,0.5384615384615384,0.6666666666666666,0.6666666666666666,0.3333333333333333,0.6666666666666666,0.8181818181818182,0.5384615384615384,0.8181818181818182,0.6666666666666666,0.25,0.6666666666666666,0.8181818181818182,0.6666666666666666,0.42857142857142855,0.3333333333333333,0.6666666666666666,0.5384615384615384,0.6666666666666666,0.8181818181818182,0.5384615384615384,0.3333333333333333
HUN,0.42857142857142855,0.42857142857142855,0.6666666666666666,0.42857142857142855,0.5384615384615384,0.5384615384615384,0.42857142857142855,0.6666666666666666,0.8181818181818182,0.6666666666666666,0.5384615384615384,0.42857142857142855,0.42857142857142855,0.5384615384615384,0.6666666666666666,0.42857142857142855,0.42857142857142855,0.5384615384615384,0.5384615384615384,0.6666666666666666,0.42857142857142855,0.5384615384615384,0.42857142857142855,0.42857142857142855,0.25,0.6666666666666666,0.6666666666666666,0.25,0.6666666666666666,1.0,0.3333333333333333,0.42857142857142855,0.5384615384615384,0.5384615384615384,0.42857142857142855,0.3333333333333333,0.8181818181818182,0.25,0.5384615384615384,0.8181818181818182,0.5384615384615384,0.42857142857142855,0.5384615384615384,0.5384615384615384,0.3333333333333333,0.5384615384615384,0.42857142857142855,0.5384615384615384,0.5384615384615384,0.42857142857142855,0.3333333333333333,0.42857142857142855,0.42857142857142855,0.6666666666666666,0.5384615384615384,0.6666666666666666,0.5384615384615384,0.42857142857142855,0.6666666666666666,0.25,0.6666666666666666,0.8181818181818182,0.6666666666666666,0.6666666666666666,0.5384615384615384,0.25,0.5384615384615384,0.5384615384615384,0.6666666666666666,0.25,0.25,0.5384615384615384,0.8181818181818182,0.8181818181818182,0.5384615384615384,0.3333333333333333,0.25
IDN,0.25,0.5384615384615384,0.42857142857142855,0.42857142857142855,0.42857142857142855,0.42857142857142855,0.42857142857142855,0.42857142857142855,0.3333333333333333,0.42857142857142855,0.5384615384615384,0.42857142857142855,0.5384615384615384,0.3333333333333333,0.3333333333333333,0.3333333333333333,0.5384615384615384,0.42857142857142855,0.3333333333333333,0.3333333333333333,0.25,0.3333333333333333,0.42857142857142855,0.42857142857142855,0.42857142857142855,0.3333333333333333,0.42857142857142855,0.25,0.3333333333333333,0.3333333333333333,1.0,0.42857142857142855,0.25,0.42857142857142855,0.25,0.25,0.3333333333333333,0.25,0.25,0.3333333333333333,0.25,0.3333333333333333,0.42857142857142855,0.42857142857142855,0.3333333333333333,0.42857142857142855,0.42857142857142855,0.3333333333333333,0.5384615384615384,0.25,0.5384615384615384,0.42857142857142855,0.3333333333333333,0.5384615384615384,0.3333333333333333,0.5384615384615384,0.25,0.25,0.25,0.42857142857142855,0.25,0.3333333333333333,0.5384615384615384,0.42857142857142855,0.5384615384615384,0.5384615384615384,0.3333333333333333,0.42857142857142855,0.42857142857142855,0.42857142857142855,0.3333333333333333,0.42857142857142855,0.42857142857142855,0.42857142857142855,0.3333333333333333,0.42857142857142855,0.3333333333333333
IRL,0.3333333333333333,0.5384615384615384,0.6666666666666666,0.42857142857142855,0.6666666666666666,0.6666666666666666,0.6666666666666666,0.5384615384615384,0.42857142857142855,0.5384615384615384,0.5384615384615384,0.5384615384615384,0.42857142857142855,0.6666666666666666,0.42857142857142855,0.5384615384615384,0.8181818181818182,0.6666666666666666,0.6666666666666666,0.5384615384615384,0.6666666666666666,0.8181818181818182,0.6666666666666666,0.5384615384615384,0.6666666666666666,0.5384615384615384,0.6666666666666666,0.42857142857142855,0.6666666666666666,0.42857142857142855,0.42857142857142855,1.0,0.25,0.6666666666666666,0.42857142857142855,0.42857142857142855,0.5384615384615384,0.42857142857142855,0.3333333333333333,0.5384615384615384,0.3333333333333333,0.5384615384615384,0.5384615384615384,0.8181818181818182,0.42857142857142855,0.5384615384615384,0.8181818181818182,0.5384615384615384,0.3333333333333333,0.5384615384615384,0.5384615384615384,0.6666666666666666,0.42857142857142855,0.6666666666666666,0.3333333333333333,0.5384615384615384,0.42857142857142855,0.42857142857142855,0.5384615384615384,0.5384615384615384,0.42857142857142855,0.5384615384615384,0.6666666666666666,0.6666666666666666,0.6666666666666666,0.25,0.6666666666666666,0.6666666666666666,0.6666666666666666,0.6666666666666666,0.42857142857142855,0.5384615384615384,0.42857142857142855,0.5384615384615384,0.8181818181818182,0.5384615384615384,0.42857142857142855
ISL,0.3333333333333333,0.42857142857142855,0.3333333333333333,0.3333333333333333,0.42857142857142855,0.25,0.3333333333333333,0.5384615384615384,0.5384615384615384,0.42857142857142855,0.42857142857142855,0.3333333333333333,0.3333333333333333,0.42857142857142855,0.42857142857142855,0.42857142857142855,0.25,0.42857142857142855,0.3333333333333333,0.42857142857142855,0.3333333333333333,0.3333333333333333,0.3333333333333333,0.3333333333333333,0.17647058823529413,0.5384615384615384,0.42857142857142855,0.25,0.42857142857142855,0.5384615384615384,0.25,0.25,1.0,0.42857142857142855,0.5384615384615384,0.17647058823529413,0.5384615384615384,0.17647058823529413,0.6666666666666666,0.5384615384615384,0.6666666666666666,0.3333333333333333,0.3333333333333333,0.3333333333333333,0.3333333333333333,0.5384615384615384,0.3333333333333333,0.42857142857142855,0.42857142857142855,0.17647058823529413,0.42857142857142855,0.42857142857142855,0.5384615384615384,0.3333333333333333,0.3333333333333333,0.42857142857142855,0.3333333333333333,0.5384615384615384,0.42857142857142855,0.1111111111111111,0.5384615384615384,0.5384615384615384,0.3333333333333333,0.42857142857142855,0.42857142857142855,0.25,0.3333333333333333,0.42857142857142855,0.42857142857142855,0.17647058823529413,0.17647058823529413,0.42857142857142855,0.5384615384615384,0.42857142857142855,0.3333333333333333,0.3333333333333333,0.17647058823529413
ITA,0.42857142857142855,0.5384615384615384,0.6666666666666666,0.3333333333333333,0.6666666666666666,0.5384615384615384,0.6666666666666666,0.8181818181818182,0.42857142857142855,0.5384615384615384,0.6666666666666666,0.6666666666666666,0.42857142857142855,0.8181818181818182,0.5384615384615384,0.6666666666666666,0.6666666666666666,0.6666666666666666,0.5384615384615384,0.6666666666666666,0.6666666666666666,0.6666666666666666,0.5384615384615384,0.6666666666666666,0.5384615384615384,0.6666666666666666,0.6666666666666666,0.3333333333333333,0.8181818181818182,0.5384615384615384,0.42857142857142855,0.6666666666666666,0.42857142857142855,1.0,0.5384615384615384,0.25,0.6666666666666666,0.3333333333333333,0.5384615384615384,0.6666666666666666,0.5384615384615384,0.5384615384615384,0.5384615384615384,0.6666666666666666,0.42857142857142855,0.42857142857142855,0.8181818181818182,0.6666666666666666,0.3333333333333333,0.3333333333333333,0.5384615384615384,0.8181818181818182,0.5384615384615384,0.5384615384615384,0.3333333333333333,0.8181818181818182,0.42857142857142855,0.6666666666666666,0.5384615384615384,0.3333333333333333,0.5384615384615384,0.6666666666666666,0.5384615384615384,0.6666666666666666,0.8181818181818182,0.25,0.6666666666666666,1.0,0.6666666666666666,0.42857142857142855,0.3333333333333333,0.8181818181818182,0.5384615384615384,0.5384615384615384,0.8181818181818182,0.5384615384615384,0.25
JOR,0.42857142857142855,0.42857142857142855,0.5384615384615384,0.25,0.6666666666666666,0.25,0.5384615384615384,0.5384615384615384,0.42857142857142855,0.5384615384615384,0.5384615384615384,0.3333333333333333,0.25,0.5384615384615384,0.42857142857142855,0.5384615384615384,0.3333333333333333,0.5384615384615384,0.5384615384615384,0.42857142857142855,0.5384615384615384,0.42857142857142855,0.42857142857142855,0.3333333333333333,0.3333333333333333,0.5384615384615384,0.42857142857142855,0.3333333333333333,0.5384615384615384,0.42857142857142855,0.25,0.42857142857142855,0.5384615384615384,0.5384615384615384,1.0,0.17647058823529413,0.5384615384615384,0.3333333333333333,0.6666666666666666,0.5384615384615384,0.5384615384615384,0.3333333333333333,0.25,0.5384615384615384,0.42857142857142855,0.3333333333333333,0.5384615384615384,0.5384615384615384,0.25,0.25,0.42857142857142855,0.5384615384615384,0.5384615384615384,0.3333333333333333,0.3333333333333333,0.5384615384615384,0.3333333333333333,0.6666666666666666,0.5384615384615384,0.25,0.5384615384615384,0.5384615384615384,0.3333333333333333,0.5384615384615384,0.5384615384615384,0.25,0.3333333333333333,0.5384615384615384,0.42857142857142855,0.25,0.3333333333333333,0.42857142857142855,0.42857142857142855,0.42857142857142855,0.5384615384615384,0.42857142857142855,0.17647058823529413
JPN,0.25,0.3333333333333333,0.3333333333333333,0.42857142857142855,0.3333333333333333,0.5384615384615384,0.3333333333333333,0.25,0.3333333333333333,0.3333333333333333,0.25,0.25,0.25,0.25,0.3333333333333333,0.25,0.3333333333333333,0.25,0.42857142857142855,0.25,0.25,0.42857142857142855,0.3333333333333333,0.17647058823529413,0.3333333333333333,0.25,0.3333333333333333,0.3333333333333333,0.3333333333333333,0.3333333333333333,0.25,0.42857142857142855,0.17647058823529413,0.25,0.17647058823529413,1.0,0.3333333333333333,0.3333333333333333,0.17647058823529413,0.3333333333333333,0.17647058823529413,0.3333333333333333,0.3333333333333333,0.3333333333333333,0.17647058823529413,0.3333333333333333,0.3333333333333333,0.25,0.3333333333333333,0.6666666666666666,0.25,0.25,0.17647058823529413,0.42857142857142855,0.25,0.25,0.25,0.25,0.42857142857142855,0.25,0.25,0.3333333333333333,0.42857142857142855,0.3333333333333333,0.25,0.25,0.3333333333333333,0.25,0.3333333333333333,0.3333333333333333,0.25,0.25,0.3333333333333333,0.42857142857142855,0.3333333333333333,0.25,0.42857142857142855
KAZ,0.42857142857142855,0.5384615384615384,0.6666666666666666,0.42857142857142855,0.6666666666666666,0.5384615384615384,0.5384615384615384,0.8181818181818182,0.6666666666666666,0.6666666666666666,0.6666666666666666,0.5384615384615384,0.5384615384615384,0.6666666666666666,0.6666666666666666,0.5384615384615384,0.5384615384615384,0.6666666666666666,0.6666666666666666,0.8181818181818182,0.5384615384615384,0.6666666666666666,0.5384615384615384,0.42857142857142855,0.3333333333333333,0.8181818181818182,0.8181818181818182,0.25,0.8181818181818182,0.8181818181818182,0.3333333333333333,0.5384615384615384,0.5384615384615384,0.6666666666666666,0.5384615384615384,0.3333333333333333,1.0,0.25,0.6666666666666666,1.0,0.5384615384615384,0.5384615384615384,0.42857142857142855,0.6666666666666666,0.42857142857142855,0.5384615384615384,0.5384615384615384,0.6666666666666666,0.42857142857142855,0.42857142857142855,0.42857142857142855,0.5384615384615384,0.5384615384615384,0.6666666666666666,0.5384615384615384,0.6666666666666666,0.42857142857142855,0.5384615384615384,0.8181818181818182,0.25,0.8181818181818182,1.0,0.6666666666666666,0.8181818181818182,0.6666666666666666,0.25,0.6666666666666666,0.6666666666666666,0.8181818181818182,0.3333333333333333,0.25,0.6666666666666666,0.6666666666666666,0.8181818181818182,0.6666666666666666,0.42857142857142855,0.3333333333333333
KOR,0.3333333333333333,0.3333333333333333,0.3333333333333333,0.25,0.42857142857142855,0.3333333333333333,0.3333333333333333,0.25,0.3333333333333333,0.3333333333333333,0.3333333333333333,0.25,0.1111111111111111,0.3333333333333333,0.25,0.42857142857142855,0.3333333333333333,0.3333333333333333,0.3333333333333333,0.17647058823529413,0.3333333333333333,0.3333333333333333,0.42857142857142855,0.25,0.3333333333333333,0.25,0.25,0.3333333333333333,0.3333333333333333,0.25,0.25,0.42857142857142855,0.17647058823529413,0.3333333333333333,0.3333333333333333,0.3333333333333333,0.25,1.0,0.25,0.25,0.25,0.25,0.3333333333333333,0.3333333333333333,0.3333333333333333,0.25,0.42857142857142855,0.25,0.25,0.3333333333333333,0.3333333333333333,0.42857142857142855,0.17647058823529413,0.3333333333333333,0.25,0.3333333333333333,0.3333333333333333,0.3333333333333333,0.25,0.42857142857142855,0.25,0.25,0.3333333333333333,0.3333333333333333,0.3333333333333333,0.3333333333333333,0.25,0.3333333333333333,0.25,0.25,0.5384615384615384,0.25,0.3333333333333333,0.3333333333333333,0.3333333333333333,0.42857142857142855,0.25
KSV,0.5384615384615384,0.5384615384615384,0.42857142857142855,0.3333333333333333,0.5384615384615384,0.3333333333333333,0.42857142857142855,0.6666666666666666,0.5384615384615384,0.5384615384615384,0.5384615384615384,0.42857142857142855,0.3333333333333333,0.5384615384615384,0.5384615384615384,0.5384615384615384,0.3333333333333333,0.5384615384615384,0.42857142857142855,0.5384615384615384,0.42857142857142855,0.42857142857142855,0.42857142857142855,0.3333333333333333,0.25,0.6666666666666666,0.5384615384615384,0.3333333333333333,0.5384615384615384,0.5384615384615384,0.25,0.3333333333333333,0.6666666666666666,0.5384615384615384,0.6666666666666666,0.17647058823529413,0.6666666666666666,0.25,1.0,0.6666666666666666,0.6666666666666666,0.42857142857142855,0.42857142857142855,0.42857142857142855,0.5384615384615384,0.42857142857142855,0.42857142857142855,0.6666666666666666,0.3333333333333333,0.25,0.42857142857142855,0.5384615384615384,0.5384615384615384,0.42857142857142855,0.5384615384615384,0.5384615384615384,0.3333333333333333,0.6666666666666666,0.5384615384615384,0.17647058823529413,0.6666666666666666,0.6666666666666666,0.42857142857142855,0.5384615384615384,0.5384615384615384,0.3333333333333333,0.5384615384615384,0.5384615384615384,0.5384615384615384,0.17647058823529413,0.25,0.5384615384615384,0.5384615384615384,0.5384615384615384,0.42857142857142855,0.42857142857142855,0.17647058823529413
LTU,0.42857142857142855,0.5384615384615384,0.6666666666666666,0.42857142857142855,0.6666666666666666,0.5384615384615384,0.5384615384615384,0.8181818181818182,0.6666666666666666,0.6666666666666666,0.6666666666666666,0.5384615384615384,0.5384615384615384,0.6666666666666666,0.6666666666666666,0.5384615384615384,0.5384615384615384,0.6666666666666666,0.6666666666666666,0.8181818181818182,0.5384615384615384,0.6666666666666666,0.5384615384615384,0.42857142857142855,0.3333333333333333,0.8181818181818182,0.8181818181818182,0.25,0.8181818181818182,0.8181818181818182,0.3333333333333333,0.5384615384615384,0.5384615384615384,0.6666666666666666,0.5384615384615384,0.3333333333333333,1.0,0.25,0.6666666666666666,1.0,0.5384615384615384,0.5384615384615384,0.42857142857142855,0.6666666666666666,0.42857142857142855,0.5384615384615384,0.5384615384615384,0.6666666666666666,0.42857142857142855,0.42857142857142855,0.42857142857142855,0.5384615384615384,0.5384615384615384,0.6666666666666666,0.5384615384615384,0.6666666666666666,0.42857142857142855,0.5384615384615384,0.8181818181818182,0.25,0.8181818181818182,1.0,0.6666666666666666,0.8181818181818182,0.6666666666666666,0.25,0.6666666666666666,0.6666666666666666,0.8181818181818182,0.3333333333333333,0.25,0.6666666666666666,0.6666666666666666,0.8181818181818182,0.6666666666666666,0.42857142857142855,0.3333333333333333
LUX,0.42857142857142855,0.3333333333333333,0.3333333333333333,0.25,0.42857142857142855,0.3333333333333333,0.3333333333333333,0.5384615384615384,0.5384615384615384,0.42857142857142855,0.42857142857142855,0.42857142857142855,0.3333333333333333,0.5384615384615384,0.42857142857142855,0.5384615384615384,0.3333333333333333,0.42857142857142855,0.3333333333333333,0.42857142857142855,0.42857142857142855,0.42857142857142855,0.3333333333333333,0.5384615384615384,0.25,0.5384615384615384,0.42857142857142855,0.3333333333333333,0.5384615384615384,0.5384615384615384,0.25,0.3333333333333333,0.6666666666666666,0.5384615384615384,0.5384615384615384,0.17647058823529413,0.5384615384615384,0.25,0.6666666666666666,0.5384615384615384,1.0,0.42857142857142855,0.42857142857142855,0.3333333333333333,0.3333333333333333,0.42857142857142855,0.42857142857142855,0.42857142857142855,0.3333333333333333,0.25,0.3333333333333333,0.5384615384615384,0.42857142857142855,0.3333333333333333,0.3333333333333333,0.42857142857142855,0.42857142857142855,0.6666666666666666,0.42857142857142855,0.17647058823529413,0.5384615384615384,0.5384615384615384,0.3333333333333333,0.42857142857142855,0.42857142857142855,0.17647058823529413,0.42857142857142855,0.5384615384615384,0.42857142857142855,0.17647058823529413,0.3333333333333333,0.5384615384615384,0.5384615384615384,0.42857142857142855,0.42857142857142855,0.42857142857142855,0.25
LVA,0.3333333333333333,0.3333333333333333,0.42857142857142855,0.5384615384615384,0.3333333333333333,0.5384615384615384,0.5384615384615384,0.5384615384615384,0.42857142857142855,0.42857142857142855,0.3333333333333333,0.42857142857142855,0.5384615384615384,0.6666666666666666,0.6666666666666666,0.42857142857142855,0.5384615384615384,0.6666666666666666,0.5384615384615384,0.5384615384615384,0.5384615384615384,0.5384615384615384,0.42857142857142855,0.42857142857142855,0.42857142857142855,0.6666666666666666,0.6666666666666666,0.3333333333333333,0.5384615384615384,0.42857142857142855,0.3333333333333333,0.5384615384615384,0.3333333333333333,0.5384615384615384,0.3333333333333333,0.3333333333333333,0.5384615384615384,0.25,0.42857142857142855,0.5384615384615384,0.42857142857142855,1.0,0.42857142857142855,0.5384615384615384,0.3333333333333333,0.5384615384615384,0.42857142857142855,0.42857142857142855,0.3333333333333333,0.42857142857142855,0.42857142857142855,0.5384615384615384,0.42857142857142855,0.5384615384615384,0.42857142857142855,0.42857142857142855,0.42857142857142855,0.5384615384615384,0.5384615384615384,0.42857142857142855,0.5384615384615384,0.5384615384615384,0.5384615384615384,0.5384615384615384,0.5384615384615384,0.25,0.6666666666666666,0.5384615384615384,0.6666666666666666,0.3333333333333333,0.25,0.6666666666666666,0.3333333333333333,0.42857142857142855,0.5384615384615384,0.5384615384615384,0.3333333333333333
MAC,0.42857142857142855,0.5384615384615384,0.42857142857142855,0.42857142857142855,0.42857142857142855,0.6666666666666666,0.42857142857142855,0.5384615384615384,0.5384615384615384,0.42857142857142855,0.42857142857142855,0.5384615384615384,0.3333333333333333,0.42857142857142855,0.42857142857142855,0.42857142857142855,0.5384615384615384,0.42857142857142855,0.3333333333333333,0.42857142857142855,0.3333333333333333,0.5384615384615384,0.5384615384615384,0.5384615384615384,0.42857142857142855,0.42857142857142855,0.5384615384615384,0.42857142857142855,0.42857142857142855,0.5384615384615384,0.42857142857142855,0.5384615384615384,0.3333333333333333,0.5384615384615384,0.25,0.3333333333333333,0.42857142857142855,0.3333333333333333,0.42857142857142855,0.42857142857142855,0.42857142857142855,0.42857142857142855,1.0,0.42857142857142855,0.42857142857142855,0.5384615384615384,0.5384615384615384,0.5384615384615384,0.5384615384615384,0.42857142857142855,0.42857142857142855,0.5384615384615384,0.25,0.6666666666666666,0.42857142857142855,0.5384615384615384,0.42857142857142855,0.3333333333333333,0.3333333333333333,0.3333333333333333,0.3333333333333333,0.42857142857142855,0.6666666666666666,0.42857142857142855,0.5384615384615384,0.3333333333333333,0.6666666666666666,0.5384615384615384,0.5384615384615384,0.3333333333333333,0.3333333333333333,0.5384615384615384,0.6666666666666666,0.5384615384615384,0.42857142857142855,0.42857142857142855,0.25
MAR,0.3333333333333333,0.5384615384615384,0.8181818181818182,0.42857142857142855,0.6666666666666666,0.5384615384615384,0.8181818181818182,0.6666666666666666,0.42857142857142855,0.6666666666666666,0.5384615384615384,0.42857142857142855,0.5384615384615384,0.6666666666666666,0.5384615384615384,0.42857142857142855,0.6666666666666666,0.8181818181818182,0.8181818181818182,0.6666666666666666,0.6666666666666666,0.6666666666666666,0.6666666666666666,0.5384615384615384,0.5384615384615384,0.6666666666666666,0.8181818181818182,0.3333333333333333,0.6666666666666666,0.5384615384615384,0.42857142857142855,0.8181818181818182,0.3333333333333333,0.6666666666666666,0.5384615384615384,0.3333333333333333,0.6666666666666666,0.3333333333333333,0.42857142857142855,0.6666666666666666,0.3333333333333333,0.5384615384615384,0.42857142857142855,1.0,0.42857142857142855,0.5384615384615384,0.6666666666666666,0.6666666666666666,0.3333333333333333,0.42857142857142855,0.5384615384615384,0.5384615384615384,0.5384615384615384,0.6666666666666666,0.3333333333333333,0.6666666666666666,0.42857142857142855,0.42857142857142855,0.6666666666666666,0.42857142857142855,0.5384615384615384,0.6666666666666666,0.6666666666666666,0.8181818181818182,0.8181818181818182,0.25,0.6666666666666666,0.6666666666666666,0.8181818181818182,0.5384615384615384,0.3333333333333333,0.5384615384615384,0.42857142857142855,0.5384615384615384,0.8181818181818182,0.42857142857142855,0.3333333333333333
MDA,0.25,0.6666666666666666,0.3333333333333333,0.3333333333333333,0.5384615384615384,0.3333333333333333,0.42857142857142855,0.42857142857142855,0.42857142857142855,0.42857142857142855,0.5384615384615384,0.3333333333333333,0.3333333333333333,0.42857142857142855,0.3333333333333333,0.5384615384615384,0.42857142857142855,0.5384615384615384,0.42857142857142855,0.42857142857142855,0.3333333333333333,0.3333333333333333,0.42857142857142855,0.42857142857142855,0.3333333333333333,0.42857142857142855,0.42857142857142855,0.25,0.42857142857142855,0.3333333333333333,0.3333333333333333,0.42857142857142855,0.3333333333333333,0.42857142857142855,0.42857142857142855,0.17647058823529413,0.42857142857142855,0.3333333333333333,0.5384615384615384,0.42857142857142855,0.3333333333333333,0.3333333333333333,0.42857142857142855,0.42857142857142855,1.0,0.42857142857142855,0.42857142857142855,0.42857142857142855,0.3333333333333333,0.25,0.5384615384615384,0.5384615384615384,0.42857142857142855,0.42857142857142855,0.42857142857142855,0.42857142857142855,0.3333333333333333,0.42857142857142855,0.3333333333333333,0.25,0.42857142857142855,0.42857142857142855,0.42857142857142855,0.5384615384615384,0.5384615384615384,0.42857142857142855,0.42857142857142855,0.42857142857142855,0.42857142857142855,0.25,0.3333333333333333,0.3333333333333333,0.42857142857142855,0.42857142857142855,0.3333333333333333,0.5384615384615384,0.17647058823529413
MEX,0.17647058823529413,0.5384615384615384,0.42857142857142855,0.6666666666666666,0.42857142857142855,0.5384615384615384,0.42857142857142855,0.5384615384615384,0.6666666666666666,0.42857142857142855,0.42857142857142855,0.42857142857142855,0.5384615384615384,0.5384615384615384,0.5384615384615384,0.42857142857142855,0.5384615384615384,0.6666666666666666,0.42857142857142855,0.5384615384615384,0.42857142857142855,0.5384615384615384,0.5384615384615384,0.42857142857142855,0.3333333333333333,0.6666666666666666,0.6666666666666666,0.3333333333333333,0.42857142857142855,0.5384615384615384,0.42857142857142855,0.5384615384615384,0.5384615384615384,0.42857142857142855,0.3333333333333333,0.3333333333333333,0.5384615384615384,0.25,0.42857142857142855,0.5384615384615384,0.42857142857142855,0.5384615384615384,0.5384615384615384,0.5384615384615384,0.42857142857142855,1.0,0.42857142857142855,0.42857142857142855,0.5384615384615384,0.3333333333333333,0.6666666666666666,0.5384615384615384,0.5384615384615384,0.6666666666666666,0.42857142857142855,0.42857142857142855,0.42857142857142855,0.3333333333333333,0.42857142857142855,0.3333333333333333,0.5384615384615384,0.5384615384615384,0.6666666666666666,0.5384615384615384,0.5384615384615384,0.3333333333333333,0.5384615384615384,0.42857142857142855,0.6666666666666666,0.42857142857142855,0.25,0.42857142857142855,0.5384615384615384,0.5384615384615384,0.42857142857142855,0.42857142857142855,0.3333333333333333
MLT,0.42857142857142855,0.5384615384615384,0.6666666666666666,0.3333333333333333,0.8181818181818182,0.5384615384615384,0.6666666666666666,0.6666666666666666,0.42857142857142855,0.42857142857142855,0.6666666666666666,0.6666666666666666,0.3333333333333333,0.6666666666666666,0.42857142857142855,0.6666666666666666,0.6666666666666666,0.5384615384615384,0.5384615384615384,0.5384615384615384,0.6666666666666666,0.8181818181818182,0.6666666666666666,0.5384615384615384,0.6666666666666666,0.5384615384615384,0.5384615384615384,0.42857142857142855,0.6666666666666666,0.42857142857142855,0.42857142857142855,0.8181818181818182,0.3333333333333333,0.8181818181818182,0.5384615384615384,0.3333333333333333,0.5384615384615384,0.42857142857142855,0.42857142857142855,0.5384615384615384,0.42857142857142855,0.42857142857142855,0.5384615384615384,0.6666666666666666,0.42857142857142855,0.42857142857142855,1.0,0.6666666666666666,0.3333333333333333,0.42857142857142855,0.5384615384615384,0.8181818181818182,0.42857142857142855,0.5384615384615384,0.3333333333333333,0.6666666666666666,0.3333333333333333,0.5384615384615384,0.5384615384615384,0.42857142857142855,0.42857142857142855,0.5384615384615384,0.5384615384615384,0.5384615384615384,0.6666666666666666,0.25,0.5384615384615384,0.8181818181818182,0.5384615384615384,0.5384615384615384,0.42857142857142855,0.6666666666666666,0.5384615384615384,0.5384615384615384,0.8181818181818182,0.5384615384615384,0.3333333333333333
MNE,0.5384615384615384,0.5384615384615384,0.6666666666666666,0.3333333333333333,0.6666666666666666,0.42857142857142855,0.6666666666666666,0.8181818181818182,0.42857142857142855,0.42857142857142855,0.5384615384615384,0.5384615384615384,0.42857142857142855,0.5384615384615384,0.5384615384615384,0.42857142857142855,0.42857142857142855,0.5384615384615384,0.5384615384615384,0.6666666666666666,0.5384615384615384,0.6666666666666666,0.6666666666666666,0.42857142857142855,0.42857142857142855,0.6666666666666666,0.6666666666666666,0.3333333333333333,0.5384615384615384,0.5384615384615384,0.3333333333333333,0.5384615384615384,0.42857142857142855,0.6666666666666666,0.5384615384615384,0.25,0.6666666666666666,0.25,0.6666666666666666,0.6666666666666666,0.42857142857142855,0.42857142857142855,0.5384615384615384,0.6666666666666666,0.42857142857142855,0.42857142857142855,0.6666666666666666,1.0,0.3333333333333333,0.3333333333333333,0.42857142857142855,0.5384615384615384,0.42857142857142855,0.5384615384615384,0.42857142857142855,0.6666666666666666,0.25,0.42857142857142855,0.6666666666666666,0.25,0.5384615384615384,0.6666666666666666,0.5384615384615384,0.5384615384615384,0.6666666666666666,0.25,0.6666666666666666,0.6666666666666666,0.6666666666666666,0.3333333333333333,0.25,0.6666666666666666,0.5384615384615384,0.5384615384615384,0.6666666666666666,0.3333333333333333,0.25
MYS,0.3333333333333333,0.5384615384615384,0.3333333333333333,0.42857142857142855,0.42857142857142855,0.42857142857142855,0.3333333333333333,0.42857142857142855,0.5384615384615384,0.42857142857142855,0.42857142857142855,0.3333333333333333,0.42857142857142855,0.25,0.3333333333333333,0.3333333333333333,0.3333333333333333,0.3333333333333333,0.3333333333333333,0.3333333333333333,0.17647058823529413,0.3333333333333333,0.42857142857142855,0.3333333333333333,0.25,0.3333333333333333,0.42857142857142855,0.25,0.3333333333333333,0.5384615384615384,0.5384615384615384,0.3333333333333333,0.42857142857142855,0.3333333333333333,0.25,0.3333333333333333,0.42857142857142855,0.25,0.3333333333333333,0.42857142857142855,0.3333333333333333,0.3333333333333333,0.5384615384615384,0.3333333333333333,0.3333333333333333,0.5384615384615384,0.3333333333333333,0.3333333333333333,1.0,0.3333333333333333,0.42857142857142855,0.3333333333333333,0.25,0.5384615384615384,0.42857142857142855,0.42857142857142855,0.3333333333333333,0.25,0.3333333333333333,0.25,0.3333333333333333,0.42857142857142855,0.5384615384615384,0.42857142857142855,0.42857142857142855,0.42857142857142855,0.3333333333333333,0.3333333333333333,0.42857142857142855,0.25,0.25,0.42857142857142855,0.6666666666666666,0.5384615384615384,0.25,0.42857142857142855,0.25
NLD,0.3333333333333333,0.3333333333333333,0.42857142857142855,0.42857142857142855,0.42857142857142855,0.5384615384615384,0.42857142857142855,0.3333333333333333,0.42857142857142855,0.42857142857142855,0.3333333333333333,0.3333333333333333,0.25,0.3333333333333333,0.42857142857142855,0.42857142857142855,0.42857142857142855,0.3333333333333333,0.5384615384615384,0.3333333333333333,0.42857142857142855,0.5384615384615384,0.42857142857142855,0.25,0.42857142857142855,0.3333333333333333,0.42857142857142855,0.3333333333333333,0.42857142857142855,0.42857142857142855,0.25,0.5384615384615384,0.17647058823529413,0.3333333333333333,0.25,0.6666666666666666,0.42857142857142855,0.3333333333333333,0.25,0.42857142857142855,0.25,0.42857142857142855,0.42857142857142855,0.42857142857142855,0.25,0.3333333333333333,0.42857142857142855,0.3333333333333333,0.3333333333333333,1.0,0.25,0.3333333333333333,0.17647058823529413,0.5384615384615384,0.3333333333333333,0.3333333333333333,0.42857142857142855,0.3333333333333333,0.5384615384615384,0.3333333333333333,0.3333333333333333,0.42857142857142855,0.5384615384615384,0.42857142857142855,0.3333333333333333,0.17647058823529413,0.42857142857142855,0.3333333333333333,0.42857142857142855,0.3333333333333333,0.3333333333333333,0.3333333333333333,0.42857142857142855,0.5384615384615384,0.42857142857142855,0.3333333333333333,0.5384615384615384
NOR,0.17647058823529413,0.6666666666666666,0.42857142857142855,0.5384615384615384,0.5384615384615384,0.42857142857142855,0.5384615384615384,0.5384615384615384,0.42857142857142855,0.42857142857142855,0.5384615384615384,0.42857142857142855,0.42857142857142855,0.5384615384615384,0.42857142857142855,0.5384615384615384,0.5384615384615384,0.6666666666666666,0.42857142857142855,0.42857142857142855,0.42857142857142855,0.42857142857142855,0.5384615384615384,0.42857142857142855,0.42857142857142855,0.5384615384615384,0.5384615384615384,0.3333333333333333,0.42857142857142855,0.3333333333333333,0.5384615384615384,0.5384615384615384,0.42857142857142855,0.5384615384615384,0.42857142857142855,0.25,0.42857142857142855,0.3333333333333333,0.42857142857142855,0.42857142857142855,0.3333333333333333,0.42857142857142855,0.42857142857142855,0.5384615384615384,0.5384615384615384,0.6666666666666666,0.5384615384615384,0.42857142857142855,0.42857142857142855,0.25,1.0,0.6666666666666666,0.5384615384615384,0.5384615384615384,0.3333333333333333,0.5384615384615384,0.3333333333333333,0.42857142857142855,0.3333333333333333,0.3333333333333333,0.42857142857142855,0.42857142857142855,0.5384615384615384,0.5384615384615384,0.6666666666666666,0.42857142857142855,0.42857142857142855,0.5384615384615384,0.5384615384615384,0.5384615384615384,0.3333333333333333,0.42857142857142855,0.42857142857142855,0.42857142857142855,0.42857142857142855,0.5384615384615384,0.25
NZL,0.3333333333333333,0.5384615384615384,0.5384615384615384,0.42857142857142855,0.6666666666666666,0.5384615384615384,0.5384615384615384,0.6666666666666666,0.5384615384615384,0.42857142857142855,0.6666666666666666,0.6666666666666666,0.3333333333333333,0.8181818181818182,0.5384615384615384,0.8181818181818182,0.6666666666666666,0.6666666666666666,0.42857142857142855,0.5384615384615384,0.6666666666666666,0.6666666666666666,0.5384615384615384,0.5384615384615384,0.5384615384615384,0.6666666666666666,0.5384615384615384,0.42857142857142855,0.6666666666666666,0.42857142857142855,0.42857142857142855,0.6666666666666666,0.42857142857142855,0.8181818181818182,0.5384615384615384,0.25,0.5384615384615384,0.42857142857142855,0.5384615384615384,0.5384615384615384,0.5384615384615384,0.5384615384615384,0.5384615384615384,0.5384615384615384,0.5384615384615384,0.5384615384615384,0.8181818181818182,0.5384615384615384,0.3333333333333333,0.3333333333333333,0.6666666666666666,1.0,0.5384615384615384,0.5384615384615384,0.42857142857142855,0.6666666666666666,0.42857142857142855,0.6666666666666666,0.42857142857142855,0.42857142857142855,0.5384615384615384,0.5384615384615384,0.5384615384615384,0.5384615384615384,0.6666666666666666,0.3333333333333333,0.5384615384615384,0.8181818181818182,0.5384615384615384,0.42857142857142855,0.42857142857142855,0.6666666666666666,0.5384615384615384,0.5384615384615384,0.6666666666666666,0.6666666666666666,0.25
PAN,0.25,0.42857142857142855,0.5384615384615384,0.42857142857142855,0.42857142857142855,0.3333333333333333,0.42857142857142855,0.5384615384615384,0.42857142857142855,0.5384615384615384,0.42857142857142855,0.3333333333333333,0.5384615384615384,0.6666666666666666,0.5384615384615384,0.42857142857142855,0.42857142857142855,0.6666666666666666,0.42857142857142855,0.6666666666666666,0.5384615384615384,0.42857142857142855,0.3333333333333333,0.42857142857142855,0.25,0.6666666666666666,0.5384615384615384,0.25,0.5384615384615384,0.42857142857142855,0.3333333333333333,0.42857142857142855,0.5384615384615384,0.5384615384615384,0.5384615384615384,0.17647058823529413,0.5384615384615384,0.17647058823529413,0.5384615384615384,0.5384615384615384,0.42857142857142855,0.42857142857142855,0.25,0.5384615384615384,0.42857142857142855,0.5384615384615384,0.42857142857142855,0.42857142857142855,0.25,0.17647058823529413,0.5384615384615384,0.5384615384615384,1.0,0.42857142857142855,0.3333333333333333,0.5384615384615384,0.3333333333333333,0.5384615384615384,0.42857142857142855,0.25,0.5384615384615384,0.5384615384615384,0.42857142857142855,0.5384615384615384,0.5384615384615384,0.25,0.42857142857142855,0.5384615384615384,0.5384615384615384,0.3333333333333333,0.17647058823529413,0.42857142857142855,0.3333333333333333,0.42857142857142855,0.5384615384615384,0.3333333333333333,0.17647058823529413
PER,0.3333333333333333,0.5384615384615384,0.6666666666666666,0.6666666666666666,0.5384615384615384,0.8181818181818182,0.5384615384615384,0.6666666666666666,0.6666666666666666,0.6666666666666666,0.5384615384615384,0.5384615384615384,0.5384615384615384,0.5384615384615384,0.6666666666666666,0.42857142857142855,0.6666666666666666,0.6666666666666666,0.5384615384615384,0.6666666666666666,0.42857142857142855,0.6666666666666666,0.6666666666666666,0.42857142857142855,0.42857142857142855,0.6666666666666666,0.8181818181818182,0.42857142857142855,0.5384615384615384,0.6666666666666666,0.5384615384615384,0.6666666666666666,0.3333333333333333,0.5384615384615384,0.3333333333333333,0.42857142857142855,0.6666666666666666,0.3333333333333333,0.42857142857142855,0.6666666666666666,0.3333333333333333,0.5384615384615384,0.6666666666666666,0.6666666666666666,0.42857142857142855,0.6666666666666666,0.5384615384615384,0.5384615384615384,0.5384615384615384,0.5384615384615384,0.5384615384615384,0.5384615384615384,0.42857142857142855,1.0,0.5384615384615384,0.6666666666666666,0.42857142857142855,0.3333333333333333,0.5384615384615384,0.42857142857142855,0.5384615384615384,0.6666666666666666,1.0,0.6666666666666666,0.6666666666666666,0.3333333333333333,0.6666666666666666,0.5384615384615384,0.8181818181818182,0.42857142857142855,0.3333333333333333,0.5384615384615384,0.6666666666666666,0.8181818181818182,0.5384615384615384,0.42857142857142855,0.3333333333333333
PHL,0.42857142857142855,0.42857142857142855,0.42857142857142855,0.42857142857142855,0.42857142857142855,0.42857142857142855,0.25,0.42857142857142855,0.6666666666666666,0.42857142857142855,0.42857142857142855,0.3333333333333333,0.3333333333333333,0.42857142857142855,0.5384615384615384,0.42857142857142855,0.3333333333333333,0.42857142857142855,0.3333333333333333,0.42857142857142855,0.3333333333333333,0.42857142857142855,0.3333333333333333,0.17647058823529413,0.17647058823529413,0.5384615384615384,0.42857142857142855,0.25,0.42857142857142855,0.5384615384615384,0.3333333333333333,0.3333333333333333,0.3333333333333333,0.3333333333333333,0.3333333333333333,0.25,0.5384615384615384,0.25,0.5384615384615384,0.5384615384615384,0.3333333333333333,0.42857142857142855,0.42857142857142855,0.3333333333333333,0.42857142857142855,0.42857142857142855,0.3333333333333333,0.42857142857142855,0.42857142857142855,0.3333333333333333,0.3333333333333333,0.42857142857142855,0.3333333333333333,0.5384615384615384,1.0,0.42857142857142855,0.3333333333333333,0.3333333333333333,0.42857142857142855,0.3333333333333333,0.5384615384615384,0.5384615384615384,0.5384615384615384,0.42857142857142855,0.3333333333333333,0.42857142857142855,0.42857142857142855,0.3333333333333333,0.42857142857142855,0.17647058823529413,0.25,0.42857142857142855,0.5384615384615384,0.6666666666666666,0.3333333333333333,0.42857142857142855,0.17647058823529413
POL,0.42857142857142855,0.5384615384615384,0.8181818181818182,0.42857142857142855,0.6666666666666666,0.5384615384615384,0.6666666666666666,0.8181818181818182,0.5384615384615384,0.6666666666666666,0.6666666666666666,0.5384615384615384,0.42857142857142855,0.6666666666666666,0.6666666666666666,0.5384615384615384,0.5384615384615384,0.6666666666666666,0.5384615384615384,0.6666666666666666,0.5384615384615384,0.5384615384615384,0.5384615384615384,0.5384615384615384,0.42857142857142855,0.6666666666666666,0.6666666666666666,0.3333333333333333,0.6666666666666666,0.6666666666666666,0.5384615384615384,0.5384615384615384,0.42857142857142855,0.8181818181818182,0.5384615384615384,0.25,0.6666666666666666,0.3333333333333333,0.5384615384615384,0.6666666666666666,0.42857142857142855,0.42857142857142855,0.5384615384615384,0.6666666666666666,0.42857142857142855,0.42857142857142855,0.6666666666666666,0.6666666666666666,0.42857142857142855,0.3333333333333333,0.5384615384615384,0.6666666666666666,0.5384615384615384,0.6666666666666666,0.42857142857142855,1.0,0.42857142857142855,0.5384615384615384,0.5384615384615384,0.3333333333333333,0.5384615384615384,0.6666666666666666,0.6666666666666666,0.6666666666666666,0.8181818181818182,0.3333333333333333,0.5384615384615384,0.8181818181818182,0.6666666666666666,0.3333333333333333,0.3333333333333333,0.6666666666666666,0.6666666666666666,0.6666666666666666,0.6666666666666666,0.42857142857142855,0.17647058823529413
PRT,0.25,0.3333333333333333,0.42857142857142855,0.3333333333333333,0.3333333333333333,0.42857142857142855,0.3333333333333333,0.3333333333333333,0.5384615384615384,0.5384615384615384,0.3333333333333333,0.25,0.25,0.5384615384615384,0.42857142857142855,0.5384615384615384,0.42857142857142855,0.5384615384615384,0.42857142857142855,0.3333333333333333,0.5384615384615384,0.3333333333333333,0.25,0.42857142857142855,0.25,0.42857142857142855,0.42857142857142855,0.25,0.5384615384615384,0.5384615384615384,0.25,0.42857142857142855,0.3333333333333333,0.42857142857142855,0.3333333333333333,0.25,0.42857142857142855,0.3333333333333333,0.3333333333333333,0.42857142857142855,0.42857142857142855,0.42857142857142855,0.42857142857142855,0.42857142857142855,0.3333333333333333,0.42857142857142855,0.3333333333333333,0.25,0.3333333333333333,0.42857142857142855,0.3333333333333333,0.42857142857142855,0.3333333333333333,0.42857142857142855,0.3333333333333333,0.42857142857142855,1.0,0.42857142857142855,0.3333333333333333,0.3333333333333333,0.42857142857142855,0.42857142857142855,0.42857142857142855,0.5384615384615384,0.42857142857142855,0.25,0.42857142857142855,0.42857142857142855,0.42857142857142855,0.25,0.3333333333333333,0.3333333333333333,0.42857142857142855,0.42857142857142855,0.42857142857142855,0.42857142857142855,0.25
QAT,0.42857142857142855,0.42857142857142855,0.42857142857142855,0.3333333333333333,0.5384615384615384,0.3333333333333333,0.5384615384615384,0.5384615384615384,0.42857142857142855,0.5384615384615384,0.5384615384615384,0.42857142857142855,0.25,0.6666666666666666,0.5384615384615384,0.6666666666666666,0.42857142857142855,0.5384615384615384,0.5384615384615384,0.42857142857142855,0.5384615384615384,0.42857142857142855,0.3333333333333333,0.42857142857142855,0.42857142857142855,0.5384615384615384,0.42857142857142855,0.3333333333333333,0.6666666666666666,0.42857142857142855,0.25,0.42857142857142855,0.5384615384615384,0.6666666666666666,0.6666666666666666,0.25,0.5384615384615384,0.3333333333333333,0.6666666666666666,0.5384615384615384,0.6666666666666666,0.5384615384615384,0.3333333333333333,0.42857142857142855,0.42857142857142855,0.3333333333333333,0.5384615384615384,0.42857142857142855,0.25,0.3333333333333333,0.42857142857142855,0.6666666666666666,0.5384615384615384,0.3333333333333333,0.3333333333333333,0.5384615384615384,0.42857142857142855,1.0,0.5384615384615384,0.25,0.5384615384615384,0.5384615384615384,0.3333333333333333,0.5384615384615384,0.5384615384615384,0.25,0.42857142857142855,0.6666666666666666,0.42857142857142855,0.25,0.3333333333333333,0.5384615384615384,0.42857142857142855,0.42857142857142855,0.5384615384615384,0.5384615384615384,0.25
QAZ,0.42857142857142855,0.42857142857142855,0.6666666666666666,0.42857142857142855,0.6666666666666666,0.42857142857142855,0.6666666666666666,0.6666666666666666,0.5384615384615384,0.5384615384615384,0.5384615384615384,0.42857142857142855,0.42857142857142855,0.5384615384615384,0.6666666666666666,0.42857142857142855,0.42857142857142855,0.5384615384615384,0.8181818181818182,0.6666666666666666,0.5384615384615384,0.6666666666666666,0.5384615384615384,0.3333333333333333,0.42857142857142855,0.6666666666666666,0.6666666666666666,0.25,0.6666666666666666,0.6666666666666666,0.25,0.5384615384615384,0.42857142857142855,0.5384615384615384,0.5384615384615384,0.42857142857142855,0.8181818181818182,0.25,0.5384615384615384,0.8181818181818182,0.42857142857142855,0.5384615384615384,0.3333333333333333,0.6666666666666666,0.3333333333333333,0.42857142857142855,0.5384615384615384,0.6666666666666666,0.3333333333333333,0.5384615384615384,0.3333333333333333,0.42857142857142855,0.42857142857142855,0.5384615384615384,0.42857142857142855,0.5384615384615384,0.3333333333333333,0.5384615384615384,1.0,0.25,0.6666666666666666,0.8181818181818182,0.5384615384615384,0.6666666666666666,0.5384615384615384,0.17647058823529413,0.5384615384615384,0.5384615384615384,0.6666666666666666,0.3333333333333333,0.25,0.5384615384615384,0.5384615384615384,0.6666666666666666,0.6666666666666666,0.3333333333333333,0.42857142857142855
QCI,0.3333333333333333,0.25,0.42857142857142855,0.3333333333333333,0.3333333333333333,0.42857142857142855,0.3333333333333333,0.25,0.3333333333333333,0.3333333333333333,0.3333333333333333,0.3333333333333333,0.25,0.42857142857142855,0.3333333333333333,0.3333333333333333,0.5384615384615384,0.42857142857142855,0.3333333333333333,0.25,0.42857142857142855,0.42857142857142855,0.42857142857142855,0.25,0.42857142857142855,0.3333333333333333,0.3333333333333333,0.3333333333333333,0.3333333333333333,0.25,0.42857142857142855,0.5384615384615384,0.1111111111111111,0.3333333333333333,0.25,0.25,0.25,0.42857142857142855,0.17647058823529413,0.25,0.17647058823529413,0.42857142857142855,0.3333333333333333,0.42857142857142855,0.25,0.3333333333333333,0.42857142857142855,0.25,0.25,0.3333333333333333,0.3333333333333333,0.42857142857142855,0.25,0.42857142857142855,0.3333333333333333,0.3333333333333333,0.3333333333333333,0.25,0.25,1.0,0.25,0.25,0.42857142857142855,0.3333333333333333,0.3333333333333333,0.3333333333333333,0.3333333333333333,0.3333333333333333,0.3333333333333333,0.42857142857142855,0.42857142857142855,0.3333333333333333,0.25,0.3333333333333333,0.42857142857142855,0.42857142857142855,0.25
QMR,0.3333333333333333,0.42857142857142855,0.5384615384615384,0.42857142857142855,0.5384615384615384,0.42857142857142855,0.42857142857142855,0.6666666666666666,0.6666666666666666,0.5384615384615384,0.5384615384615384,0.42857142857142855,0.42857142857142855,0.6666666666666666,0.6666666666666666,0.5384615384615384,0.42857142857142855,0.6666666666666666,0.5384615384615384,0.6666666666666666,0.5384615384615384,0.5384615384615384,0.42857142857142855,0.3333333333333333,0.25,0.8181818181818182,0.6666666666666666,0.25,0.6666666666666666,0.6666666666666666,0.25,0.42857142857142855,0.5384615384615384,0.5384615384615384,0.5384615384615384,0.25,0.8181818181818182,0.25,0.6666666666666666,0.8181818181818182,0.5384615384615384,0.5384615384615384,0.3333333333333333,0.5384615384615384,0.42857142857142855,0.5384615384615384,0.42857142857142855,0.5384615384615384,0.3333333333333333,0.3333333333333333,0.42857142857142855,0.5384615384615384,0.5384615384615384,0.5384615384615384,0.5384615384615384,0.5384615384615384,0.42857142857142855,0.5384615384615384,0.6666666666666666,0.25,1.0,0.8181818181818182,0.5384615384615384,0.6666666666666666,0.5384615384615384,0.25,0.5384615384615384,0.5384615384615384,0.6666666666666666,0.25,0.25,0.5384615384615384,0.5384615384615384,0.6666666666666666,0.5384615384615384,0.42857142857142855,0.25
QRT,0.42857142857142855,0.5384615384615384,0.6666666666666666,0.42857142857142855,0.6666666666666666,0.5384615384615384,0.5384615384615384,0.8181818181818182,0.6666666666666666,0.6666666666666666,0.6666666666666666,0.5384615384615384,0.5384615384615384,0.6666666666666666,0.6666666666666666,0.5384615384615384,0.5384615384615384,0.6666666666666666,0.6666666666666666,0.8181818181818182,0.5384615384615384,0.6666666666666666,0.5384615384615384,0.42857142857142855,0.3333333333333333,0.8181818181818182,0.8181818181818182,0.25,0.8181818181818182,0.8181818181818182,0.3333333333333333,0.5384615384615384,0.5384615384615384,0.6666666666666666,0.5384615384615384,0.3333333333333333,1.0,0.25,0.6666666666666666,1.0,0.5384615384615384,0.5384615384615384,0.42857142857142855,0.6666666666666666,0.42857142857142855,0.5384615384615384,0.5384615384615384,0.6666666666666666,0.42857142857142855,0.42857142857142855,0.42857142857142855,0.5384615384615384,0.5384615384615384,0.6666666666666666,0.5384615384615384,0.6666666666666666,0.42857142857142855,0.5384615384615384,0.8181818181818182,0.25,0.8181818181818182,1.0,0.6666666666666666,0.8181818181818182,0.6666666666666666,0.25,0.6666666666666666,0.6666666666666666,0.8181818181818182,0.3333333333333333,0.25,0.6666666666666666,0.6666666666666666,0.8181818181818182,0.6666666666666666,0.42857142857142855,0.3333333333333333
ROU,0.3333333333333333,0.5384615384615384,0.6666666666666666,0.6666666666666666,0.5384615384615384,0.8181818181818182,0.5384615384615384,0.6666666666666666,0.6666666666666666,0.6666666666666666,0.5384615384615384,0.5384615384615384,0.5384615384615384,0.5384615384615384,0.6666666666666666,0.42857142857142855,0.6666666666666666,0.6666666666666666,0.5384615384615384,0.6666666666666666,0.42857142857142855,0.6666666666666666,0.6666666666666666,0.42857142857142855,0.42857142857142855,0.6666666666666666,0.8181818181818182,0.42857142857142855,0.5384615384615384,0.6666666666666666,0.5384615384615384,0.6666666666666666,0.3333333333333333,0.5384615384615384,0.3333333333333333,0.42857142857142855,0.6666666666666666,0.3333333333333333,0.42857142857142855,0.6666666666666666,0.3333333333333333,0.5384615384615384,0.6666666666666666,0.6666666666666666,0.42857142857142855,0.6666666666666666,0.5384615384615384,0.5384615384615384,0.5384615384615384,0.5384615384615384,0.5384615384615384,0.5384615384615384,0.42857142857142855,1.0,0.5384615384615384,0.6666666666666666,0.42857142857142855,0.3333333333333333,0.5384615384615384,0.42857142857142855,0.5384615384615384,0.6666666666666666,1.0,0.6666666666666666,0.6666666666666666,0.3333333333333333,0.6666666666666666,0.5384615384615384,0.8181818181818182,0.42857142857142855,0.3333333333333333,0.5384615384615384,0.6666666666666666,0.8181818181818182,0.5384615384615384,0.42857142857142855,0.3333333333333333
RUS,0.3333333333333333,0.6666666666666666,0.6666666666666666,0.42857142857142855,0.6666666666666666,0.5384615384615384,0.6666666666666666,0.6666666666666666,0.5384615384615384,0.8181818181818182,0.6666666666666666,0.42857142857142855,0.5384615384615384,0.6666666666666666,0.5384615384615384,0.5384615384615384,0.6666666666666666,0.8181818181818182,0.8181818181818182,0.6666666666666666,0.5384615384615384,0.5384615384615384,0.5384615384615384,0.5384615384615384,0.42857142857142855,0.6666666666666666,0.8181818181818182,0.25,0.8181818181818182,0.6666666666666666,0.42857142857142855,0.6666666666666666,0.42857142857142855,0.6666666666666666,0.5384615384615384,0.3333333333333333,0.8181818181818182,0.3333333333333333,0.5384615384615384,0.8181818181818182,0.42857142857142855,0.5384615384615384,0.42857142857142855,0.8181818181818182,0.5384615384615384,0.5384615384615384,0.5384615384615384,0.5384615384615384,0.42857142857142855,0.42857142857142855,0.5384615384615384,0.5384615384615384,0.5384615384615384,0.6666666666666666,0.42857142857142855,0.6666666666666666,0.5384615384615384,0.5384615384615384,0.6666666666666666,0.3333333333333333,0.6666666666666666,0.8181818181818182,0.6666666666666666,1.0,0.8181818181818182,0.3333333333333333,0.6666666666666666,0.6666666666666666,0.8181818181818182,0.42857142857142855,0.3333333333333333,0.5384615384615384,0.5384615384615384,0.6666666666666666,0.6666666666666666,0.5384615384615384,0.3333333333333333
SAU,0.3333333333333333,0.6666666666666666,0.6666666666666666,0.42857142857142855,0.6666666666666666,0.5384615384615384,0.8181818181818182,0.8181818181818182,0.42857142857142855,0.6666666666666666,0.6666666666666666,0.5384615384615384,0.5384615384615384,0.6666666666666666,0.5384615384615384,0.5384615384615384,0.6666666666666666,0.8181818181818182,0.6666666666666666,0.6666666666666666,0.5384615384615384,0.5384615384615384,0.6666666666666666,0.6666666666666666,0.5384615384615384,0.6666666666666666,0.8181818181818182,0.3333333333333333,0.6666666666666666,0.5384615384615384,0.5384615384615384,0.6666666666666666,0.42857142857142855,0.8181818181818182,0.5384615384615384,0.25,0.6666666666666666,0.3333333333333333,0.5384615384615384,0.6666666666666666,0.42857142857142855,0.5384615384615384,0.5384615384615384,0.8181818181818182,0.5384615384615384,0.5384615384615384,0.6666666666666666,0.6666666666666666,0.42857142857142855,0.3333333333333333,0.6666666666666666,0.6666666666666666,0.5384615384615384,0.6666666666666666,0.3333333333333333,0.8181818181818182,0.42857142857142855,0.5384615384615384,0.5384615384615384,0.3333333333333333,0.5384615384615384,0.6666666666666666,0.6666666666666666,0.8181818181818182,1.0,0.3333333333333333,0.6666666666666666,0.8181818181818182,0.8181818181818182,0.42857142857142855,0.3333333333333333,0.6666666666666666,0.5384615384615384,0.5384615384615384,0.6666666666666666,0.5384615384615384,0.25
SGP,0.25,0.5384615384615384,0.25,0.3333333333333333,0.3333333333333333,0.25,0.25,0.25,0.3333333333333333,0.3333333333333333,0.42857142857142855,0.25,0.25,0.25,0.25,0.3333333333333333,0.3333333333333333,0.3333333333333333,0.25,0.17647058823529413,0.17647058823529413,0.17647058823529413,0.25,0.17647058823529413,0.25,0.25,0.25,0.17647058823529413,0.25,0.25,0.5384615384615384,0.25,0.25,0.25,0.25,0.25,0.25,0.3333333333333333,0.3333333333333333,0.25,0.17647058823529413,0.25,0.3333333333333333,0.25,0.42857142857142855,0.3333333333333333,0.25,0.25,0.42857142857142855,0.17647058823529413,0.42857142857142855,0.3333333333333333,0.25,0.3333333333333333,0.42857142857142855,0.3333333333333333,0.25,0.25,0.17647058823529413,0.3333333333333333,0.25,0.25,0.3333333333333333,0.3333333333333333,0.3333333333333333,1.0,0.25,0.25,0.25,0.25,0.25,0.25,0.3333333333333333,0.3333333333333333,0.17647058823529413,0.42857142857142855,0.17647058823529413
SRB,0.42857142857142855,0.5384615384615384,0.5384615384615384,0.42857142857142855,0.42857142857142855,0.6666666666666666,0.5384615384615384,0.6666666666666666,0.42857142857142855,0.5384615384615384,0.42857142857142855,0.5384615384615384,0.5384615384615384,0.6666666666666666,0.5384615384615384,0.42857142857142855,0.6666666666666666,0.6666666666666666,0.5384615384615384,0.6666666666666666,0.5384615384615384,0.6666666666666666,0.5384615384615384,0.5384615384615384,0.42857142857142855,0.6666666666666666,0.8181818181818182,0.3333333333333333,0.6666666666666666,0.5384615384615384,0.3333333333333333,0.6666666666666666,0.3333333333333333,0.6666666666666666,0.3333333333333333,0.3333333333333333,0.6666666666666666,0.25,0.5384615384615384,0.6666666666666666,0.42857142857142855,0.6666666666666666,0.6666666666666666,0.6666666666666666,0.42857142857142855,0.5384615384615384,0.5384615384615384,0.6666666666666666,0.3333333333333333,0.42857142857142855,0.42857142857142855,0.5384615384615384,0.42857142857142855,0.6666666666666666,0.42857142857142855,0.5384615384615384,0.42857142857142855,0.42857142857142855,0.5384615384615384,0.3333333333333333,0.5384615384615384,0.6666666666666666,0.6666666666666666,0.6666666666666666,0.6666666666666666,0.25,1.0,0.6666666666666666,0.8181818181818182,0.42857142857142855,0.25,0.6666666666666666,0.42857142857142855,0.5384615384615384,0.6666666666666666,0.42857142857142855,0.3333333333333333
SVK,0.42857142857142855,0.5384615384615384,0.6666666666666666,0.3333333333333333,0.6666666666666666,0.5384615384615384,0.6666666666666666,0.8181818181818182,0.42857142857142855,0.5384615384615384,0.6666666666666666,0.6666666666666666,0.42857142857142855,0.8181818181818182,0.5384615384615384,0.6666666666666666,0.6666666666666666,0.6666666666666666,0.5384615384615384,0.6666666666666666,0.6666666666666666,0.6666666666666666,0.5384615384615384,0.6666666666666666,0.5384615384615384,0.6666666666666666,0.6666666666666666,0.3333333333333333,0.8181818181818182,0.5384615384615384,0.42857142857142855,0.6666666666666666,0.42857142857142855,1.0,0.5384615384615384,0.25,0.6666666666666666,0.3333333333333333,0.5384615384615384,0.6666666666666666,0.5384615384615384,0.5384615384615384,0.5384615384615384,0.6666666666666666,0.42857142857142855,0.42857142857142855,0.8181818181818182,0.6666666666666666,0.3333333333333333,0.3333333333333333,0.5384615384615384,0.8181818181818182,0.5384615384615384,0.5384615384615384,0.3333333333333333,0.8181818181818182,0.42857142857142855,0.6666666666666666,0.5384615384615384,0.3333333333333333,0.5384615384615384,0.6666666666666666,0.5384615384615384,0.6666666666666666,0.8181818181818182,0.25,0.6666666666666666,1.0,0.6666666666666666,0.42857142857142855,0.3333333333333333,0.8181818181818182,0.5384615384615384,0.5384615384615384,0.8181818181818182,0.5384615384615384,0.25
SVN,0.3333333333333333,0.5384615384615384,0.6666666666666666,0.5384615384615384,0.5384615384615384,0.6666666666666666,0.6666666666666666,0.8181818181818182,0.5384615384615384,0.6666666666666666,0.5384615384615384,0.5384615384615384,0.6666666666666666,0.6666666666666666,0.6666666666666666,0.42857142857142855,0.6666666666666666,0.8181818181818182,0.6666666666666666,0.8181818181818182,0.5384615384615384,0.6666666666666666,0.6666666666666666,0.5384615384615384,0.42857142857142855,0.8181818181818182,1.0,0.3333333333333333,0.6666666666666666,0.6666666666666666,0.42857142857142855,0.6666666666666666,0.42857142857142855,0.6666666666666666,0.42857142857142855,0.3333333333333333,0.8181818181818182,0.25,0.5384615384615384,0.8181818181818182,0.42857142857142855,0.6666666666666666,0.5384615384615384,0.8181818181818182,0.42857142857142855,0.6666666666666666,0.5384615384615384,0.6666666666666666,0.42857142857142855,0.42857142857142855,0.5384615384615384,0.5384615384615384,0.5384615384615384,0.8181818181818182,0.42857142857142855,0.6666666666666666,0.42857142857142855,0.42857142857142855,0.6666666666666666,0.3333333333333333,0.6666666666666666,0.8181818181818182,0.8181818181818182,0.8181818181818182,0.8181818181818182,0.25,0.8181818181818182,0.6666666666666666,1.0,0.42857142857142855,0.25,0.6666666666666666,0.5384615384615384,0.6666666666666666,0.6666666666666666,0.42857142857142855,0.3333333333333333
SWE,0.17647058823529413,0.42857142857142855,0.42857142857142855,0.3333333333333333,0.42857142857142855,0.42857142857142855,0.42857142857142855,0.3333333333333333,0.25,0.3333333333333333,0.42857142857142855,0.5384615384615384,0.3333333333333333,0.42857142857142855,0.25,0.3333333333333333,0.6666666666666666,0.42857142857142855,0.42857142857142855,0.3333333333333333,0.42857142857142855,0.5384615384615384,0.42857142857142855,0.3333333333333333,0.6666666666666666,0.3333333333333333,0.42857142857142855,0.25,0.42857142857142855,0.25,0.42857142857142855,0.6666666666666666,0.17647058823529413,0.42857142857142855,0.25,0.3333333333333333,0.3333333333333333,0.25,0.17647058823529413,0.3333333333333333,0.17647058823529413,0.3333333333333333,0.3333333333333333,0.5384615384615384,0.25,0.42857142857142855,0.5384615384615384,0.3333333333333333,0.25,0.3333333333333333,0.5384615384615384,0.42857142857142855,0.3333333333333333,0.42857142857142855,0.17647058823529413,0.3333333333333333,0.25,0.25,0.3333333333333333,0.42857142857142855,0.25,0.3333333333333333,0.42857142857142855,0.42857142857142855,0.42857142857142855,0.25,0.42857142857142855,0.42857142857142855,0.42857142857142855,1.0,0.25,0.3333333333333333,0.25,0.3333333333333333,0.5384615384615384,0.3333333333333333,0.42857142857142855
TAP,0.3333333333333333,0.3333333333333333,0.3333333333333333,0.25,0.42857142857142855,0.3333333333333333,0.3333333333333333,0.25,0.3333333333333333,0.3333333333333333,0.3333333333333333,0.25,0.17647058823529413,0.3333333333333333,0.25,0.42857142857142855,0.3333333333333333,0.3333333333333333,0.3333333333333333,0.17647058823529413,0.3333333333333333,0.3333333333333333,0.42857142857142855,0.3333333333333333,0.3333333333333333,0.25,0.25,0.42857142857142855,0.3333333333333333,0.25,0.3333333333333333,0.42857142857142855,0.17647058823529413,0.3333333333333333,0.3333333333333333,0.25,0.25,0.5384615384615384,0.25,0.25,0.3333333333333333,0.25,0.3333333333333333,0.3333333333333333,0.3333333333333333,0.25,0.42857142857142855,0.25,0.25,0.3333333333333333,0.3333333333333333,0.42857142857142855,0.17647058823529413,0.3333333333333333,0.25,0.3333333333333333,0.3333333333333333,0.3333333333333333,0.25,0.42857142857142855,0.25,0.25,0.3333333333333333,0.3333333333333333,0.3333333333333333,0.25,0.25,0.3333333333333333,0.25,0.25,1.0,0.25,0.3333333333333333,0.3333333333333333,0.3333333333333333,0.42857142857142855,0.25
THA,0.5384615384615384,0.42857142857142855,0.5384615384615384,0.3333333333333333,0.5384615384615384,0.5384615384615384,0.5384615384615384,0.8181818181818182,0.42857142857142855,0.42857142857142855,0.5384615384615384,0.6666666666666666,0.5384615384615384,0.6666666666666666,0.5384615384615384,0.5384615384615384,0.5384615384615384,0.5384615384615384,0.42857142857142855,0.6666666666666666,0.5384615384615384,0.6666666666666666,0.5384615384615384,0.5384615384615384,0.42857142857142855,0.6666666666666666,0.6666666666666666,0.3333333333333333,0.6666666666666666,0.5384615384615384,0.42857142857142855,0.5384615384615384,0.42857142857142855,0.8181818181818182,0.42857142857142855,0.25,0.6666666666666666,0.25,0.5384615384615384,0.6666666666666666,0.5384615384615384,0.6666666666666666,0.5384615384615384,0.5384615384615384,0.3333333333333333,0.42857142857142855,0.6666666666666666,0.6666666666666666,0.42857142857142855,0.3333333333333333,0.42857142857142855,0.6666666666666666,0.42857142857142855,0.5384615384615384,0.42857142857142855,0.6666666666666666,0.3333333333333333,0.5384615384615384,0.5384615384615384,0.3333333333333333,0.5384615384615384,0.6666666666666666,0.5384615384615384,0.5384615384615384,0.6666666666666666,0.25,0.6666666666666666,0.8181818181818182,0.6666666666666666,0.3333333333333333,0.25,1.0,0.5384615384615384,0.5384615384615384,0.6666666666666666,0.5384615384615384,0.25
TUR,0.42857142857142855,0.5384615384615384,0.5384615384615384,0.42857142857142855,0.6666666666666666,0.5384615384615384,0.42857142857142855,0.6666666666666666,0.8181818181818182,0.5384615384615384,0.6666666666666666,0.5384615384615384,0.3333333333333333,0.42857142857142855,0.5384615384615384,0.5384615384615384,0.42857142857142855,0.42857142857142855,0.42857142857142855,0.5384615384615384,0.3333333333333333,0.5384615384615384,0.5384615384615384,0.42857142857142855,0.3333333333333333,0.5384615384615384,0.5384615384615384,0.3333333333333333,0.5384615384615384,0.8181818181818182,0.42857142857142855,0.42857142857142855,0.5384615384615384,0.5384615384615384,0.42857142857142855,0.3333333333333333,0.6666666666666666,0.3333333333333333,0.5384615384615384,0.6666666666666666,0.5384615384615384,0.3333333333333333,0.6666666666666666,0.42857142857142855,0.42857142857142855,0.5384615384615384,0.5384615384615384,0.5384615384615384,0.6666666666666666,0.42857142857142855,0.42857142857142855,0.5384615384615384,0.3333333333333333,0.6666666666666666,0.5384615384615384,0.6666666666666666,0.42857142857142855,0.42857142857142855,0.5384615384615384,0.25,0.5384615384615384,0.6666666666666666,0.6666666666666666,0.5384615384615384,0.5384615384615384,0.3333333333333333,0.42857142857142855,0.5384615384615384,0.5384615384615384,0.25,0.3333333333333333,0.5384615384615384,1.0,0.8181818181818182,0.42857142857142855,0.42857142857142855,0.25
UKR,0.42857142857142855,0.5384615384615384,0.6666666666666666,0.5384615384615384,0.6666666666666666,0.6666666666666666,0.42857142857142855,0.6666666666666666,0.8181818181818182,0.6666666666666666,0.6666666666666666,0.5384615384615384,0.42857142857142855,0.5384615384615384,0.6666666666666666,0.5384615384615384,0.5384615384615384,0.5384615384615384,0.5384615384615384,0.6666666666666666,0.42857142857142855,0.6666666666666666,0.5384615384615384,0.3333333333333333,0.3333333333333333,0.6666666666666666,0.6666666666666666,0.3333333333333333,0.6666666666666666,0.8181818181818182,0.42857142857142855,0.5384615384615384,0.42857142857142855,0.5384615384615384,0.42857142857142855,0.42857142857142855,0.8181818181818182,0.3333333333333333,0.5384615384615384,0.8181818181818182,0.42857142857142855,0.42857142857142855,0.5384615384615384,0.5384615384615384,0.42857142857142855,0.5384615384615384,0.5384615384615384,0.5384615384615384,0.5384615384615384,0.5384615384615384,0.42857142857142855,0.5384615384615384,0.42857142857142855,0.8181818181818182,0.6666666666666666,0.6666666666666666,0.42857142857142855,0.42857142857142855,0.6666666666666666,0.3333333333333333,0.6666666666666666,0.8181818181818182,0.8181818181818182,0.6666666666666666,0.5384615384615384,0.3333333333333333,0.5384615384615384,0.5384615384615384,0.6666666666666666,0.3333333333333333,0.3333333333333333,0.5384615384615384,0.8181818181818182,1.0,0.5384615384615384,0.42857142857142855,0.3333333333333333
URY,0.42857142857142855,0.42857142857142855,0.8181818181818182,0.3333333333333333,0.6666666666666666,0.5384615384615384,0.6666666666666666,0.6666666666666666,0.42857142857142855,0.5384615384615384,0.5384615384615384,0.5384615384615384,0.42857142857142855,0.8181818181818182,0.5384615384615384,0.5384615384615384,0.6666666666666666,0.6666666666666666,0.6666666666666666,0.6666666666666666,0.8181818181818182,0.8181818181818182,0.5384615384615384,0.5384615384615384,0.5384615384615384,0.6666666666666666,0.6666666666666666,0.3333333333333333,0.8181818181818182,0.5384615384615384,0.3333333333333333,0.8181818181818182,0.3333333333333333,0.8181818181818182,0.5384615384615384,0.3333333333333333,0.6666666666666666,0.3333333333333333,0.42857142857142855,0.6666666666666666,0.42857142857142855,0.5384615384615384,0.42857142857142855,0.8181818181818182,0.3333333333333333,0.42857142857142855,0.8181818181818182,0.6666666666666666,0.25,0.42857142857142855,0.42857142857142855,0.6666666666666666,0.5384615384615384,0.5384615384615384,0.3333333333333333,0.6666666666666666,0.42857142857142855,0.5384615384615384,0.6666666666666666,0.42857142857142855,0.5384615384615384,0.6666666666666666,0.5384615384615384,0.6666666666666666,0.6666666666666666,0.17647058823529413,0.6666666666666666,0.8181818181818182,0.6666666666666666,0.5384615384615384,0.3333333333333333,0.6666666666666666,0.42857142857142855,0.5384615384615384,1.0,0.42857142857142855,0.3333333333333333
USA,0.3333333333333333,0.5384615384615384,0.3333333333333333,0.42857142857142855,0.5384615384615384,0.42857142857142855,0.42857142857142855,0.42857142857142855,0.42857142857142855,0.42857142857142855,0.5384615384615384,0.42857142857142855,0.3333333333333333,0.5384615384615384,0.3333333333333333,0.6666666666666666,0.5384615384615384,0.5384615384615384,0.42857142857142855,0.3333333333333333,0.42857142857142855,0.42857142857142855,0.42857142857142855,0.42857142857142855,0.42857142857142855,0.42857142857142855,0.42857142857142855,0.42857142857142855,0.5384615384615384,0.3333333333333333,0.42857142857142855,0.5384615384615384,0.3333333333333333,0.5384615384615384,0.42857142857142855,0.25,0.42857142857142855,0.42857142857142855,0.42857142857142855,0.42857142857142855,0.42857142857142855,0.5384615384615384,0.42857142857142855,0.42857142857142855,0.5384615384615384,0.42857142857142855,0.5384615384615384,0.3333333333333333,0.42857142857142855,0.3333333333333333,0.5384615384615384,0.6666666666666666,0.3333333333333333,0.42857142857142855,0.42857142857142855,0.42857142857142855,0.42857142857142855,0.5384615384615384,0.3333333333333333,0.42857142857142855,0.42857142857142855,0.42857142857142855,0.42857142857142855,0.5384615384615384,0.5384615384615384,0.42857142857142855,0.42857142857142855,0.5384615384615384,0.42857142857142855,0.3333333333333333,0.42857142857142855,0.5384615384615384,0.42857142857142855,0.42857142857142855,0.42857142857142855,1.0,0.25
VNM,0.17647058823529413,0.3333333333333333,0.25,0.3333333333333333,0.3333333333333333,0.3333333333333333,0.3333333333333333,0.25,0.25,0.25,0.3333333333333333,0.3333333333333333,0.3333333333333333,0.25,0.25,0.3333333333333333,0.42857142857142855,0.25,0.42857142857142855,0.25,0.3333333333333333,0.42857142857142855,0.3333333333333333,0.25,0.42857142857142855,0.25,0.3333333333333333,0.17647058823529413,0.3333333333333333,0.25,0.3333333333333333,0.42857142857142855,0.17647058823529413,0.25,0.17647058823529413,0.42857142857142855,0.3333333333333333,0.25,0.17647058823529413,0.3333333333333333,0.25,0.3333333333333333,0.25,0.3333333333333333,0.17647058823529413,0.3333333333333333,0.3333333333333333,0.25,0.25,0.5384615384615384,0.25,0.25,0.17647058823529413,0.3333333333333333,0.17647058823529413,0.17647058823529413,0.25,0.25,0.42857142857142855,0.25,0.25,0.3333333333333333,0.3333333333333333,0.3333333333333333,0.25,0.17647058823529413,0.3333333333333333,0.25,0.3333333333333333,0.42857142857142855,0.25,0.25,0.25,0.3333333333333333,0.3333333333333333,0.25,1.0
