Country,ALB,ARE,ARG,AUS,AUT,BEL,BGR,BIH,BLR,BRA,BRN,CAN,CHE,CHL,COL,CRI,CZE,DEU,DNK,DOM,ESP,EST,FIN,FRA,GBR,GEO,GRC,HKG,HRV,HUN,IDN,IRL,ISL,ITA,JOR,JPN,KAZ,KOR,KSV,LTU,LUX,LVA,MAC,MAR,MDA,MEX,MLT,MNE,MYS,NLD,NOR,NZL,PAN,PER,PHL,POL,PRT,QAT,QAZ,QCI,QMR,QRT,ROU,RUS,SAU,SGP,SRB,SVK,SVN,SWE,TAP,THA,TUR,UKR,URY,USA,VNM
ALB,1.0000000000000002,0.6259740259740261,0.5974025974025975,0.5948051948051949,0.5948051948051949,0.7324675324675326,0.5818181818181819,0.72987012987013,0.6961038961038962,0.7636363636363638,0.27532467532467536,0.5974025974025975,0.47532467532467537,0.5662337662337663,0.7272727272727274,0.6467532467532469,0.5090909090909091,0.3818181818181819,0.5246753246753247,0.26233766233766237,0.6077922077922079,0.6753246753246754,0.703896103896104,0.48051948051948057,0.6077922077922079,0.742857142857143,0.6051948051948053,0.7506493506493508,0.677922077922078,0.6597402597402598,0.43376623376623386,0.7376623376623378,0.6207792207792209,0.6753246753246754,0.6857142857142858,0.6155844155844157,0.6493506493506495,0.6441558441558443,0.8129870129870131,0.5610389610389611,0.651948051948052,0.5922077922077923,0.5506493506493507,0.49610389610389616,0.49870129870129876,0.5766233766233767,0.7350649350649352,0.8207792207792209,0.4597402597402598,0.7506493506493508,0.4701298701298702,0.6831168831168832,0.3948051948051949,0.5922077922077923,0.41818181818181827,0.5870129870129871,0.49610389610389616,0.7064935064935066,0.6961038961038962,0.47792207792207797,0.5558441558441559,0.7636363636363638,0.7064935064935066,0.7116883116883118,0.6337662337662339,0.43896103896103905,0.7636363636363638,0.5818181818181819,0.5662337662337663,0.3740259740259741,0.6129870129870131,0.6103896103896105,0.7090909090909092,0.7012987012987014,0.5896103896103897,0.6051948051948053,0.3324675324675325
ARE,0.6259740259740261,1.0000000000000002,0.43116883116883126,0.742857142857143,0.6051948051948053,0.794805194805195,0.451948051948052,0.6103896103896105,0.703896103896104,0.6831168831168832,0.6025974025974027,0.6675324675324676,0.5792207792207793,0.6207792207792209,0.6597402597402598,0.6727272727272728,0.6155844155844157,0.41298701298701307,0.5454545454545455,0.3662337662337663,0.4493506493506494,0.5246753246753247,0.8155844155844157,0.49090909090909096,0.716883116883117,0.5324675324675325,0.6000000000000001,0.6207792207792209,0.6701298701298702,0.7142857142857144,0.7506493506493508,0.72987012987013,0.5922077922077923,0.5896103896103897,0.6389610389610391,0.7532467532467534,0.794805194805195,0.651948051948052,0.7870129870129872,0.7532467532467534,0.7610389610389612,0.6493506493506495,0.8025974025974028,0.3584415584415585,0.6467532467532469,0.7740259740259742,0.6155844155844157,0.6129870129870131,0.7090909090909092,0.6051948051948053,0.6883116883116884,0.6753246753246754,0.3688311688311689,0.6597402597402598,0.451948051948052,0.49870129870129876,0.6000000000000001,0.7740259740259742,0.5220779220779221,0.5610389610389611,0.6285714285714287,0.5792207792207793,0.8155844155844157,0.6441558441558443,0.6441558441558443,0.7896103896103898,0.6181818181818183,0.49350649350649356,0.5818181818181819,0.5792207792207793,0.6285714285714287,0.6805194805194806,0.8000000000000002,0.742857142857143,0.3506493506493507,0.8337662337662339,0.5506493506493507
ARG,0.5974025974025975,0.43116883116883126,1.0000000000000002,0.6441558441558443,0.7376623376623378,0.6545454545454547,0.6103896103896105,0.6311688311688313,0.6961038961038962,0.8025974025974028,0.43116883116883126,0.43896103896103905,0.5636363636363637,0.7896103896103898,0.7584415584415586,0.5974025974025975,0.5766233766233767,0.7220779220779222,0.8103896103896105,0.5740259740259741,0.6571428571428573,0.6857142857142858,0.5454545454545455,0.5246753246753247,0.4493506493506494,0.7766233766233768,0.5766233766233767,0.5480519480519481,0.7506493506493508,0.7194805194805196,0.28571428571428575,0.7740259740259742,0.5662337662337663,0.6259740259740261,0.7922077922077924,0.5220779220779221,0.6987012987012988,0.6259740259740261,0.6233766233766235,0.690909090909091,0.48051948051948057,0.49610389610389616,0.3688311688311689,0.8441558441558443,0.6363636363636365,0.6415584415584417,0.664935064935065,0.6857142857142858,0.29870129870129875,0.6805194805194806,0.5454545454545455,0.5688311688311689,0.8181818181818183,0.7662337662337664,0.6155844155844157,0.755844155844156,0.5636363636363637,0.5350649350649351,0.8389610389610391,0.49870129870129876,0.7454545454545456,0.7454545454545456,0.664935064935065,0.8259740259740261,0.8285714285714287,0.43896103896103905,0.6883116883116884,0.6181818181818183,0.7064935064935066,0.5246753246753247,0.5116883116883117,0.3896103896103897,0.6077922077922079,0.6701298701298702,0.8259740259740261,0.49870129870129876,0.29090909090909095
AUS,0.5948051948051949,0.742857142857143,0.6441558441558443,1.0000000000000002,0.6571428571428573,0.8415584415584417,0.48311688311688317,0.5688311688311689,0.8155844155844157,0.8311688311688313,0.3714285714285715,0.6000000000000001,0.677922077922078,0.664935064935065,0.8233766233766235,0.6987012987012988,0.5428571428571429,0.49610389610389616,0.7350649350649352,0.5272727272727273,0.4727272727272728,0.6129870129870131,0.7584415584415586,0.43896103896103905,0.6000000000000001,0.7116883116883118,0.49610389610389616,0.7246753246753248,0.6935064935064936,0.8155844155844157,0.6623376623376624,0.651948051948052,0.7532467532467534,0.5662337662337663,0.6727272727272728,0.7896103896103898,0.8493506493506495,0.6883116883116884,0.7402597402597404,0.8285714285714287,0.6831168831168832,0.742857142857143,0.7090909090909092,0.5350649350649351,0.7844155844155846,0.9324675324675326,0.5974025974025975,0.5740259740259741,0.6831168831168832,0.7194805194805196,0.6961038961038962,0.6415584415584417,0.5974025974025975,0.8857142857142859,0.6493506493506495,0.4545454545454546,0.5922077922077923,0.7480519480519482,0.8129870129870131,0.6233766233766235,0.8207792207792209,0.6363636363636365,0.9272727272727274,0.6311688311688313,0.7142857142857144,0.7480519480519482,0.6077922077922079,0.3662337662337663,0.6701298701298702,0.5844155844155845,0.7064935064935066,0.5402597402597403,0.7844155844155846,0.8441558441558443,0.4675324675324676,0.7662337662337664,0.5636363636363637
AUT,0.5948051948051949,0.6051948051948053,0.7376623376623378,0.6571428571428573,1.0000000000000002,0.5740259740259741,0.677922077922078,0.7766233766233768,0.5766233766233767,0.742857142857143,0.664935064935065,0.5194805194805195,0.7844155844155846,0.7480519480519482,0.6285714285714287,0.5714285714285715,0.5428571428571429,0.8051948051948054,0.8389610389610391,0.5064935064935066,0.7012987012987014,0.5350649350649351,0.8025974025974028,0.6571428571428573,0.5402597402597403,0.6831168831168832,0.5766233766233767,0.5350649350649351,0.7142857142857144,0.6025974025974027,0.41558441558441567,0.7844155844155846,0.8337662337662339,0.6571428571428573,0.8987012987012988,0.5246753246753247,0.7324675324675326,0.6077922077922079,0.7610389610389612,0.6831168831168832,0.6753246753246754,0.44415584415584425,0.4000000000000001,0.6623376623376624,0.72987012987013,0.6623376623376624,0.6753246753246754,0.7194805194805196,0.4051948051948053,0.5636363636363637,0.7272727272727274,0.7454545454545456,0.5740259740259741,0.677922077922078,0.43896103896103905,0.6233766233766235,0.48571428571428577,0.7090909090909092,0.7454545454545456,0.41818181818181827,0.677922077922078,0.7246753246753248,0.703896103896104,0.768831168831169,0.8363636363636365,0.5116883116883117,0.7246753246753248,0.7116883116883118,0.6181818181818183,0.4597402597402598,0.5376623376623377,0.49090909090909096,0.6363636363636365,0.6805194805194806,0.5870129870129871,0.703896103896104,0.3792207792207793
BEL,0.7324675324675326,0.794805194805195,0.6545454545454547,0.8415584415584417,0.5740259740259741,1.0000000000000002,0.5090909090909091,0.7324675324675326,0.9350649350649352,0.8103896103896105,0.42337662337662346,0.7714285714285716,0.5844155844155845,0.6961038961038962,0.903896103896104,0.8311688311688313,0.7610389610389612,0.49090909090909096,0.6545454545454547,0.44415584415584425,0.6155844155844157,0.7662337662337664,0.755844155844156,0.5142857142857143,0.690909090909091,0.7896103896103898,0.6883116883116884,0.8103896103896105,0.8129870129870131,0.8857142857142859,0.6285714285714287,0.7922077922077924,0.5766233766233767,0.7350649350649352,0.6805194805194806,0.807792207792208,0.8441558441558443,0.7506493506493508,0.794805194805195,0.8155844155844157,0.7974025974025976,0.7792207792207794,0.7896103896103898,0.5506493506493507,0.6051948051948053,0.8831168831168833,0.7350649350649352,0.7142857142857144,0.6545454545454547,0.8389610389610391,0.6441558441558443,0.7584415584415586,0.5116883116883117,0.8000000000000002,0.6103896103896105,0.6000000000000001,0.6831168831168832,0.7792207792207794,0.7610389610389612,0.6545454545454547,0.8103896103896105,0.7896103896103898,0.903896103896104,0.7636363636363638,0.6961038961038962,0.677922077922078,0.768831168831169,0.5428571428571429,0.7584415584415586,0.5974025974025975,0.7272727272727274,0.6961038961038962,0.8701298701298703,0.8441558441558443,0.6363636363636365,0.8181818181818183,0.5480519480519481
BGR,0.5818181818181819,0.451948051948052,0.6103896103896105,0.48311688311688317,0.677922077922078,0.5090909090909091,1.0000000000000002,0.8363636363636365,0.49350649350649356,0.5558441558441559,0.3818181818181819,0.5246753246753247,0.6805194805194806,0.651948051948052,0.6337662337662339,0.48571428571428577,0.4727272727272728,0.5402597402597403,0.6051948051948053,0.49350649350649356,0.7584415584415586,0.7012987012987014,0.6545454545454547,0.6935064935064936,0.6233766233766235,0.7142857142857144,0.8519480519480521,0.5376623376623377,0.5948051948051949,0.4701298701298702,0.3558441558441559,0.6311688311688313,0.48571428571428577,0.7974025974025976,0.5740259740259741,0.44155844155844165,0.5844155844155845,0.4025974025974027,0.5714285714285715,0.5194805194805195,0.44415584415584425,0.5350649350649351,0.41818181818181827,0.8025974025974028,0.4571428571428572,0.464935064935065,0.7480519480519482,0.7844155844155846,0.24675324675324678,0.5584415584415585,0.48311688311688317,0.5792207792207793,0.5558441558441559,0.6181818181818183,0.3636363636363637,0.6025974025974027,0.3610389610389611,0.48831168831168836,0.6389610389610391,0.3454545454545455,0.5012987012987014,0.6207792207792209,0.6025974025974027,0.716883116883117,0.7116883116883118,0.18961038961038965,0.8441558441558443,0.8207792207792209,0.7194805194805196,0.4025974025974027,0.3688311688311689,0.3922077922077923,0.49350649350649356,0.5220779220779221,0.7272727272727274,0.42857142857142866,0.2285714285714286
BIH,0.72987012987013,0.6103896103896105,0.6311688311688313,0.5688311688311689,0.7766233766233768,0.7324675324675326,0.8363636363636365,1.0000000000000002,0.7272727272727274,0.6623376623376624,0.5558441558441559,0.7844155844155846,0.7376623376623378,0.72987012987013,0.7766233766233768,0.7220779220779222,0.703896103896104,0.6675324675324676,0.6597402597402598,0.5142857142857143,0.9090909090909092,0.8233766233766235,0.768831168831169,0.7532467532467534,0.6571428571428573,0.8675324675324677,0.8935064935064937,0.7194805194805196,0.7584415584415586,0.6831168831168832,0.4077922077922079,0.7714285714285716,0.6311688311688313,0.9480519480519481,0.7480519480519482,0.5194805194805195,0.716883116883117,0.5714285714285715,0.8051948051948054,0.6545454545454547,0.7714285714285716,0.5948051948051949,0.6051948051948053,0.7350649350649352,0.49870129870129876,0.6389610389610391,0.8831168831168833,0.903896103896104,0.3948051948051949,0.690909090909091,0.6025974025974027,0.8675324675324677,0.48311688311688317,0.6597402597402598,0.43896103896103905,0.703896103896104,0.5090909090909091,0.716883116883117,0.703896103896104,0.4571428571428572,0.6675324675324676,0.8441558441558443,0.7376623376623378,0.7870129870129872,0.7636363636363638,0.3610389610389611,0.9610389610389611,0.8909090909090911,0.8155844155844157,0.4675324675324676,0.5298701298701299,0.677922077922078,0.7324675324675326,0.7116883116883118,0.7922077922077924,0.6935064935064936,0.3428571428571429
BLR,0.6961038961038962,0.703896103896104,0.6961038961038962,0.8155844155844157,0.5766233766233767,0.9350649350649352,0.49350649350649356,0.7272727272727274,1.0000000000000002,0.742857142857143,0.4727272727272728,0.7116883116883118,0.6103896103896105,0.6753246753246754,0.9116883116883118,0.9220779220779222,0.690909090909091,0.48571428571428577,0.6415584415584417,0.503896103896104,0.6000000000000001,0.716883116883117,0.6415584415584417,0.48571428571428577,0.5298701298701299,0.8000000000000002,0.6467532467532469,0.716883116883117,0.781818181818182,0.9480519480519481,0.5428571428571429,0.690909090909091,0.6051948051948053,0.7220779220779222,0.6597402597402598,0.6727272727272728,0.8441558441558443,0.6701298701298702,0.7896103896103898,0.8389610389610391,0.8207792207792209,0.781818181818182,0.72987012987013,0.5584415584415585,0.6467532467532469,0.8935064935064937,0.7064935064935066,0.7246753246753248,0.6623376623376624,0.7636363636363638,0.5740259740259741,0.7246753246753248,0.5870129870129871,0.8051948051948054,0.7532467532467534,0.7064935064935066,0.7272727272727274,0.7766233766233768,0.7792207792207794,0.5324675324675325,0.8753246753246755,0.8233766233766235,0.8883116883116885,0.781818181818182,0.6623376623376624,0.6025974025974027,0.72987012987013,0.6155844155844157,0.7636363636363638,0.4493506493506494,0.6545454545454547,0.7090909090909092,0.8935064935064937,0.9116883116883118,0.6545454545454547,0.7870129870129872,0.42857142857142866
BRA,0.7636363636363638,0.6831168831168832,0.8025974025974028,0.8311688311688313,0.742857142857143,0.8103896103896105,0.5558441558441559,0.6623376623376624,0.742857142857143,1.0000000000000002,0.4000000000000001,0.5896103896103897,0.6259740259740261,0.6597402597402598,0.8337662337662339,0.5792207792207793,0.6753246753246754,0.6675324675324676,0.7974025974025976,0.5688311688311689,0.5714285714285715,0.6935064935064936,0.8000000000000002,0.4623376623376624,0.6467532467532469,0.8051948051948054,0.6103896103896105,0.703896103896104,0.8051948051948054,0.7922077922077924,0.5402597402597403,0.8103896103896105,0.7714285714285716,0.6181818181818183,0.7766233766233768,0.7350649350649352,0.8675324675324677,0.6753246753246754,0.768831168831169,0.8103896103896105,0.6389610389610391,0.6025974025974027,0.5766233766233767,0.6831168831168832,0.6493506493506495,0.7766233766233768,0.677922077922078,0.7064935064935066,0.5454545454545455,0.8155844155844157,0.5584415584415585,0.6597402597402598,0.6103896103896105,0.8753246753246755,0.5350649350649351,0.5740259740259741,0.5532467532467533,0.6883116883116884,0.8909090909090911,0.5740259740259741,0.8000000000000002,0.7662337662337664,0.8441558441558443,0.7584415584415586,0.768831168831169,0.6207792207792209,0.7142857142857144,0.4701298701298702,0.7064935064935066,0.5662337662337663,0.6233766233766235,0.5272727272727273,0.7844155844155846,0.768831168831169,0.6207792207792209,0.6259740259740261,0.48831168831168836
BRN,0.27532467532467536,0.6025974025974027,0.43116883116883126,0.3714285714285715,0.664935064935065,0.42337662337662346,0.3818181818181819,0.5558441558441559,0.4727272727272728,0.4000000000000001,1.0000000000000002,0.5662337662337663,0.5324675324675325,0.5272727272727273,0.41298701298701307,0.5740259740259741,0.5948051948051949,0.664935064935065,0.49350649350649356,0.5610389610389611,0.5116883116883117,0.3636363636363637,0.5298701298701299,0.4701298701298702,0.4597402597402598,0.4025974025974027,0.5064935064935066,0.27792207792207796,0.5090909090909091,0.5324675324675325,0.48051948051948057,0.5454545454545455,0.5116883116883117,0.5246753246753247,0.6181818181818183,0.29870129870129875,0.5766233766233767,0.3818181818181819,0.4701298701298702,0.5896103896103897,0.677922077922078,0.3974025974025975,0.42077922077922086,0.3818181818181819,0.44155844155844165,0.464935064935065,0.5142857142857143,0.48051948051948057,0.451948051948052,0.25974025974025977,0.5506493506493507,0.6467532467532469,0.4000000000000001,0.3922077922077923,0.44155844155844165,0.6961038961038962,0.42597402597402606,0.6337662337662339,0.3480519480519481,0.31168831168831174,0.5064935064935066,0.5298701298701299,0.4701298701298702,0.5220779220779221,0.5272727272727273,0.5454545454545455,0.4000000000000001,0.6753246753246754,0.48311688311688317,0.4000000000000001,0.28311688311688316,0.7012987012987014,0.6233766233766235,0.5740259740259741,0.3896103896103897,0.6571428571428573,0.3428571428571429
CAN,0.5974025974025975,0.6675324675324676,0.43896103896103905,0.6000000000000001,0.5194805194805195,0.7714285714285716,0.5246753246753247,0.7844155844155846,0.7116883116883118,0.5896103896103897,0.5662337662337663,1.0000000000000002,0.503896103896104,0.5974025974025975,0.6935064935064936,0.7350649350649352,0.768831168831169,0.5896103896103897,0.4077922077922079,0.5194805194805195,0.7922077922077924,0.8259740259740261,0.677922077922078,0.651948051948052,0.8155844155844157,0.7922077922077924,0.7350649350649352,0.8103896103896105,0.5766233766233767,0.6233766233766235,0.6337662337662339,0.7090909090909092,0.48571428571428577,0.8363636363636365,0.5922077922077923,0.5610389610389611,0.5792207792207793,0.690909090909091,0.6623376623376624,0.5168831168831169,0.7714285714285716,0.6051948051948053,0.8493506493506495,0.5064935064935066,0.4727272727272728,0.6181818181818183,0.7662337662337664,0.6961038961038962,0.5792207792207793,0.651948051948052,0.677922077922078,0.8779220779220781,0.30909090909090914,0.5454545454545455,0.3584415584415585,0.5740259740259741,0.5012987012987014,0.6805194805194806,0.5246753246753247,0.7220779220779222,0.5324675324675325,0.6987012987012988,0.7116883116883118,0.5662337662337663,0.6155844155844157,0.6545454545454547,0.7376623376623378,0.5792207792207793,0.651948051948052,0.6961038961038962,0.6363636363636365,0.8155844155844157,0.755844155844156,0.6753246753246754,0.6597402597402598,0.7506493506493508,0.5142857142857143
CHE,0.47532467532467537,0.5792207792207793,0.5636363636363637,0.677922077922078,0.7844155844155846,0.5844155844155845,0.6805194805194806,0.7376623376623378,0.6103896103896105,0.6259740259740261,0.5324675324675325,0.503896103896104,1.0000000000000002,0.7090909090909092,0.6051948051948053,0.5376623376623377,0.5454545454545455,0.6831168831168832,0.755844155844156,0.7272727272727274,0.6441558441558443,0.5090909090909091,0.6545454545454547,0.72987012987013,0.3870129870129871,0.6441558441558443,0.6389610389610391,0.3922077922077923,0.7064935064935066,0.6441558441558443,0.48831168831168836,0.5350649350649351,0.768831168831169,0.6493506493506495,0.5844155844155845,0.4493506493506494,0.742857142857143,0.32467532467532473,0.6675324675324676,0.768831168831169,0.677922077922078,0.6051948051948053,0.47792207792207797,0.6259740259740261,0.6883116883116884,0.7714285714285716,0.5142857142857143,0.5948051948051949,0.47532467532467537,0.4493506493506494,0.6077922077922079,0.5948051948051949,0.6935064935064936,0.8051948051948054,0.6077922077922079,0.41298701298701307,0.49090909090909096,0.6597402597402598,0.690909090909091,0.3324675324675325,0.7870129870129872,0.6597402597402598,0.6987012987012988,0.7012987012987014,0.664935064935065,0.3974025974025975,0.7246753246753248,0.6441558441558443,0.6701298701298702,0.3948051948051949,0.3662337662337663,0.5558441558441559,0.5662337662337663,0.6623376623376624,0.5740259740259741,0.6857142857142858,0.31948051948051953
CHL,0.5662337662337663,0.6207792207792209,0.7896103896103898,0.664935064935065,0.7480519480519482,0.6961038961038962,0.651948051948052,0.72987012987013,0.6753246753246754,0.6597402597402598,0.5272727272727273,0.5974025974025975,0.7090909090909092,1.0000000000000002,0.7064935064935066,0.6259740259740261,0.5662337662337663,0.6389610389610391,0.768831168831169,0.5090909090909091,0.8000000000000002,0.716883116883117,0.6285714285714287,0.7792207792207794,0.5506493506493507,0.7220779220779222,0.6545454545454547,0.6103896103896105,0.755844155844156,0.6987012987012988,0.3792207792207793,0.8103896103896105,0.6103896103896105,0.781818181818182,0.8285714285714287,0.5766233766233767,0.6675324675324676,0.6571428571428573,0.6883116883116884,0.6831168831168832,0.6857142857142858,0.6181818181818183,0.5974025974025975,0.7246753246753248,0.6233766233766235,0.7376623376623378,0.7350649350649352,0.6753246753246754,0.3974025974025975,0.6129870129870131,0.7974025974025976,0.7376623376623378,0.7922077922077924,0.7012987012987014,0.43636363636363645,0.6259740259740261,0.6493506493506495,0.7636363636363638,0.664935064935065,0.6077922077922079,0.6701298701298702,0.6805194805194806,0.6831168831168832,0.7662337662337664,0.9142857142857144,0.5376623376623377,0.7714285714285716,0.6623376623376624,0.7220779220779222,0.7272727272727274,0.5688311688311689,0.5610389610389611,0.6155844155844157,0.6597402597402598,0.7870129870129872,0.7480519480519482,0.3844155844155845
COL,0.7272727272727274,0.6597402597402598,0.7584415584415586,0.8233766233766235,0.6285714285714287,0.903896103896104,0.6337662337662339,0.7766233766233768,0.9116883116883118,0.8337662337662339,0.41298701298701307,0.6935064935064936,0.6051948051948053,0.7064935064935066,1.0000000000000002,0.7896103896103898,0.7012987012987014,0.5714285714285715,0.7506493506493508,0.5064935064935066,0.6753246753246754,0.7844155844155846,0.677922077922078,0.48831168831168836,0.5844155844155845,0.8753246753246755,0.7272727272727274,0.7454545454545456,0.794805194805195,0.9116883116883118,0.43116883116883126,0.7376623376623378,0.6285714285714287,0.7896103896103898,0.7376623376623378,0.6545454545454547,0.8753246753246755,0.6467532467532469,0.8233766233766235,0.8415584415584417,0.7610389610389612,0.8415584415584417,0.6675324675324676,0.6961038961038962,0.5584415584415585,0.8259740259740261,0.7766233766233768,0.755844155844156,0.5324675324675325,0.8597402597402599,0.5116883116883117,0.7402597402597404,0.5974025974025975,0.8389610389610391,0.6623376623376624,0.7012987012987014,0.6493506493506495,0.7740259740259742,0.8727272727272729,0.5142857142857143,0.8701298701298703,0.8051948051948054,0.8727272727272729,0.7584415584415586,0.7584415584415586,0.5454545454545455,0.8000000000000002,0.6155844155844157,0.8649350649350651,0.49090909090909096,0.6077922077922079,0.6493506493506495,0.8701298701298703,0.8415584415584417,0.7064935064935066,0.7064935064935066,0.43896103896103905
CRI,0.6467532467532469,0.6727272727272728,0.5974025974025975,0.6987012987012988,0.5714285714285715,0.8311688311688313,0.48571428571428577,0.7220779220779222,0.9220779220779222,0.5792207792207793,0.5740259740259741,0.7350649350649352,0.5376623376623377,0.6259740259740261,0.7896103896103898,1.0000000000000002,0.5792207792207793,0.43636363636363645,0.48051948051948057,0.41298701298701307,0.6025974025974027,0.6389610389610391,0.5870129870129871,0.5116883116883117,0.5298701298701299,0.7272727272727274,0.6077922077922079,0.6831168831168832,0.6233766233766235,0.8259740259740261,0.5584415584415585,0.6441558441558443,0.5220779220779221,0.716883116883117,0.6415584415584417,0.5558441558441559,0.7246753246753248,0.677922077922078,0.7350649350649352,0.6961038961038962,0.8051948051948054,0.6961038961038962,0.6857142857142858,0.4675324675324676,0.664935064935065,0.7636363636363638,0.6935064935064936,0.716883116883117,0.5922077922077923,0.6441558441558443,0.6129870129870131,0.7324675324675326,0.48831168831168836,0.6441558441558443,0.6805194805194806,0.7740259740259742,0.755844155844156,0.755844155844156,0.6181818181818183,0.49350649350649356,0.7324675324675326,0.7532467532467534,0.8233766233766235,0.7480519480519482,0.6337662337662339,0.6051948051948053,0.6597402597402598,0.677922077922078,0.6545454545454547,0.3844155844155845,0.6441558441558443,0.7376623376623378,0.8519480519480521,0.8883116883116885,0.5870129870129871,0.7974025974025976,0.4025974025974027
CZE,0.5090909090909091,0.6155844155844157,0.5766233766233767,0.5428571428571429,0.5428571428571429,0.7610389610389612,0.4727272727272728,0.703896103896104,0.690909090909091,0.6753246753246754,0.5948051948051949,0.768831168831169,0.5454545454545455,0.5662337662337663,0.7012987012987014,0.5792207792207793,1.0000000000000002,0.7454545454545456,0.6701298701298702,0.5818181818181819,0.6805194805194806,0.72987012987013,0.6545454545454547,0.5168831168831169,0.690909090909091,0.6571428571428573,0.7064935064935066,0.6155844155844157,0.8129870129870131,0.651948051948052,0.5090909090909091,0.7506493506493508,0.41818181818181827,0.6675324675324676,0.5636363636363637,0.6025974025974027,0.6467532467532469,0.5636363636363637,0.5896103896103897,0.6623376623376624,0.6597402597402598,0.5818181818181819,0.6103896103896105,0.5740259740259741,0.3506493506493507,0.6441558441558443,0.6233766233766235,0.5766233766233767,0.464935064935065,0.7142857142857144,0.5454545454545455,0.72987012987013,0.42077922077922086,0.5948051948051949,0.49090909090909096,0.5012987012987014,0.4623376623376624,0.5714285714285715,0.6389610389610391,0.6103896103896105,0.6701298701298702,0.7532467532467534,0.5974025974025975,0.651948051948052,0.5142857142857143,0.5168831168831169,0.716883116883117,0.5714285714285715,0.690909090909091,0.6207792207792209,0.49350649350649356,0.6415584415584417,0.6285714285714287,0.5324675324675325,0.7012987012987014,0.6623376623376624,0.5870129870129871
DEU,0.3818181818181819,0.41298701298701307,0.7220779220779222,0.49610389610389616,0.8051948051948054,0.49090909090909096,0.5402597402597403,0.6675324675324676,0.48571428571428577,0.6675324675324676,0.664935064935065,0.5896103896103897,0.6831168831168832,0.6389610389610391,0.5714285714285715,0.43636363636363645,0.7454545454545456,1.0000000000000002,0.7662337662337664,0.6805194805194806,0.716883116883117,0.5584415584415585,0.5584415584415585,0.6285714285714287,0.49350649350649356,0.6623376623376624,0.5688311688311689,0.44155844155844165,0.6233766233766235,0.49350649350649356,0.3324675324675325,0.6883116883116884,0.6259740259740261,0.6051948051948053,0.716883116883117,0.31688311688311693,0.5792207792207793,0.48831168831168836,0.5714285714285715,0.5688311688311689,0.5402597402597403,0.4025974025974027,0.3870129870129871,0.7220779220779222,0.5688311688311689,0.5298701298701299,0.5090909090909091,0.5012987012987014,0.32207792207792213,0.5012987012987014,0.5974025974025975,0.6467532467532469,0.5974025974025975,0.6051948051948053,0.4571428571428572,0.5376623376623377,0.41298701298701307,0.49350649350649356,0.6597402597402598,0.47532467532467537,0.651948051948052,0.6363636363636365,0.5168831168831169,0.6597402597402598,0.6987012987012988,0.48311688311688317,0.6311688311688313,0.5688311688311689,0.6207792207792209,0.5350649350649351,0.3662337662337663,0.47532467532467537,0.49090909090909096,0.4623376623376624,0.6883116883116884,0.5714285714285715,0.3636363636363637
DNK,0.5246753246753247,0.5454545454545455,0.8103896103896105,0.7350649350649352,0.8389610389610391,0.6545454545454547,0.6051948051948053,0.6597402597402598,0.6415584415584417,0.7974025974025976,0.49350649350649356,0.4077922077922079,0.755844155844156,0.768831168831169,0.7506493506493508,0.48051948051948057,0.6701298701298702,0.7662337662337664,1.0000000000000002,0.5584415584415585,0.6285714285714287,0.5818181818181819,0.703896103896104,0.5142857142857143,0.4493506493506494,0.6545454545454547,0.5428571428571429,0.49610389610389616,0.8675324675324677,0.7064935064935066,0.30129870129870134,0.7350649350649352,0.7350649350649352,0.5792207792207793,0.8025974025974028,0.6207792207792209,0.7740259740259742,0.5272727272727273,0.703896103896104,0.8051948051948054,0.5974025974025975,0.5948051948051949,0.3636363636363637,0.7116883116883118,0.5870129870129871,0.768831168831169,0.6051948051948053,0.5948051948051949,0.3532467532467533,0.6935064935064936,0.6129870129870131,0.6415584415584417,0.7064935064935066,0.7766233766233768,0.5688311688311689,0.49350649350649356,0.48311688311688317,0.6753246753246754,0.8701298701298703,0.43636363636363645,0.807792207792208,0.7246753246753248,0.6675324675324676,0.7116883116883118,0.7532467532467534,0.43896103896103905,0.7064935064935066,0.5714285714285715,0.7194805194805196,0.5194805194805195,0.48311688311688317,0.3844155844155845,0.5688311688311689,0.6129870129870131,0.651948051948052,0.6285714285714287,0.48831168831168836
DOM,0.26233766233766237,0.3662337662337663,0.5740259740259741,0.5272727272727273,0.5064935064935066,0.44415584415584425,0.49350649350649356,0.5142857142857143,0.503896103896104,0.5688311688311689,0.5610389610389611,0.5194805194805195,0.7272727272727274,0.5090909090909091,0.5064935064935066,0.41298701298701307,0.5818181818181819,0.6805194805194806,0.5584415584415585,1.0000000000000002,0.5636363636363637,0.5766233766233767,0.4000000000000001,0.49610389610389616,0.3480519480519481,0.6493506493506495,0.5662337662337663,0.27792207792207796,0.5688311688311689,0.5948051948051949,0.43376623376623386,0.3532467532467533,0.5558441558441559,0.5376623376623377,0.3610389610389611,0.29870129870129875,0.5974025974025975,0.17402597402597406,0.3844155844155845,0.6545454545454547,0.4701298701298702,0.43896103896103905,0.42857142857142866,0.651948051948052,0.48831168831168836,0.5636363636363637,0.44675324675324685,0.49090909090909096,0.3766233766233767,0.3454545454545455,0.3558441558441559,0.4727272727272728,0.7012987012987014,0.7376623376623378,0.6233766233766235,0.49350649350649356,0.32467532467532473,0.41818181818181827,0.6259740259740261,0.3636363636363637,0.6831168831168832,0.5974025974025975,0.5168831168831169,0.48571428571428577,0.4623376623376624,0.3558441558441559,0.5012987012987014,0.49870129870129876,0.6025974025974027,0.43636363636363645,0.16623376623376626,0.5662337662337663,0.5116883116883117,0.5844155844155845,0.6337662337662339,0.3688311688311689,0.251948051948052
ESP,0.6077922077922079,0.4493506493506494,0.6571428571428573,0.4727272727272728,0.7012987012987014,0.6155844155844157,0.7584415584415586,0.9090909090909092,0.6000000000000001,0.5714285714285715,0.5116883116883117,0.7922077922077924,0.6441558441558443,0.8000000000000002,0.6753246753246754,0.6025974025974027,0.6805194805194806,0.716883116883117,0.6285714285714287,0.5636363636363637,1.0000000000000002,0.8831168831168833,0.6233766233766235,0.8000000000000002,0.6337662337662339,0.8597402597402599,0.8051948051948054,0.703896103896104,0.6857142857142858,0.5636363636363637,0.28831168831168835,0.742857142857143,0.5428571428571429,0.9376623376623378,0.7324675324675326,0.42857142857142866,0.5246753246753247,0.5714285714285715,0.677922077922078,0.49350649350649356,0.6701298701298702,0.49610389610389616,0.5818181818181819,0.768831168831169,0.41818181818181827,0.5298701298701299,0.8623376623376625,0.8155844155844157,0.26753246753246757,0.6337662337662339,0.6493506493506495,0.8753246753246755,0.5428571428571429,0.5532467532467533,0.31948051948051953,0.6415584415584417,0.4597402597402598,0.6389610389610391,0.6389610389610391,0.5714285714285715,0.5376623376623377,0.7766233766233768,0.5740259740259741,0.6571428571428573,0.768831168831169,0.3402597402597403,0.8987012987012988,0.7922077922077924,0.7506493506493508,0.6311688311688313,0.49610389610389616,0.6311688311688313,0.5766233766233767,0.5688311688311689,0.8961038961038963,0.6025974025974027,0.3662337662337663
EST,0.6753246753246754,0.5246753246753247,0.6857142857142858,0.6129870129870131,0.5350649350649351,0.7662337662337664,0.7012987012987014,0.8233766233766235,0.716883116883117,0.6935064935064936,0.3636363636363637,0.8259740259740261,0.5090909090909091,0.716883116883117,0.7844155844155846,0.6389610389610391,0.72987012987013,0.5584415584415585,0.5818181818181819,0.5766233766233767,0.8831168831168833,1.0000000000000002,0.6727272727272728,0.6181818181818183,0.7402597402597404,0.9116883116883118,0.8363636363636365,0.8363636363636365,0.7272727272727274,0.677922077922078,0.43896103896103905,0.742857142857143,0.4623376623376624,0.903896103896104,0.6389610389610391,0.6389610389610391,0.6155844155844157,0.6493506493506495,0.6493506493506495,0.5766233766233767,0.6051948051948053,0.5558441558441559,0.703896103896104,0.7870129870129872,0.3896103896103897,0.6155844155844157,0.9142857142857144,0.8311688311688313,0.3844155844155845,0.7610389610389612,0.5766233766233767,0.8233766233766235,0.5324675324675325,0.6701298701298702,0.42857142857142866,0.6467532467532469,0.43376623376623386,0.5844155844155845,0.7090909090909092,0.6961038961038962,0.5844155844155845,0.7792207792207794,0.6987012987012988,0.6181818181818183,0.7116883116883118,0.43376623376623386,0.8727272727272729,0.6753246753246754,0.8155844155844157,0.7090909090909092,0.6051948051948053,0.6233766233766235,0.677922077922078,0.6571428571428573,0.8857142857142859,0.5454545454545455,0.464935064935065
FIN,0.703896103896104,0.8155844155844157,0.5454545454545455,0.7584415584415586,0.8025974025974028,0.755844155844156,0.6545454545454547,0.768831168831169,0.6415584415584417,0.8000000000000002,0.5298701298701299,0.677922077922078,0.6545454545454547,0.6285714285714287,0.677922077922078,0.5870129870129871,0.6545454545454547,0.5584415584415585,0.703896103896104,0.4000000000000001,0.6233766233766235,0.6727272727272728,1.0000000000000002,0.5454545454545455,0.8155844155844157,0.6753246753246754,0.6883116883116884,0.7454545454545456,0.7610389610389612,0.6363636363636365,0.6831168831168832,0.8259740259740261,0.7246753246753248,0.6831168831168832,0.7610389610389612,0.8259740259740261,0.7870129870129872,0.7142857142857144,0.755844155844156,0.7064935064935066,0.690909090909091,0.5142857142857143,0.6441558441558443,0.5454545454545455,0.6025974025974027,0.72987012987013,0.7766233766233768,0.7610389610389612,0.5870129870129871,0.7116883116883118,0.7272727272727274,0.7896103896103898,0.3480519480519481,0.6935064935064936,0.3584415584415585,0.49610389610389616,0.44155844155844165,0.7142857142857144,0.6935064935064936,0.6337662337662339,0.6025974025974027,0.703896103896104,0.8259740259740261,0.6727272727272728,0.7194805194805196,0.6259740259740261,0.7636363636363638,0.6103896103896105,0.6441558441558443,0.6000000000000001,0.7090909090909092,0.5610389610389611,0.7376623376623378,0.7116883116883118,0.48831168831168836,0.7402597402597404,0.6077922077922079
FRA,0.48051948051948057,0.49090909090909096,0.5246753246753247,0.43896103896103905,0.6571428571428573,0.5142857142857143,0.6935064935064936,0.7532467532467534,0.48571428571428577,0.4623376623376624,0.4701298701298702,0.651948051948052,0.72987012987013,0.7792207792207794,0.48831168831168836,0.5116883116883117,0.5168831168831169,0.6285714285714287,0.5142857142857143,0.49610389610389616,0.8000000000000002,0.6181818181818183,0.5454545454545455,1.0000000000000002,0.5688311688311689,0.6415584415584417,0.6597402597402598,0.5116883116883117,0.5480519480519481,0.43376623376623386,0.5012987012987014,0.6675324675324676,0.5090909090909091,0.7480519480519482,0.6000000000000001,0.3558441558441559,0.44675324675324685,0.49610389610389616,0.5610389610389611,0.42337662337662346,0.6545454545454547,0.47532467532467537,0.5610389610389611,0.5948051948051949,0.5480519480519481,0.5168831168831169,0.5922077922077923,0.6181818181818183,0.3454545454545455,0.44415584415584425,0.703896103896104,0.6623376623376624,0.5558441558441559,0.5142857142857143,0.2363636363636364,0.4571428571428572,0.5064935064935066,0.5844155844155845,0.4727272727272728,0.5090909090909091,0.4597402597402598,0.5922077922077923,0.5220779220779221,0.6883116883116884,0.716883116883117,0.3818181818181819,0.7480519480519482,0.6467532467532469,0.5350649350649351,0.5740259740259741,0.5532467532467533,0.5402597402597403,0.451948051948052,0.47792207792207797,0.7064935064935066,0.6363636363636365,0.41298701298701307
GBR,0.6077922077922079,0.716883116883117,0.4493506493506494,0.6000000000000001,0.5402597402597403,0.690909090909091,0.6233766233766235,0.6571428571428573,0.5298701298701299,0.6467532467532469,0.4597402597402598,0.8155844155844157,0.3870129870129871,0.5506493506493507,0.5844155844155845,0.5298701298701299,0.690909090909091,0.49350649350649356,0.4493506493506494,0.3480519480519481,0.6337662337662339,0.7402597402597404,0.8155844155844157,0.5688311688311689,1.0000000000000002,0.6259740259740261,0.6753246753246754,0.7844155844155846,0.5766233766233767,0.451948051948052,0.7324675324675326,0.8155844155844157,0.41038961038961047,0.664935064935065,0.5870129870129871,0.7480519480519482,0.5272727272727273,0.7636363636363638,0.5402597402597403,0.43116883116883126,0.5454545454545455,0.5194805194805195,0.7376623376623378,0.48571428571428577,0.4597402597402598,0.5168831168831169,0.7220779220779222,0.6571428571428573,0.5428571428571429,0.6961038961038962,0.7142857142857144,0.7324675324675326,0.2363636363636364,0.48831168831168836,0.17662337662337665,0.4623376623376624,0.3948051948051949,0.5636363636363637,0.5168831168831169,0.7740259740259742,0.3506493506493507,0.5818181818181819,0.6623376623376624,0.5766233766233767,0.6155844155844157,0.6597402597402598,0.6701298701298702,0.48831168831168836,0.5064935064935066,0.7610389610389612,0.6961038961038962,0.5766233766233767,0.6155844155844157,0.5324675324675325,0.5506493506493507,0.6363636363636365,0.6285714285714287
GEO,0.742857142857143,0.5324675324675325,0.7766233766233768,0.7116883116883118,0.6831168831168832,0.7896103896103898,0.7142857142857144,0.8675324675324677,0.8000000000000002,0.8051948051948054,0.4025974025974027,0.7922077922077924,0.6441558441558443,0.7220779220779222,0.8753246753246755,0.7272727272727274,0.6571428571428573,0.6623376623376624,0.6545454545454547,0.6493506493506495,0.8597402597402599,0.9116883116883118,0.6753246753246754,0.6415584415584417,0.6259740259740261,1.0000000000000002,0.7896103896103898,0.7896103896103898,0.7220779220779222,0.7844155844155846,0.41298701298701307,0.7324675324675326,0.6597402597402598,0.8961038961038963,0.7350649350649352,0.5506493506493507,0.7454545454545456,0.6337662337662339,0.781818181818182,0.6831168831168832,0.703896103896104,0.6259740259740261,0.6623376623376624,0.8051948051948054,0.5740259740259741,0.6935064935064936,0.8649350649350651,0.8727272727272729,0.43636363636363645,0.7740259740259742,0.5454545454545455,0.8181818181818183,0.6025974025974027,0.8000000000000002,0.5428571428571429,0.7272727272727274,0.5350649350649351,0.6701298701298702,0.8415584415584417,0.5766233766233767,0.7480519480519482,0.8519480519480521,0.8051948051948054,0.7324675324675326,0.7922077922077924,0.4675324675324676,0.8779220779220781,0.690909090909091,0.8285714285714287,0.5506493506493507,0.5870129870129871,0.6701298701298702,0.794805194805195,0.8025974025974028,0.8519480519480521,0.6000000000000001,0.3454545454545455
GRC,0.6051948051948053,0.6000000000000001,0.5766233766233767,0.49610389610389616,0.5766233766233767,0.6883116883116884,0.8519480519480521,0.8935064935064937,0.6467532467532469,0.6103896103896105,0.5064935064935066,0.7350649350649352,0.6389610389610391,0.6545454545454547,0.7272727272727274,0.6077922077922079,0.7064935064935066,0.5688311688311689,0.5428571428571429,0.5662337662337663,0.8051948051948054,0.8363636363636365,0.6883116883116884,0.6597402597402598,0.6753246753246754,0.7896103896103898,1.0000000000000002,0.651948051948052,0.6727272727272728,0.6311688311688313,0.4675324675324676,0.677922077922078,0.43376623376623386,0.916883116883117,0.5636363636363637,0.503896103896104,0.7064935064935066,0.4493506493506494,0.6285714285714287,0.651948051948052,0.5948051948051949,0.5662337662337663,0.6311688311688313,0.8129870129870131,0.3558441558441559,0.5636363636363637,0.8415584415584417,0.794805194805195,0.3974025974025975,0.6051948051948053,0.4675324675324676,0.6935064935064936,0.5246753246753247,0.6727272727272728,0.4623376623376624,0.6857142857142858,0.4493506493506494,0.5402597402597403,0.5714285714285715,0.4493506493506494,0.6077922077922079,0.6701298701298702,0.6961038961038962,0.7012987012987014,0.7012987012987014,0.3298701298701299,0.8883116883116885,0.8415584415584417,0.8883116883116885,0.5194805194805195,0.4051948051948053,0.6051948051948053,0.6753246753246754,0.6025974025974027,0.7662337662337664,0.5480519480519481,0.31168831168831174
HKG,0.7506493506493508,0.6207792207792209,0.5480519480519481,0.7246753246753248,0.5350649350649351,0.8103896103896105,0.5376623376623377,0.7194805194805196,0.716883116883117,0.703896103896104,0.27792207792207796,0.8103896103896105,0.3922077922077923,0.6103896103896105,0.7454545454545456,0.6831168831168832,0.6155844155844157,0.44155844155844165,0.49610389610389616,0.27792207792207796,0.703896103896104,0.8363636363636365,0.7454545454545456,0.5116883116883117,0.7844155844155846,0.7896103896103898,0.651948051948052,1.0000000000000002,0.5922077922077923,0.6103896103896105,0.5480519480519481,0.755844155844156,0.5298701298701299,0.7636363636363638,0.6753246753246754,0.72987012987013,0.5922077922077923,0.8155844155844157,0.7142857142857144,0.5012987012987014,0.6259740259740261,0.5402597402597403,0.7610389610389612,0.5636363636363637,0.5064935064935066,0.651948051948052,0.8103896103896105,0.7116883116883118,0.5090909090909091,0.7610389610389612,0.6831168831168832,0.8000000000000002,0.3480519480519481,0.5844155844155845,0.3402597402597403,0.5116883116883117,0.4623376623376624,0.6441558441558443,0.6207792207792209,0.7454545454545456,0.5090909090909091,0.6493506493506495,0.7740259740259742,0.5584415584415585,0.6883116883116884,0.6155844155844157,0.7506493506493508,0.48311688311688317,0.6623376623376624,0.6727272727272728,0.7870129870129872,0.5506493506493507,0.6987012987012988,0.6597402597402598,0.6259740259740261,0.677922077922078,0.5454545454545455
HRV,0.677922077922078,0.6701298701298702,0.7506493506493508,0.6935064935064936,0.7142857142857144,0.8129870129870131,0.5948051948051949,0.7584415584415586,0.781818181818182,0.8051948051948054,0.5090909090909091,0.5766233766233767,0.7064935064935066,0.755844155844156,0.794805194805195,0.6233766233766235,0.8129870129870131,0.6233766233766235,0.8675324675324677,0.5688311688311689,0.6857142857142858,0.7272727272727274,0.7610389610389612,0.5480519480519481,0.5766233766233767,0.7220779220779222,0.6727272727272728,0.5922077922077923,1.0000000000000002,0.8207792207792209,0.42077922077922086,0.8103896103896105,0.6259740259740261,0.6831168831168832,0.7272727272727274,0.7402597402597404,0.8025974025974028,0.5688311688311689,0.7350649350649352,0.8363636363636365,0.72987012987013,0.6415584415584417,0.503896103896104,0.6259740259740261,0.47792207792207797,0.7922077922077924,0.7272727272727274,0.7636363636363638,0.42597402597402606,0.8000000000000002,0.5740259740259741,0.742857142857143,0.6077922077922079,0.7636363636363638,0.5532467532467533,0.5740259740259741,0.5480519480519481,0.742857142857143,0.8493506493506495,0.5012987012987014,0.8000000000000002,0.8987012987012988,0.7090909090909092,0.794805194805195,0.6597402597402598,0.42077922077922086,0.8129870129870131,0.6753246753246754,0.7246753246753248,0.5402597402597403,0.5428571428571429,0.5922077922077923,0.6987012987012988,0.7194805194805196,0.7402597402597404,0.6805194805194806,0.5246753246753247
HUN,0.6597402597402598,0.7142857142857144,0.7194805194805196,0.8155844155844157,0.6025974025974027,0.8857142857142859,0.4701298701298702,0.6831168831168832,0.9480519480519481,0.7922077922077924,0.5324675324675325,0.6233766233766235,0.6441558441558443,0.6987012987012988,0.9116883116883118,0.8259740259740261,0.651948051948052,0.49350649350649356,0.7064935064935066,0.5948051948051949,0.5636363636363637,0.677922077922078,0.6363636363636365,0.43376623376623386,0.451948051948052,0.7844155844155846,0.6311688311688313,0.6103896103896105,0.8207792207792209,1.0000000000000002,0.48311688311688317,0.6571428571428573,0.6805194805194806,0.6935064935064936,0.690909090909091,0.6467532467532469,0.916883116883117,0.5610389610389611,0.781818181818182,0.92987012987013,0.8311688311688313,0.7792207792207794,0.6675324675324676,0.5740259740259741,0.5870129870129871,0.8909090909090911,0.703896103896104,0.716883116883117,0.6441558441558443,0.7324675324675326,0.49090909090909096,0.6987012987012988,0.6441558441558443,0.8571428571428573,0.7480519480519482,0.7246753246753248,0.7090909090909092,0.8155844155844157,0.8103896103896105,0.44155844155844165,0.916883116883117,0.8129870129870131,0.8649350649350651,0.7376623376623378,0.6831168831168832,0.5740259740259741,0.6831168831168832,0.6025974025974027,0.7922077922077924,0.43376623376623386,0.5454545454545455,0.72987012987013,0.9220779220779222,0.9272727272727274,0.6155844155844157,0.7350649350649352,0.4000000000000001
IDN,0.43376623376623386,0.7506493506493508,0.28571428571428575,0.6623376623376624,0.41558441558441567,0.6285714285714287,0.3558441558441559,0.4077922077922079,0.5428571428571429,0.5402597402597403,0.48051948051948057,0.6337662337662339,0.48831168831168836,0.3792207792207793,0.43116883116883126,0.5584415584415585,0.5090909090909091,0.3324675324675325,0.30129870129870134,0.43376623376623386,0.28831168831168835,0.43896103896103905,0.6831168831168832,0.5012987012987014,0.7324675324675326,0.41298701298701307,0.4675324675324676,0.5480519480519481,0.42077922077922086,0.48311688311688317,1.0000000000000002,0.5324675324675325,0.42857142857142866,0.4000000000000001,0.3558441558441559,0.6727272727272728,0.5792207792207793,0.5766233766233767,0.41818181818181827,0.5298701298701299,0.5480519480519481,0.49610389610389616,0.7090909090909092,0.27532467532467536,0.6155844155844157,0.6233766233766235,0.42077922077922086,0.4077922077922079,0.7402597402597404,0.41818181818181827,0.6337662337662339,0.47792207792207797,0.28051948051948056,0.5636363636363637,0.44415584415584425,0.3402597402597403,0.41818181818181827,0.48311688311688317,0.3688311688311689,0.6233766233766235,0.44155844155844165,0.3948051948051949,0.7064935064935066,0.47792207792207797,0.43116883116883126,0.7584415584415586,0.3896103896103897,0.30129870129870134,0.3740259740259741,0.5584415584415585,0.6883116883116884,0.5870129870129871,0.6103896103896105,0.6051948051948053,0.24675324675324678,0.664935064935065,0.6597402597402598
IRL,0.7376623376623378,0.72987012987013,0.7740259740259742,0.651948051948052,0.7844155844155846,0.7922077922077924,0.6311688311688313,0.7714285714285716,0.690909090909091,0.8103896103896105,0.5454545454545455,0.7090909090909092,0.5350649350649351,0.8103896103896105,0.7376623376623378,0.6441558441558443,0.7506493506493508,0.6883116883116884,0.7350649350649352,0.3532467532467533,0.742857142857143,0.742857142857143,0.8259740259740261,0.6675324675324676,0.8155844155844157,0.7324675324675326,0.677922077922078,0.755844155844156,0.8103896103896105,0.6571428571428573,0.5324675324675325,1.0000000000000002,0.5714285714285715,0.7324675324675326,0.8753246753246755,0.7350649350649352,0.6935064935064936,0.8441558441558443,0.7376623376623378,0.6285714285714287,0.6857142857142858,0.5584415584415585,0.6181818181818183,0.6415584415584417,0.5844155844155845,0.6597402597402598,0.781818181818182,0.7636363636363638,0.4727272727272728,0.8025974025974028,0.7740259740259742,0.8025974025974028,0.49870129870129876,0.6259740259740261,0.32467532467532473,0.651948051948052,0.6051948051948053,0.716883116883117,0.7116883116883118,0.6987012987012988,0.5948051948051949,0.7792207792207794,0.7272727272727274,0.8441558441558443,0.8441558441558443,0.6337662337662339,0.8000000000000002,0.6415584415584417,0.6363636363636365,0.7142857142857144,0.7220779220779222,0.5792207792207793,0.703896103896104,0.651948051948052,0.7272727272727274,0.7584415584415586,0.5376623376623377
ISL,0.6207792207792209,0.5922077922077923,0.5662337662337663,0.7532467532467534,0.8337662337662339,0.5766233766233767,0.48571428571428577,0.6311688311688313,0.6051948051948053,0.7714285714285716,0.5116883116883117,0.48571428571428577,0.768831168831169,0.6103896103896105,0.6285714285714287,0.5220779220779221,0.41818181818181827,0.6259740259740261,0.7350649350649352,0.5558441558441559,0.5428571428571429,0.4623376623376624,0.7246753246753248,0.5090909090909091,0.41038961038961047,0.6597402597402598,0.43376623376623386,0.5298701298701299,0.6259740259740261,0.6805194805194806,0.42857142857142866,0.5714285714285715,1.0000000000000002,0.5506493506493507,0.755844155844156,0.5116883116883117,0.755844155844156,0.47792207792207797,0.7662337662337664,0.7220779220779222,0.72987012987013,0.49610389610389616,0.5090909090909091,0.49090909090909096,0.6961038961038962,0.7480519480519482,0.5610389610389611,0.6077922077922079,0.5922077922077923,0.5194805194805195,0.5948051948051949,0.6727272727272728,0.5454545454545455,0.7376623376623378,0.4597402597402598,0.44675324675324685,0.49350649350649356,0.7766233766233768,0.7376623376623378,0.3584415584415585,0.716883116883117,0.6441558441558443,0.7350649350649352,0.5662337662337663,0.690909090909091,0.5324675324675325,0.5870129870129871,0.47532467532467537,0.5610389610389611,0.3792207792207793,0.48311688311688317,0.5272727272727273,0.6987012987012988,0.7376623376623378,0.4025974025974027,0.6571428571428573,0.3688311688311689
ITA,0.6753246753246754,0.5896103896103897,0.6259740259740261,0.5662337662337663,0.6571428571428573,0.7350649350649352,0.7974025974025976,0.9480519480519481,0.7220779220779222,0.6181818181818183,0.5246753246753247,0.8363636363636365,0.6493506493506495,0.781818181818182,0.7896103896103898,0.716883116883117,0.6675324675324676,0.6051948051948053,0.5792207792207793,0.5376623376623377,0.9376623376623378,0.903896103896104,0.6831168831168832,0.7480519480519482,0.664935064935065,0.8961038961038963,0.916883116883117,0.7636363636363638,0.6831168831168832,0.6935064935064936,0.4000000000000001,0.7324675324675326,0.5506493506493507,1.0000000000000002,0.716883116883117,0.49870129870129876,0.677922077922078,0.5818181818181819,0.7480519480519482,0.6233766233766235,0.742857142857143,0.6181818181818183,0.7012987012987014,0.7766233766233768,0.43896103896103905,0.6233766233766235,0.9246753246753248,0.8623376623376625,0.4025974025974027,0.6623376623376624,0.6051948051948053,0.8675324675324677,0.5376623376623377,0.651948051948052,0.42597402597402606,0.72987012987013,0.5220779220779221,0.703896103896104,0.6337662337662339,0.5402597402597403,0.6259740259740261,0.7610389610389612,0.7272727272727274,0.6935064935064936,0.8000000000000002,0.41038961038961047,0.9246753246753248,0.8363636363636365,0.8701298701298703,0.5896103896103897,0.5272727272727273,0.7116883116883118,0.7402597402597404,0.6987012987012988,0.8311688311688313,0.6675324675324676,0.3376623376623377
JOR,0.6857142857142858,0.6389610389610391,0.7922077922077924,0.6727272727272728,0.8987012987012988,0.6805194805194806,0.5740259740259741,0.7480519480519482,0.6597402597402598,0.7766233766233768,0.6181818181818183,0.5922077922077923,0.5844155844155845,0.8285714285714287,0.7376623376623378,0.6415584415584417,0.5636363636363637,0.716883116883117,0.8025974025974028,0.3610389610389611,0.7324675324675326,0.6389610389610391,0.7610389610389612,0.6000000000000001,0.5870129870129871,0.7350649350649352,0.5636363636363637,0.6753246753246754,0.7272727272727274,0.690909090909091,0.3558441558441559,0.8753246753246755,0.755844155844156,0.716883116883117,1.0000000000000002,0.5870129870129871,0.7272727272727274,0.755844155844156,0.8051948051948054,0.6701298701298702,0.7324675324675326,0.5194805194805195,0.5012987012987014,0.6441558441558443,0.6311688311688313,0.6675324675324676,0.7792207792207794,0.7376623376623378,0.41558441558441567,0.6831168831168832,0.7402597402597404,0.8233766233766235,0.5584415584415585,0.6285714285714287,0.3844155844155845,0.7116883116883118,0.5766233766233767,0.8000000000000002,0.7324675324675326,0.5324675324675325,0.651948051948052,0.7324675324675326,0.7194805194805196,0.7402597402597404,0.9064935064935066,0.6000000000000001,0.7194805194805196,0.6545454545454547,0.664935064935065,0.5818181818181819,0.6441558441558443,0.5584415584415585,0.7272727272727274,0.7116883116883118,0.6363636363636365,0.7480519480519482,0.43116883116883126
JPN,0.6155844155844157,0.7532467532467534,0.5220779220779221,0.7896103896103898,0.5246753246753247,0.807792207792208,0.44155844155844165,0.5194805194805195,0.6727272727272728,0.7350649350649352,0.29870129870129875,0.5610389610389611,0.4493506493506494,0.5766233766233767,0.6545454545454547,0.5558441558441559,0.6025974025974027,0.31688311688311693,0.6207792207792209,0.29870129870129875,0.42857142857142866,0.6389610389610391,0.8259740259740261,0.3558441558441559,0.7480519480519482,0.5506493506493507,0.503896103896104,0.72987012987013,0.7402597402597404,0.6467532467532469,0.6727272727272728,0.7350649350649352,0.5116883116883117,0.49870129870129876,0.5870129870129871,1.0000000000000002,0.6857142857142858,0.7454545454545456,0.6000000000000001,0.6597402597402598,0.5506493506493507,0.5454545454545455,0.6441558441558443,0.41558441558441567,0.5246753246753247,0.755844155844156,0.6441558441558443,0.5922077922077923,0.5766233766233767,0.7740259740259742,0.6675324675324676,0.6233766233766235,0.3688311688311689,0.6571428571428573,0.3974025974025975,0.3610389610389611,0.44415584415584425,0.6207792207792209,0.651948051948052,0.6805194805194806,0.5558441558441559,0.6077922077922079,0.7636363636363638,0.5636363636363637,0.5688311688311689,0.677922077922078,0.6000000000000001,0.3662337662337663,0.5350649350649351,0.651948051948052,0.7376623376623378,0.44155844155844165,0.6415584415584417,0.6545454545454547,0.43896103896103905,0.6545454545454547,0.6701298701298702
KAZ,0.6493506493506495,0.794805194805195,0.6987012987012988,0.8493506493506495,0.7324675324675326,0.8441558441558443,0.5844155844155845,0.716883116883117,0.8441558441558443,0.8675324675324677,0.5766233766233767,0.5792207792207793,0.742857142857143,0.6675324675324676,0.8753246753246755,0.7246753246753248,0.6467532467532469,0.5792207792207793,0.7740259740259742,0.5974025974025975,0.5246753246753247,0.6155844155844157,0.7870129870129872,0.44675324675324685,0.5272727272727273,0.7454545454545456,0.7064935064935066,0.5922077922077923,0.8025974025974028,0.916883116883117,0.5792207792207793,0.6935064935064936,0.755844155844156,0.677922077922078,0.7272727272727274,0.6857142857142858,1.0000000000000002,0.5428571428571429,0.8000000000000002,0.9740259740259741,0.7662337662337664,0.7246753246753248,0.6207792207792209,0.6441558441558443,0.6493506493506495,0.8805194805194807,0.690909090909091,0.7012987012987014,0.6389610389610391,0.6987012987012988,0.5220779220779221,0.6571428571428573,0.6233766233766235,0.916883116883117,0.7142857142857144,0.6727272727272728,0.6311688311688313,0.7714285714285716,0.8051948051948054,0.4077922077922079,0.916883116883117,0.7324675324675326,0.9220779220779222,0.7610389610389612,0.7480519480519482,0.6103896103896105,0.7064935064935066,0.6233766233766235,0.8311688311688313,0.43376623376623386,0.5298701298701299,0.6441558441558443,0.8987012987012988,0.8831168831168833,0.5220779220779221,0.7376623376623378,0.42597402597402606
KOR,0.6441558441558443,0.651948051948052,0.6259740259740261,0.6883116883116884,0.6077922077922079,0.7506493506493508,0.4025974025974027,0.5714285714285715,0.6701298701298702,0.6753246753246754,0.3818181818181819,0.690909090909091,0.32467532467532473,0.6571428571428573,0.6467532467532469,0.677922077922078,0.5636363636363637,0.48831168831168836,0.5272727272727273,0.17402597402597406,0.5714285714285715,0.6493506493506495,0.7142857142857144,0.49610389610389616,0.7636363636363638,0.6337662337662339,0.4493506493506494,0.8155844155844157,0.5688311688311689,0.5610389610389611,0.5766233766233767,0.8441558441558443,0.47792207792207797,0.5818181818181819,0.755844155844156,0.7454545454545456,0.5428571428571429,1.0000000000000002,0.6441558441558443,0.4623376623376624,0.5870129870129871,0.48571428571428577,0.6675324675324676,0.451948051948052,0.6337662337662339,0.6311688311688313,0.664935064935065,0.5948051948051949,0.5220779220779221,0.7064935064935066,0.7974025974025976,0.7220779220779222,0.3532467532467533,0.5064935064935066,0.30649350649350654,0.5298701298701299,0.5480519480519481,0.6259740259740261,0.5740259740259741,0.7896103896103898,0.464935064935065,0.5974025974025975,0.716883116883117,0.6389610389610391,0.7246753246753248,0.7636363636363638,0.5948051948051949,0.3974025974025975,0.47532467532467537,0.6935064935064936,0.8337662337662339,0.48831168831168836,0.6467532467532469,0.6285714285714287,0.5402597402597403,0.7324675324675326,0.5636363636363637
KSV,0.8129870129870131,0.7870129870129872,0.6233766233766235,0.7402597402597404,0.7610389610389612,0.794805194805195,0.5714285714285715,0.8051948051948054,0.7896103896103898,0.768831168831169,0.4701298701298702,0.6623376623376624,0.6675324675324676,0.6883116883116884,0.8233766233766235,0.7350649350649352,0.5896103896103897,0.5714285714285715,0.703896103896104,0.3844155844155845,0.677922077922078,0.6493506493506495,0.755844155844156,0.5610389610389611,0.5402597402597403,0.781818181818182,0.6285714285714287,0.7142857142857144,0.7350649350649352,0.781818181818182,0.41818181818181827,0.7376623376623378,0.7662337662337664,0.7480519480519482,0.8051948051948054,0.6000000000000001,0.8000000000000002,0.6441558441558443,1.0000000000000002,0.742857142857143,0.8207792207792209,0.6571428571428573,0.6753246753246754,0.5454545454545455,0.677922077922078,0.768831168831169,0.7376623376623378,0.7922077922077924,0.5090909090909091,0.7272727272727274,0.6077922077922079,0.7974025974025976,0.4675324675324676,0.7142857142857144,0.5194805194805195,0.6000000000000001,0.5922077922077923,0.8285714285714287,0.755844155844156,0.44675324675324685,0.755844155844156,0.7766233766233768,0.8181818181818183,0.7220779220779222,0.7506493506493508,0.5844155844155845,0.8155844155844157,0.6259740259740261,0.7116883116883118,0.42077922077922086,0.6181818181818183,0.6363636363636365,0.807792207792208,0.7974025974025976,0.5688311688311689,0.7714285714285716,0.4000000000000001
LTU,0.5610389610389611,0.7532467532467534,0.690909090909091,0.8285714285714287,0.6831168831168832,0.8155844155844157,0.5194805194805195,0.6545454545454547,0.8389610389610391,0.8103896103896105,0.5896103896103897,0.5168831168831169,0.768831168831169,0.6831168831168832,0.8415584415584417,0.6961038961038962,0.6623376623376624,0.5688311688311689,0.8051948051948054,0.6545454545454547,0.49350649350649356,0.5766233766233767,0.7064935064935066,0.42337662337662346,0.43116883116883126,0.6831168831168832,0.651948051948052,0.5012987012987014,0.8363636363636365,0.92987012987013,0.5298701298701299,0.6285714285714287,0.7220779220779222,0.6233766233766235,0.6701298701298702,0.6597402597402598,0.9740259740259741,0.4623376623376624,0.742857142857143,1.0000000000000002,0.7532467532467534,0.7324675324675326,0.5740259740259741,0.6155844155844157,0.6129870129870131,0.903896103896104,0.6233766233766235,0.6285714285714287,0.6051948051948053,0.6493506493506495,0.5012987012987014,0.6129870129870131,0.690909090909091,0.9116883116883118,0.768831168831169,0.6259740259740261,0.6233766233766235,0.7636363636363638,0.7922077922077924,0.3766233766233767,0.9454545454545455,0.7220779220779222,0.8597402597402599,0.7246753246753248,0.6857142857142858,0.5662337662337663,0.6571428571428573,0.5974025974025975,0.8155844155844157,0.42857142857142866,0.4623376623376624,0.6285714285714287,0.8389610389610391,0.8519480519480521,0.5272727272727273,0.7220779220779222,0.42857142857142866
LUX,0.651948051948052,0.7610389610389612,0.48051948051948057,0.6831168831168832,0.6753246753246754,0.7974025974025976,0.44415584415584425,0.7714285714285716,0.8207792207792209,0.6389610389610391,0.677922077922078,0.7714285714285716,0.677922077922078,0.6857142857142858,0.7610389610389612,0.8051948051948054,0.6597402597402598,0.5402597402597403,0.5974025974025975,0.4701298701298702,0.6701298701298702,0.6051948051948053,0.690909090909091,0.6545454545454547,0.5454545454545455,0.703896103896104,0.5948051948051949,0.6259740259740261,0.72987012987013,0.8311688311688313,0.5480519480519481,0.6857142857142858,0.72987012987013,0.742857142857143,0.7324675324675326,0.5506493506493507,0.7662337662337664,0.5870129870129871,0.8207792207792209,0.7532467532467534,1.0000000000000002,0.7246753246753248,0.7220779220779222,0.3688311688311689,0.5480519480519481,0.7870129870129872,0.6935064935064936,0.7064935064935066,0.6467532467532469,0.6389610389610391,0.6363636363636365,0.8623376623376625,0.4051948051948053,0.6285714285714287,0.47532467532467537,0.6155844155844157,0.6675324675324676,0.92987012987013,0.6311688311688313,0.4571428571428572,0.7350649350649352,0.7896103896103898,0.7610389610389612,0.664935064935065,0.6467532467532469,0.6051948051948053,0.6935064935064936,0.6337662337662339,0.6363636363636365,0.451948051948052,0.6155844155844157,0.8571428571428573,0.8727272727272729,0.8337662337662339,0.5168831168831169,0.8779220779220781,0.5064935064935066
LVA,0.5922077922077923,0.6493506493506495,0.49610389610389616,0.742857142857143,0.44415584415584425,0.7792207792207794,0.5350649350649351,0.5948051948051949,0.781818181818182,0.6025974025974027,0.3974025974025975,0.6051948051948053,0.6051948051948053,0.6181818181818183,0.8415584415584417,0.6961038961038962,0.5818181818181819,0.4025974025974027,0.5948051948051949,0.43896103896103905,0.49610389610389616,0.5558441558441559,0.5142857142857143,0.47532467532467537,0.5194805194805195,0.6259740259740261,0.5662337662337663,0.5402597402597403,0.6415584415584417,0.7792207792207794,0.49610389610389616,0.5584415584415585,0.49610389610389616,0.6181818181818183,0.5194805194805195,0.5454545454545455,0.7246753246753248,0.48571428571428577,0.6571428571428573,0.7324675324675326,0.7246753246753248,1.0000000000000002,0.651948051948052,0.42857142857142866,0.49610389610389616,0.7610389610389612,0.5298701298701299,0.5246753246753247,0.6103896103896105,0.6935064935064936,0.48311688311688317,0.5818181818181819,0.5064935064935066,0.690909090909091,0.6311688311688313,0.48831168831168836,0.6337662337662339,0.768831168831169,0.6753246753246754,0.44155844155844165,0.7402597402597404,0.6129870129870131,0.7272727272727274,0.6259740259740261,0.5740259740259741,0.5506493506493507,0.6051948051948053,0.4545454545454546,0.6545454545454547,0.42597402597402606,0.4727272727272728,0.716883116883117,0.72987012987013,0.7116883116883118,0.49870129870129876,0.7480519480519482,0.41298701298701307
MAC,0.5506493506493507,0.8025974025974028,0.3688311688311689,0.7090909090909092,0.4000000000000001,0.7896103896103898,0.41818181818181827,0.6051948051948053,0.72987012987013,0.5766233766233767,0.42077922077922086,0.8493506493506495,0.47792207792207797,0.5974025974025975,0.6675324675324676,0.6857142857142858,0.6103896103896105,0.3870129870129871,0.3636363636363637,0.42857142857142866,0.5818181818181819,0.703896103896104,0.6441558441558443,0.5610389610389611,0.7376623376623378,0.6623376623376624,0.6311688311688313,0.7610389610389612,0.503896103896104,0.6675324675324676,0.7090909090909092,0.6181818181818183,0.5090909090909091,0.7012987012987014,0.5012987012987014,0.6441558441558443,0.6207792207792209,0.6675324675324676,0.6753246753246754,0.5740259740259741,0.7220779220779222,0.651948051948052,1.0000000000000002,0.41818181818181827,0.5636363636363637,0.7376623376623378,0.6415584415584417,0.5558441558441559,0.8000000000000002,0.5896103896103897,0.6805194805194806,0.7090909090909092,0.3610389610389611,0.6129870129870131,0.4077922077922079,0.43376623376623386,0.6129870129870131,0.664935064935065,0.451948051948052,0.7194805194805196,0.5428571428571429,0.5142857142857143,0.7714285714285716,0.49090909090909096,0.6051948051948053,0.768831168831169,0.6259740259740261,0.3870129870129871,0.6181818181818183,0.7012987012987014,0.6493506493506495,0.7090909090909092,0.7610389610389612,0.6753246753246754,0.48311688311688317,0.7584415584415586,0.5194805194805195
MAR,0.49610389610389616,0.3584415584415585,0.8441558441558443,0.5350649350649351,0.6623376623376624,0.5506493506493507,0.8025974025974028,0.7350649350649352,0.5584415584415585,0.6831168831168832,0.3818181818181819,0.5064935064935066,0.6259740259740261,0.7246753246753248,0.6961038961038962,0.4675324675324676,0.5740259740259741,0.7220779220779222,0.7116883116883118,0.651948051948052,0.768831168831169,0.7870129870129872,0.5454545454545455,0.5948051948051949,0.48571428571428577,0.8051948051948054,0.8129870129870131,0.5636363636363637,0.6259740259740261,0.5740259740259741,0.27532467532467536,0.6415584415584417,0.49090909090909096,0.7766233766233768,0.6441558441558443,0.41558441558441567,0.6441558441558443,0.451948051948052,0.5454545454545455,0.6155844155844157,0.3688311688311689,0.42857142857142866,0.41818181818181827,1.0000000000000002,0.48571428571428577,0.5376623376623377,0.7350649350649352,0.677922077922078,0.2363636363636364,0.5584415584415585,0.4675324675324676,0.5480519480519481,0.781818181818182,0.7480519480519482,0.5558441558441559,0.677922077922078,0.3974025974025975,0.3844155844155845,0.703896103896104,0.4545454545454546,0.651948051948052,0.6025974025974027,0.6233766233766235,0.6857142857142858,0.8051948051948054,0.29610389610389615,0.7844155844155846,0.7090909090909092,0.8649350649350651,0.5454545454545455,0.3714285714285715,0.3376623376623377,0.5090909090909091,0.5246753246753247,0.8545454545454547,0.3792207792207793,0.2337662337662338
MDA,0.49870129870129876,0.6467532467532469,0.6363636363636365,0.7844155844155846,0.72987012987013,0.6051948051948053,0.4571428571428572,0.49870129870129876,0.6467532467532469,0.6493506493506495,0.44155844155844165,0.4727272727272728,0.6883116883116884,0.6233766233766235,0.5584415584415585,0.664935064935065,0.3506493506493507,0.5688311688311689,0.5870129870129871,0.48831168831168836,0.41818181818181827,0.3896103896103897,0.6025974025974027,0.5480519480519481,0.4597402597402598,0.5740259740259741,0.3558441558441559,0.5064935064935066,0.47792207792207797,0.5870129870129871,0.6155844155844157,0.5844155844155845,0.6961038961038962,0.43896103896103905,0.6311688311688313,0.5246753246753247,0.6493506493506495,0.6337662337662339,0.677922077922078,0.6129870129870131,0.5480519480519481,0.49610389610389616,0.5636363636363637,0.48571428571428577,1.0000000000000002,0.7454545454545456,0.4051948051948053,0.49870129870129876,0.5688311688311689,0.44415584415584425,0.7376623376623378,0.49350649350649356,0.6207792207792209,0.7272727272727274,0.6025974025974027,0.47532467532467537,0.5714285714285715,0.5818181818181819,0.6311688311688313,0.5090909090909091,0.6701298701298702,0.5246753246753247,0.7740259740259742,0.6987012987012988,0.6987012987012988,0.7116883116883118,0.503896103896104,0.3974025974025975,0.43896103896103905,0.43636363636363645,0.6051948051948053,0.41818181818181827,0.5974025974025975,0.7272727272727274,0.42077922077922086,0.6961038961038962,0.32207792207792213
MEX,0.5766233766233767,0.7740259740259742,0.6415584415584417,0.9324675324675326,0.6623376623376624,0.8831168831168833,0.464935064935065,0.6389610389610391,0.8935064935064937,0.7766233766233768,0.464935064935065,0.6181818181818183,0.7714285714285716,0.7376623376623378,0.8259740259740261,0.7636363636363638,0.6441558441558443,0.5298701298701299,0.768831168831169,0.5636363636363637,0.5298701298701299,0.6155844155844157,0.72987012987013,0.5168831168831169,0.5168831168831169,0.6935064935064936,0.5636363636363637,0.651948051948052,0.7922077922077924,0.8909090909090911,0.6233766233766235,0.6597402597402598,0.7480519480519482,0.6233766233766235,0.6675324675324676,0.755844155844156,0.8805194805194807,0.6311688311688313,0.768831168831169,0.903896103896104,0.7870129870129872,0.7610389610389612,0.7376623376623378,0.5376623376623377,0.7454545454545456,1.0000000000000002,0.6000000000000001,0.5818181818181819,0.7246753246753248,0.6857142857142858,0.7064935064935066,0.6753246753246754,0.6623376623376624,0.8883116883116885,0.7220779220779222,0.48311688311688317,0.6857142857142858,0.7974025974025976,0.7740259740259742,0.5740259740259741,0.8987012987012988,0.6987012987012988,0.9090909090909092,0.6987012987012988,0.7012987012987014,0.6935064935064936,0.6701298701298702,0.47792207792207797,0.7350649350649352,0.5636363636363637,0.651948051948052,0.6103896103896105,0.8025974025974028,0.8519480519480521,0.5298701298701299,0.8415584415584417,0.5350649350649351
MLT,0.7350649350649352,0.6155844155844157,0.664935064935065,0.5974025974025975,0.6753246753246754,0.7350649350649352,0.7480519480519482,0.8831168831168833,0.7064935064935066,0.677922077922078,0.5142857142857143,0.7662337662337664,0.5142857142857143,0.7350649350649352,0.7766233766233768,0.6935064935064936,0.6233766233766235,0.5090909090909091,0.6051948051948053,0.44675324675324685,0.8623376623376625,0.9142857142857144,0.7766233766233768,0.5922077922077923,0.7220779220779222,0.8649350649350651,0.8415584415584417,0.8103896103896105,0.7272727272727274,0.703896103896104,0.42077922077922086,0.781818181818182,0.5610389610389611,0.9246753246753248,0.7792207792207794,0.6441558441558443,0.690909090909091,0.664935064935065,0.7376623376623378,0.6233766233766235,0.6935064935064936,0.5298701298701299,0.6415584415584417,0.7350649350649352,0.4051948051948053,0.6000000000000001,1.0000000000000002,0.9220779220779222,0.3948051948051949,0.7194805194805196,0.5974025974025975,0.8857142857142859,0.4597402597402598,0.6181818181818183,0.3922077922077923,0.7740259740259742,0.4493506493506494,0.7012987012987014,0.677922077922078,0.5688311688311689,0.5636363636363637,0.7870129870129872,0.7350649350649352,0.6467532467532469,0.781818181818182,0.43376623376623386,0.8701298701298703,0.8129870129870131,0.8155844155844157,0.6025974025974027,0.6155844155844157,0.6571428571428573,0.7662337662337664,0.7350649350649352,0.7740259740259742,0.6103896103896105,0.43116883116883126
MNE,0.8207792207792209,0.6129870129870131,0.6857142857142858,0.5740259740259741,0.7194805194805196,0.7142857142857144,0.7844155844155846,0.903896103896104,0.7246753246753248,0.7064935064935066,0.48051948051948057,0.6961038961038962,0.5948051948051949,0.6753246753246754,0.755844155844156,0.716883116883117,0.5766233766233767,0.5012987012987014,0.5948051948051949,0.49090909090909096,0.8155844155844157,0.8311688311688313,0.7610389610389612,0.6181818181818183,0.6571428571428573,0.8727272727272729,0.794805194805195,0.7116883116883118,0.7636363636363638,0.716883116883117,0.4077922077922079,0.7636363636363638,0.6077922077922079,0.8623376623376625,0.7376623376623378,0.5922077922077923,0.7012987012987014,0.5948051948051949,0.7922077922077924,0.6285714285714287,0.7064935064935066,0.5246753246753247,0.5558441558441559,0.677922077922078,0.49870129870129876,0.5818181818181819,0.9220779220779222,1.0000000000000002,0.3662337662337663,0.7246753246753248,0.5142857142857143,0.8233766233766235,0.4545454545454546,0.6493506493506495,0.42337662337662346,0.781818181818182,0.4701298701298702,0.6935064935064936,0.755844155844156,0.44415584415584425,0.6025974025974027,0.8935064935064937,0.7272727272727274,0.768831168831169,0.716883116883117,0.3454545454545455,0.8935064935064937,0.8493506493506495,0.7090909090909092,0.42077922077922086,0.5610389610389611,0.6597402597402598,0.7662337662337664,0.7896103896103898,0.7714285714285716,0.5688311688311689,0.31688311688311693
MYS,0.4597402597402598,0.7090909090909092,0.29870129870129875,0.6831168831168832,0.4051948051948053,0.6545454545454547,0.24675324675324678,0.3948051948051949,0.6623376623376624,0.5454545454545455,0.451948051948052,0.5792207792207793,0.47532467532467537,0.3974025974025975,0.5324675324675325,0.5922077922077923,0.464935064935065,0.32207792207792213,0.3532467532467533,0.3766233766233767,0.26753246753246757,0.3844155844155845,0.5870129870129871,0.3454545454545455,0.5428571428571429,0.43636363636363645,0.3974025974025975,0.5090909090909091,0.42597402597402606,0.6441558441558443,0.7402597402597404,0.4727272727272728,0.5922077922077923,0.4025974025974027,0.41558441558441567,0.5766233766233767,0.6389610389610391,0.5220779220779221,0.5090909090909091,0.6051948051948053,0.6467532467532469,0.6103896103896105,0.8000000000000002,0.2363636363636364,0.5688311688311689,0.7246753246753248,0.3948051948051949,0.3662337662337663,1.0000000000000002,0.43896103896103905,0.5402597402597403,0.48831168831168836,0.29350649350649355,0.5818181818181819,0.5272727272727273,0.3558441558441559,0.6155844155844157,0.5766233766233767,0.41038961038961047,0.5064935064935066,0.5506493506493507,0.4025974025974027,0.7116883116883118,0.44155844155844165,0.4493506493506494,0.7350649350649352,0.3636363636363637,0.2571428571428572,0.43376623376623386,0.4493506493506494,0.5246753246753247,0.6467532467532469,0.7272727272727274,0.6493506493506495,0.20519480519480524,0.7116883116883118,0.44675324675324685
NLD,0.7506493506493508,0.6051948051948053,0.6805194805194806,0.7194805194805196,0.5636363636363637,0.8389610389610391,0.5584415584415585,0.690909090909091,0.7636363636363638,0.8155844155844157,0.25974025974025977,0.651948051948052,0.4493506493506494,0.6129870129870131,0.8597402597402599,0.6441558441558443,0.7142857142857144,0.5012987012987014,0.6935064935064936,0.3454545454545455,0.6337662337662339,0.7610389610389612,0.7116883116883118,0.44415584415584425,0.6961038961038962,0.7740259740259742,0.6051948051948053,0.7610389610389612,0.8000000000000002,0.7324675324675326,0.41818181818181827,0.8025974025974028,0.5194805194805195,0.6623376623376624,0.6831168831168832,0.7740259740259742,0.6987012987012988,0.7064935064935066,0.7272727272727274,0.6493506493506495,0.6389610389610391,0.6935064935064936,0.5896103896103897,0.5584415584415585,0.44415584415584425,0.6857142857142858,0.7194805194805196,0.7246753246753248,0.43896103896103905,1.0000000000000002,0.5142857142857143,0.7116883116883118,0.4000000000000001,0.6753246753246754,0.4077922077922079,0.5168831168831169,0.6000000000000001,0.6675324675324676,0.8285714285714287,0.5948051948051949,0.6623376623376624,0.794805194805195,0.72987012987013,0.6987012987012988,0.6389610389610391,0.48831168831168836,0.7610389610389612,0.47792207792207797,0.651948051948052,0.5402597402597403,0.6623376623376624,0.5298701298701299,0.7116883116883118,0.6727272727272728,0.6675324675324676,0.6103896103896105,0.5844155844155845
NOR,0.4701298701298702,0.6883116883116884,0.5454545454545455,0.6961038961038962,0.7272727272727274,0.6441558441558443,0.48311688311688317,0.6025974025974027,0.5740259740259741,0.5584415584415585,0.5506493506493507,0.677922077922078,0.6077922077922079,0.7974025974025976,0.5116883116883117,0.6129870129870131,0.5454545454545455,0.5974025974025975,0.6129870129870131,0.3558441558441559,0.6493506493506495,0.5766233766233767,0.7272727272727274,0.703896103896104,0.7142857142857144,0.5454545454545455,0.4675324675324676,0.6831168831168832,0.5740259740259741,0.49090909090909096,0.6337662337662339,0.7740259740259742,0.5948051948051949,0.6051948051948053,0.7402597402597404,0.6675324675324676,0.5220779220779221,0.7974025974025976,0.6077922077922079,0.5012987012987014,0.6363636363636365,0.48311688311688317,0.6805194805194806,0.4675324675324676,0.7376623376623378,0.7064935064935066,0.5974025974025975,0.5142857142857143,0.5402597402597403,0.5142857142857143,1.0000000000000002,0.742857142857143,0.5064935064935066,0.5350649350649351,0.31948051948051953,0.41298701298701307,0.5324675324675325,0.690909090909091,0.49610389610389616,0.7610389610389612,0.48311688311688317,0.5298701298701299,0.677922077922078,0.6103896103896105,0.7636363636363638,0.7506493506493508,0.6025974025974027,0.4675324675324676,0.47532467532467537,0.8103896103896105,0.7350649350649352,0.5116883116883117,0.5350649350649351,0.5818181818181819,0.5298701298701299,0.8363636363636365,0.5714285714285715
NZL,0.6831168831168832,0.6753246753246754,0.5688311688311689,0.6415584415584417,0.7454545454545456,0.7584415584415586,0.5792207792207793,0.8675324675324677,0.7246753246753248,0.6597402597402598,0.6467532467532469,0.8779220779220781,0.5948051948051949,0.7376623376623378,0.7402597402597404,0.7324675324675326,0.72987012987013,0.6467532467532469,0.6415584415584417,0.4727272727272728,0.8753246753246755,0.8233766233766235,0.7896103896103898,0.6623376623376624,0.7324675324675326,0.8181818181818183,0.6935064935064936,0.8000000000000002,0.742857142857143,0.6987012987012988,0.47792207792207797,0.8025974025974028,0.6727272727272728,0.8675324675324677,0.8233766233766235,0.6233766233766235,0.6571428571428573,0.7220779220779222,0.7974025974025976,0.6129870129870131,0.8623376623376625,0.5818181818181819,0.7090909090909092,0.5480519480519481,0.49350649350649356,0.6753246753246754,0.8857142857142859,0.8233766233766235,0.48831168831168836,0.7116883116883118,0.742857142857143,1.0000000000000002,0.3714285714285715,0.5636363636363637,0.3532467532467533,0.6493506493506495,0.49870129870129876,0.8337662337662339,0.6675324675324676,0.6415584415584417,0.5974025974025975,0.8285714285714287,0.716883116883117,0.6181818181818183,0.7324675324675326,0.5844155844155845,0.8129870129870131,0.7090909090909092,0.690909090909091,0.6467532467532469,0.6701298701298702,0.7870129870129872,0.7792207792207794,0.742857142857143,0.6961038961038962,0.7974025974025976,0.5454545454545455
PAN,0.3948051948051949,0.3688311688311689,0.8181818181818183,0.5974025974025975,0.5740259740259741,0.5116883116883117,0.5558441558441559,0.48311688311688317,0.5870129870129871,0.6103896103896105,0.4000000000000001,0.30909090909090914,0.6935064935064936,0.7922077922077924,0.5974025974025975,0.48831168831168836,0.42077922077922086,0.5974025974025975,0.7064935064935066,0.7012987012987014,0.5428571428571429,0.5324675324675325,0.3480519480519481,0.5558441558441559,0.2363636363636364,0.6025974025974027,0.5246753246753247,0.3480519480519481,0.6077922077922079,0.6441558441558443,0.28051948051948056,0.49870129870129876,0.5454545454545455,0.5376623376623377,0.5584415584415585,0.3688311688311689,0.6233766233766235,0.3532467532467533,0.4675324675324676,0.690909090909091,0.4051948051948053,0.5064935064935066,0.3610389610389611,0.781818181818182,0.6207792207792209,0.6623376623376624,0.4597402597402598,0.4545454545454546,0.29350649350649355,0.4000000000000001,0.5064935064935066,0.3714285714285715,1.0000000000000002,0.7766233766233768,0.6753246753246754,0.5688311688311689,0.5324675324675325,0.5012987012987014,0.6467532467532469,0.3844155844155845,0.7324675324675326,0.5168831168831169,0.5740259740259741,0.6727272727272728,0.7220779220779222,0.3636363636363637,0.5480519480519481,0.5246753246753247,0.677922077922078,0.49350649350649356,0.29610389610389615,0.3324675324675325,0.4493506493506494,0.5714285714285715,0.7116883116883118,0.451948051948052,0.17402597402597406
PER,0.5922077922077923,0.6597402597402598,0.7662337662337664,0.8857142857142859,0.677922077922078,0.8000000000000002,0.6181818181818183,0.6597402597402598,0.8051948051948054,0.8753246753246755,0.3922077922077923,0.5454545454545455,0.8051948051948054,0.7012987012987014,0.8389610389610391,0.6441558441558443,0.5948051948051949,0.6051948051948053,0.7766233766233768,0.7376623376623378,0.5532467532467533,0.6701298701298702,0.6935064935064936,0.5142857142857143,0.48831168831168836,0.8000000000000002,0.6727272727272728,0.5844155844155845,0.7636363636363638,0.8571428571428573,0.5636363636363637,0.6259740259740261,0.7376623376623378,0.651948051948052,0.6285714285714287,0.6571428571428573,0.916883116883117,0.5064935064935066,0.7142857142857144,0.9116883116883118,0.6285714285714287,0.690909090909091,0.6129870129870131,0.7480519480519482,0.7272727272727274,0.8883116883116885,0.6181818181818183,0.6493506493506495,0.5818181818181819,0.6753246753246754,0.5350649350649351,0.5636363636363637,0.7766233766233768,1.0000000000000002,0.7454545454545456,0.5610389610389611,0.5922077922077923,0.6467532467532469,0.8597402597402599,0.48571428571428577,0.9194805194805196,0.7012987012987014,0.8961038961038963,0.7454545454545456,0.7480519480519482,0.5636363636363637,0.7116883116883118,0.5220779220779221,0.8103896103896105,0.503896103896104,0.5116883116883117,0.5324675324675325,0.768831168831169,0.8285714285714287,0.6311688311688313,0.6311688311688313,0.3818181818181819
PHL,0.41818181818181827,0.451948051948052,0.6155844155844157,0.6493506493506495,0.43896103896103905,0.6103896103896105,0.3636363636363637,0.43896103896103905,0.7532467532467534,0.5350649350649351,0.44155844155844165,0.3584415584415585,0.6077922077922079,0.43636363636363645,0.6623376623376624,0.6805194805194806,0.49090909090909096,0.4571428571428572,0.5688311688311689,0.6233766233766235,0.31948051948051953,0.42857142857142866,0.3584415584415585,0.2363636363636364,0.17662337662337665,0.5428571428571429,0.4623376623376624,0.3402597402597403,0.5532467532467533,0.7480519480519482,0.44415584415584425,0.32467532467532473,0.4597402597402598,0.42597402597402606,0.3844155844155845,0.3974025974025975,0.7142857142857144,0.30649350649350654,0.5194805194805195,0.768831168831169,0.47532467532467537,0.6311688311688313,0.4077922077922079,0.5558441558441559,0.6025974025974027,0.7220779220779222,0.3922077922077923,0.42337662337662346,0.5272727272727273,0.4077922077922079,0.31948051948051953,0.3532467532467533,0.6753246753246754,0.7454545454545456,1.0000000000000002,0.5844155844155845,0.48051948051948057,0.44155844155844165,0.6259740259740261,0.26753246753246757,0.8233766233766235,0.5402597402597403,0.6727272727272728,0.5688311688311689,0.43896103896103905,0.4493506493506494,0.43896103896103905,0.48311688311688317,0.6623376623376624,0.20779220779220783,0.31948051948051953,0.5090909090909091,0.6103896103896105,0.703896103896104,0.4701298701298702,0.5272727272727273,0.2337662337662338
POL,0.5870129870129871,0.49870129870129876,0.755844155844156,0.4545454545454546,0.6233766233766235,0.6000000000000001,0.6025974025974027,0.703896103896104,0.7064935064935066,0.5740259740259741,0.6961038961038962,0.5740259740259741,0.41298701298701307,0.6259740259740261,0.7012987012987014,0.7740259740259742,0.5012987012987014,0.5376623376623377,0.49350649350649356,0.49350649350649356,0.6415584415584417,0.6467532467532469,0.49610389610389616,0.4571428571428572,0.4623376623376624,0.7272727272727274,0.6857142857142858,0.5116883116883117,0.5740259740259741,0.7246753246753248,0.3402597402597403,0.651948051948052,0.44675324675324685,0.72987012987013,0.7116883116883118,0.3610389610389611,0.6727272727272728,0.5298701298701299,0.6000000000000001,0.6259740259740261,0.6155844155844157,0.48831168831168836,0.43376623376623386,0.677922077922078,0.47532467532467537,0.48311688311688317,0.7740259740259742,0.781818181818182,0.3558441558441559,0.5168831168831169,0.41298701298701307,0.6493506493506495,0.5688311688311689,0.5610389610389611,0.5844155844155845,1.0000000000000002,0.5454545454545455,0.5974025974025975,0.5870129870129871,0.3298701298701299,0.6103896103896105,0.7116883116883118,0.6363636363636365,0.7350649350649352,0.7090909090909092,0.41038961038961047,0.6207792207792209,0.8259740259740261,0.6961038961038962,0.3350649350649351,0.41298701298701307,0.6441558441558443,0.7714285714285716,0.7610389610389612,0.6883116883116884,0.5194805194805195,0.16623376623376626
PRT,0.49610389610389616,0.6000000000000001,0.5636363636363637,0.5922077922077923,0.48571428571428577,0.6831168831168832,0.3610389610389611,0.5090909090909091,0.7272727272727274,0.5532467532467533,0.42597402597402606,0.5012987012987014,0.49090909090909096,0.6493506493506495,0.6493506493506495,0.755844155844156,0.4623376623376624,0.41298701298701307,0.48311688311688317,0.32467532467532473,0.4597402597402598,0.43376623376623386,0.44155844155844165,0.5064935064935066,0.3948051948051949,0.5350649350649351,0.4493506493506494,0.4623376623376624,0.5480519480519481,0.7090909090909092,0.41818181818181827,0.6051948051948053,0.49350649350649356,0.5220779220779221,0.5766233766233767,0.44415584415584425,0.6311688311688313,0.5480519480519481,0.5922077922077923,0.6233766233766235,0.6675324675324676,0.6337662337662339,0.6129870129870131,0.3974025974025975,0.5714285714285715,0.6857142857142858,0.4493506493506494,0.4701298701298702,0.6155844155844157,0.6000000000000001,0.5324675324675325,0.49870129870129876,0.5324675324675325,0.5922077922077923,0.48051948051948057,0.5454545454545455,1.0000000000000002,0.6493506493506495,0.5090909090909091,0.41298701298701307,0.6415584415584417,0.5428571428571429,0.651948051948052,0.6883116883116884,0.6285714285714287,0.5480519480519481,0.5090909090909091,0.43376623376623386,0.5168831168831169,0.4051948051948053,0.47792207792207797,0.5506493506493507,0.6805194805194806,0.6545454545454547,0.4701298701298702,0.6883116883116884,0.43636363636363645
QAT,0.7064935064935066,0.7740259740259742,0.5350649350649351,0.7480519480519482,0.7090909090909092,0.7792207792207794,0.48831168831168836,0.716883116883117,0.7766233766233768,0.6883116883116884,0.6337662337662339,0.6805194805194806,0.6597402597402598,0.7636363636363638,0.7740259740259742,0.755844155844156,0.5714285714285715,0.49350649350649356,0.6753246753246754,0.41818181818181827,0.6389610389610391,0.5844155844155845,0.7142857142857144,0.5844155844155845,0.5636363636363637,0.6701298701298702,0.5402597402597403,0.6441558441558443,0.742857142857143,0.8155844155844157,0.48311688311688317,0.716883116883117,0.7766233766233768,0.703896103896104,0.8000000000000002,0.6207792207792209,0.7714285714285716,0.6259740259740261,0.8285714285714287,0.7636363636363638,0.92987012987013,0.768831168831169,0.664935064935065,0.3844155844155845,0.5818181818181819,0.7974025974025976,0.7012987012987014,0.6935064935064936,0.5766233766233767,0.6675324675324676,0.690909090909091,0.8337662337662339,0.5012987012987014,0.6467532467532469,0.44155844155844165,0.5974025974025975,0.6493506493506495,1.0000000000000002,0.6753246753246754,0.48051948051948057,0.7142857142857144,0.7480519480519482,0.7662337662337664,0.6597402597402598,0.716883116883117,0.6259740259740261,0.6675324675324676,0.5948051948051949,0.6181818181818183,0.5090909090909091,0.5974025974025975,0.7792207792207794,0.8311688311688313,0.8285714285714287,0.49870129870129876,0.8701298701298703,0.47532467532467537
QAZ,0.6961038961038962,0.5220779220779221,0.8389610389610391,0.8129870129870131,0.7454545454545456,0.7610389610389612,0.6389610389610391,0.703896103896104,0.7792207792207794,0.8909090909090911,0.3480519480519481,0.5246753246753247,0.690909090909091,0.664935064935065,0.8727272727272729,0.6181818181818183,0.6389610389610391,0.6597402597402598,0.8701298701298703,0.6259740259740261,0.6389610389610391,0.7090909090909092,0.6935064935064936,0.4727272727272728,0.5168831168831169,0.8415584415584417,0.5714285714285715,0.6207792207792209,0.8493506493506495,0.8103896103896105,0.3688311688311689,0.7116883116883118,0.7376623376623378,0.6337662337662339,0.7324675324675326,0.651948051948052,0.8051948051948054,0.5740259740259741,0.755844155844156,0.7922077922077924,0.6311688311688313,0.6753246753246754,0.451948051948052,0.703896103896104,0.6311688311688313,0.7740259740259742,0.677922077922078,0.755844155844156,0.41038961038961047,0.8285714285714287,0.49610389610389616,0.6675324675324676,0.6467532467532469,0.8597402597402599,0.6259740259740261,0.5870129870129871,0.5090909090909091,0.6753246753246754,1.0000000000000002,0.4675324675324676,0.8441558441558443,0.8649350649350651,0.7740259740259742,0.7584415584415586,0.6987012987012988,0.43116883116883126,0.755844155844156,0.5558441558441559,0.7064935064935066,0.43376623376623386,0.5558441558441559,0.49350649350649356,0.7116883116883118,0.781818181818182,0.7194805194805196,0.5610389610389611,0.43116883116883126
QCI,0.47792207792207797,0.5610389610389611,0.49870129870129876,0.6233766233766235,0.41818181818181827,0.6545454545454547,0.3454545454545455,0.4571428571428572,0.5324675324675325,0.5740259740259741,0.31168831168831174,0.7220779220779222,0.3324675324675325,0.6077922077922079,0.5142857142857143,0.49350649350649356,0.6103896103896105,0.47532467532467537,0.43636363636363645,0.3636363636363637,0.5714285714285715,0.6961038961038962,0.6337662337662339,0.5090909090909091,0.7740259740259742,0.5766233766233767,0.4493506493506494,0.7454545454545456,0.5012987012987014,0.44155844155844165,0.6233766233766235,0.6987012987012988,0.3584415584415585,0.5402597402597403,0.5324675324675325,0.6805194805194806,0.4077922077922079,0.7896103896103898,0.44675324675324685,0.3766233766233767,0.4571428571428572,0.44155844155844165,0.7194805194805196,0.4545454545454546,0.5090909090909091,0.5740259740259741,0.5688311688311689,0.44415584415584425,0.5064935064935066,0.5948051948051949,0.7610389610389612,0.6415584415584417,0.3844155844155845,0.48571428571428577,0.26753246753246757,0.3298701298701299,0.41298701298701307,0.48051948051948057,0.4675324675324676,1.0000000000000002,0.3740259740259741,0.47532467532467537,0.5896103896103897,0.4493506493506494,0.5896103896103897,0.7116883116883118,0.5220779220779221,0.2545454545454546,0.44415584415584425,0.8389610389610391,0.742857142857143,0.48051948051948057,0.48571428571428577,0.4701298701298702,0.5636363636363637,0.6181818181818183,0.6025974025974027
QMR,0.5558441558441559,0.6285714285714287,0.7454545454545456,0.8207792207792209,0.677922077922078,0.8103896103896105,0.5012987012987014,0.6675324675324676,0.8753246753246755,0.8000000000000002,0.5064935064935066,0.5324675324675325,0.7870129870129872,0.6701298701298702,0.8701298701298703,0.7324675324675326,0.6701298701298702,0.651948051948052,0.807792207792208,0.6831168831168832,0.5376623376623377,0.5844155844155845,0.6025974025974027,0.4597402597402598,0.3506493506493507,0.7480519480519482,0.6077922077922079,0.5090909090909091,0.8000000000000002,0.916883116883117,0.44155844155844165,0.5948051948051949,0.716883116883117,0.6259740259740261,0.651948051948052,0.5558441558441559,0.916883116883117,0.464935064935065,0.755844155844156,0.9454545454545455,0.7350649350649352,0.7402597402597404,0.5428571428571429,0.651948051948052,0.6701298701298702,0.8987012987012988,0.5636363636363637,0.6025974025974027,0.5506493506493507,0.6623376623376624,0.48311688311688317,0.5974025974025975,0.7324675324675326,0.9194805194805196,0.8233766233766235,0.6103896103896105,0.6415584415584417,0.7142857142857144,0.8441558441558443,0.3740259740259741,1.0000000000000002,0.755844155844156,0.8389610389610391,0.755844155844156,0.6753246753246754,0.5246753246753247,0.6753246753246754,0.5662337662337663,0.8051948051948054,0.3740259740259741,0.4571428571428572,0.5948051948051949,0.794805194805195,0.8363636363636365,0.6051948051948053,0.7012987012987014,0.3584415584415585
QRT,0.7636363636363638,0.5792207792207793,0.7454545454545456,0.6363636363636365,0.7246753246753248,0.7896103896103898,0.6207792207792209,0.8441558441558443,0.8233766233766235,0.7662337662337664,0.5298701298701299,0.6987012987012988,0.6597402597402598,0.6805194805194806,0.8051948051948054,0.7532467532467534,0.7532467532467534,0.6363636363636365,0.7246753246753248,0.5974025974025975,0.7766233766233768,0.7792207792207794,0.703896103896104,0.5922077922077923,0.5818181818181819,0.8519480519480521,0.6701298701298702,0.6493506493506495,0.8987012987012988,0.8129870129870131,0.3948051948051949,0.7792207792207794,0.6441558441558443,0.7610389610389612,0.7324675324675326,0.6077922077922079,0.7324675324675326,0.5974025974025975,0.7766233766233768,0.7220779220779222,0.7896103896103898,0.6129870129870131,0.5142857142857143,0.6025974025974027,0.5246753246753247,0.6987012987012988,0.7870129870129872,0.8935064935064937,0.4025974025974027,0.794805194805195,0.5298701298701299,0.8285714285714287,0.5168831168831169,0.7012987012987014,0.5402597402597403,0.7116883116883118,0.5428571428571429,0.7480519480519482,0.8649350649350651,0.47532467532467537,0.755844155844156,1.0000000000000002,0.7090909090909092,0.8181818181818183,0.6363636363636365,0.3870129870129871,0.8389610389610391,0.7532467532467534,0.664935064935065,0.42337662337662346,0.5610389610389611,0.7090909090909092,0.768831168831169,0.8103896103896105,0.8000000000000002,0.651948051948052,0.4051948051948053
ROU,0.7064935064935066,0.8155844155844157,0.664935064935065,0.9272727272727274,0.703896103896104,0.903896103896104,0.6025974025974027,0.7376623376623378,0.8883116883116885,0.8441558441558443,0.4701298701298702,0.7116883116883118,0.6987012987012988,0.6831168831168832,0.8727272727272729,0.8233766233766235,0.5974025974025975,0.5168831168831169,0.6675324675324676,0.5168831168831169,0.5740259740259741,0.6987012987012988,0.8259740259740261,0.5220779220779221,0.6623376623376624,0.8051948051948054,0.6961038961038962,0.7740259740259742,0.7090909090909092,0.8649350649350651,0.7064935064935066,0.7272727272727274,0.7350649350649352,0.7272727272727274,0.7194805194805196,0.7636363636363638,0.9220779220779222,0.716883116883117,0.8181818181818183,0.8597402597402599,0.7610389610389612,0.7272727272727274,0.7714285714285716,0.6233766233766235,0.7740259740259742,0.9090909090909092,0.7350649350649352,0.7272727272727274,0.7116883116883118,0.72987012987013,0.677922077922078,0.716883116883117,0.5740259740259741,0.8961038961038963,0.6727272727272728,0.6363636363636365,0.651948051948052,0.7662337662337664,0.7740259740259742,0.5896103896103897,0.8389610389610391,0.7090909090909092,1.0000000000000002,0.7532467532467534,0.7844155844155846,0.7272727272727274,0.7376623376623378,0.5714285714285715,0.7844155844155846,0.5402597402597403,0.7142857142857144,0.6467532467532469,0.9012987012987014,0.916883116883117,0.5428571428571429,0.8051948051948054,0.48051948051948057
RUS,0.7116883116883118,0.6441558441558443,0.8259740259740261,0.6311688311688313,0.768831168831169,0.7636363636363638,0.716883116883117,0.7870129870129872,0.781818181818182,0.7584415584415586,0.5220779220779221,0.5662337662337663,0.7012987012987014,0.7662337662337664,0.7584415584415586,0.7480519480519482,0.651948051948052,0.6597402597402598,0.7116883116883118,0.48571428571428577,0.6571428571428573,0.6181818181818183,0.6727272727272728,0.6883116883116884,0.5766233766233767,0.7324675324675326,0.7012987012987014,0.5584415584415585,0.794805194805195,0.7376623376623378,0.47792207792207797,0.8441558441558443,0.5662337662337663,0.6935064935064936,0.7402597402597404,0.5636363636363637,0.7610389610389612,0.6389610389610391,0.7220779220779222,0.7246753246753248,0.664935064935065,0.6259740259740261,0.49090909090909096,0.6857142857142858,0.6987012987012988,0.6987012987012988,0.6467532467532469,0.768831168831169,0.44155844155844165,0.6987012987012988,0.6103896103896105,0.6181818181818183,0.6727272727272728,0.7454545454545456,0.5688311688311689,0.7350649350649352,0.6883116883116884,0.6597402597402598,0.7584415584415586,0.4493506493506494,0.755844155844156,0.8181818181818183,0.7532467532467534,1.0000000000000002,0.781818181818182,0.4623376623376624,0.8000000000000002,0.7532467532467534,0.6571428571428573,0.42337662337662346,0.5480519480519481,0.5506493506493507,0.703896103896104,0.7402597402597404,0.7480519480519482,0.6961038961038962,0.28051948051948056
SAU,0.6337662337662339,0.6441558441558443,0.8285714285714287,0.7142857142857144,0.8363636363636365,0.6961038961038962,0.7116883116883118,0.7636363636363638,0.6623376623376624,0.768831168831169,0.5272727272727273,0.6155844155844157,0.664935064935065,0.9142857142857144,0.7584415584415586,0.6337662337662339,0.5142857142857143,0.6987012987012988,0.7532467532467534,0.4623376623376624,0.768831168831169,0.7116883116883118,0.7194805194805196,0.716883116883117,0.6155844155844157,0.7922077922077924,0.7012987012987014,0.6883116883116884,0.6597402597402598,0.6831168831168832,0.43116883116883126,0.8441558441558443,0.690909090909091,0.8000000000000002,0.9064935064935066,0.5688311688311689,0.7480519480519482,0.7246753246753248,0.7506493506493508,0.6857142857142858,0.6467532467532469,0.5740259740259741,0.6051948051948053,0.8051948051948054,0.6987012987012988,0.7012987012987014,0.781818181818182,0.716883116883117,0.4493506493506494,0.6389610389610391,0.7636363636363638,0.7324675324675326,0.7220779220779222,0.7480519480519482,0.43896103896103905,0.7090909090909092,0.6285714285714287,0.716883116883117,0.6987012987012988,0.5896103896103897,0.6753246753246754,0.6363636363636365,0.7844155844155846,0.781818181818182,1.0000000000000002,0.6129870129870131,0.7740259740259742,0.6623376623376624,0.7740259740259742,0.6753246753246754,0.6155844155844157,0.5220779220779221,0.703896103896104,0.7012987012987014,0.7194805194805196,0.7194805194805196,0.3532467532467533
SGP,0.43896103896103905,0.7896103896103898,0.43896103896103905,0.7480519480519482,0.5116883116883117,0.677922077922078,0.18961038961038965,0.3610389610389611,0.6025974025974027,0.6207792207792209,0.5454545454545455,0.6545454545454547,0.3974025974025975,0.5376623376623377,0.5454545454545455,0.6051948051948053,0.5168831168831169,0.48311688311688317,0.43896103896103905,0.3558441558441559,0.3402597402597403,0.43376623376623386,0.6259740259740261,0.3818181818181819,0.6597402597402598,0.4675324675324676,0.3298701298701299,0.6155844155844157,0.42077922077922086,0.5740259740259741,0.7584415584415586,0.6337662337662339,0.5324675324675325,0.41038961038961047,0.6000000000000001,0.677922077922078,0.6103896103896105,0.7636363636363638,0.5844155844155845,0.5662337662337663,0.6051948051948053,0.5506493506493507,0.768831168831169,0.29610389610389615,0.7116883116883118,0.6935064935064936,0.43376623376623386,0.3454545454545455,0.7350649350649352,0.48831168831168836,0.7506493506493508,0.5844155844155845,0.3636363636363637,0.5636363636363637,0.4493506493506494,0.41038961038961047,0.5480519480519481,0.6259740259740261,0.43116883116883126,0.7116883116883118,0.5246753246753247,0.3870129870129871,0.7272727272727274,0.4623376623376624,0.6129870129870131,1.0000000000000002,0.3506493506493507,0.19480519480519484,0.41818181818181827,0.6805194805194806,0.6753246753246754,0.6051948051948053,0.6831168831168832,0.6389610389610391,0.27012987012987016,0.7870129870129872,0.5662337662337663
SRB,0.7636363636363638,0.6181818181818183,0.6883116883116884,0.6077922077922079,0.7246753246753248,0.768831168831169,0.8441558441558443,0.9610389610389611,0.72987012987013,0.7142857142857144,0.4000000000000001,0.7376623376623378,0.7246753246753248,0.7714285714285716,0.8000000000000002,0.6597402597402598,0.716883116883117,0.6311688311688313,0.7064935064935066,0.5012987012987014,0.8987012987012988,0.8727272727272729,0.7636363636363638,0.7480519480519482,0.6701298701298702,0.8779220779220781,0.8883116883116885,0.7506493506493508,0.8129870129870131,0.6831168831168832,0.3896103896103897,0.8000000000000002,0.5870129870129871,0.9246753246753248,0.7194805194805196,0.6000000000000001,0.7064935064935066,0.5948051948051949,0.8155844155844157,0.6571428571428573,0.6935064935064936,0.6051948051948053,0.6259740259740261,0.7844155844155846,0.503896103896104,0.6701298701298702,0.8701298701298703,0.8935064935064937,0.3636363636363637,0.7610389610389612,0.6025974025974027,0.8129870129870131,0.5480519480519481,0.7116883116883118,0.43896103896103905,0.6207792207792209,0.5090909090909091,0.6675324675324676,0.755844155844156,0.5220779220779221,0.6753246753246754,0.8389610389610391,0.7376623376623378,0.8000000000000002,0.7740259740259742,0.3506493506493507,1.0000000000000002,0.8155844155844157,0.8285714285714287,0.5402597402597403,0.5610389610389611,0.5844155844155845,0.6727272727272728,0.6675324675324676,0.8493506493506495,0.6467532467532469,0.3766233766233767
SVK,0.5818181818181819,0.49350649350649356,0.6181818181818183,0.3662337662337663,0.7116883116883118,0.5428571428571429,0.8207792207792209,0.8909090909090911,0.6155844155844157,0.4701298701298702,0.6753246753246754,0.5792207792207793,0.6441558441558443,0.6623376623376624,0.6155844155844157,0.677922077922078,0.5714285714285715,0.5688311688311689,0.5714285714285715,0.49870129870129876,0.7922077922077924,0.6753246753246754,0.6103896103896105,0.6467532467532469,0.48831168831168836,0.690909090909091,0.8415584415584417,0.48311688311688317,0.6753246753246754,0.6025974025974027,0.30129870129870134,0.6415584415584417,0.47532467532467537,0.8363636363636365,0.6545454545454547,0.3662337662337663,0.6233766233766235,0.3974025974025975,0.6259740259740261,0.5974025974025975,0.6337662337662339,0.4545454545454546,0.3870129870129871,0.7090909090909092,0.3974025974025975,0.47792207792207797,0.8129870129870131,0.8493506493506495,0.2571428571428572,0.47792207792207797,0.4675324675324676,0.7090909090909092,0.5246753246753247,0.5220779220779221,0.48311688311688317,0.8259740259740261,0.43376623376623386,0.5948051948051949,0.5558441558441559,0.2545454545454546,0.5662337662337663,0.7532467532467534,0.5714285714285715,0.7532467532467534,0.6623376623376624,0.19480519480519484,0.8155844155844157,1.0000000000000002,0.7376623376623378,0.30389610389610394,0.3402597402597403,0.5896103896103897,0.6207792207792209,0.6363636363636365,0.7402597402597404,0.5402597402597403,0.18701298701298705
SVN,0.5662337662337663,0.5818181818181819,0.7064935064935066,0.6701298701298702,0.6181818181818183,0.7584415584415586,0.7194805194805196,0.8155844155844157,0.7636363636363638,0.7064935064935066,0.48311688311688317,0.651948051948052,0.6701298701298702,0.7220779220779222,0.8649350649350651,0.6545454545454547,0.690909090909091,0.6207792207792209,0.7194805194805196,0.6025974025974027,0.7506493506493508,0.8155844155844157,0.6441558441558443,0.5350649350649351,0.5064935064935066,0.8285714285714287,0.8883116883116885,0.6623376623376624,0.7246753246753248,0.7922077922077924,0.3740259740259741,0.6363636363636365,0.5610389610389611,0.8701298701298703,0.664935064935065,0.5350649350649351,0.8311688311688313,0.47532467532467537,0.7116883116883118,0.8155844155844157,0.6363636363636365,0.6545454545454547,0.6181818181818183,0.8649350649350651,0.43896103896103905,0.7350649350649352,0.8155844155844157,0.7090909090909092,0.43376623376623386,0.651948051948052,0.47532467532467537,0.690909090909091,0.677922077922078,0.8103896103896105,0.6623376623376624,0.6961038961038962,0.5168831168831169,0.6181818181818183,0.7064935064935066,0.44415584415584425,0.8051948051948054,0.664935064935065,0.7844155844155846,0.6571428571428573,0.7740259740259742,0.41818181818181827,0.8285714285714287,0.7376623376623378,1.0000000000000002,0.5272727272727273,0.44155844155844165,0.5636363636363637,0.742857142857143,0.6961038961038962,0.7454545454545456,0.6000000000000001,0.3558441558441559
SWE,0.3740259740259741,0.5792207792207793,0.5246753246753247,0.5844155844155845,0.4597402597402598,0.5974025974025975,0.4025974025974027,0.4675324675324676,0.4493506493506494,0.5662337662337663,0.4000000000000001,0.6961038961038962,0.3948051948051949,0.7272727272727274,0.49090909090909096,0.3844155844155845,0.6207792207792209,0.5350649350649351,0.5194805194805195,0.43636363636363645,0.6311688311688313,0.7090909090909092,0.6000000000000001,0.5740259740259741,0.7610389610389612,0.5506493506493507,0.5194805194805195,0.6727272727272728,0.5402597402597403,0.43376623376623386,0.5584415584415585,0.7142857142857144,0.3792207792207793,0.5896103896103897,0.5818181818181819,0.651948051948052,0.43376623376623386,0.6935064935064936,0.42077922077922086,0.42857142857142866,0.451948051948052,0.42597402597402606,0.7012987012987014,0.5454545454545455,0.43636363636363645,0.5636363636363637,0.6025974025974027,0.42077922077922086,0.4493506493506494,0.5402597402597403,0.8103896103896105,0.6467532467532469,0.49350649350649356,0.503896103896104,0.20779220779220783,0.3350649350649351,0.4051948051948053,0.5090909090909091,0.43376623376623386,0.8389610389610391,0.3740259740259741,0.42337662337662346,0.5402597402597403,0.42337662337662346,0.6753246753246754,0.6805194805194806,0.5402597402597403,0.30389610389610394,0.5272727272727273,1.0000000000000002,0.6103896103896105,0.464935064935065,0.4493506493506494,0.4077922077922079,0.6000000000000001,0.6025974025974027,0.6000000000000001
TAP,0.6129870129870131,0.6285714285714287,0.5116883116883117,0.7064935064935066,0.5376623376623377,0.7272727272727274,0.3688311688311689,0.5298701298701299,0.6545454545454547,0.6233766233766235,0.28311688311688316,0.6363636363636365,0.3662337662337663,0.5688311688311689,0.6077922077922079,0.6441558441558443,0.49350649350649356,0.3662337662337663,0.48311688311688317,0.16623376623376626,0.49610389610389616,0.6051948051948053,0.7090909090909092,0.5532467532467533,0.6961038961038962,0.5870129870129871,0.4051948051948053,0.7870129870129872,0.5428571428571429,0.5454545454545455,0.6883116883116884,0.7220779220779222,0.48311688311688317,0.5272727272727273,0.6441558441558443,0.7376623376623378,0.5298701298701299,0.8337662337662339,0.6181818181818183,0.4623376623376624,0.6155844155844157,0.4727272727272728,0.6493506493506495,0.3714285714285715,0.6051948051948053,0.651948051948052,0.6155844155844157,0.5610389610389611,0.5246753246753247,0.6623376623376624,0.7350649350649352,0.6701298701298702,0.29610389610389615,0.5116883116883117,0.31948051948051953,0.41298701298701307,0.47792207792207797,0.5974025974025975,0.5558441558441559,0.742857142857143,0.4571428571428572,0.5610389610389611,0.7142857142857144,0.5480519480519481,0.6155844155844157,0.6753246753246754,0.5610389610389611,0.3402597402597403,0.44155844155844165,0.6103896103896105,1.0000000000000002,0.44675324675324685,0.6103896103896105,0.6259740259740261,0.4493506493506494,0.6883116883116884,0.7142857142857144
THA,0.6103896103896105,0.6805194805194806,0.3896103896103897,0.5402597402597403,0.49090909090909096,0.6961038961038962,0.3922077922077923,0.677922077922078,0.7090909090909092,0.5272727272727273,0.7012987012987014,0.8155844155844157,0.5558441558441559,0.5610389610389611,0.6493506493506495,0.7376623376623378,0.6415584415584417,0.47532467532467537,0.3844155844155845,0.5662337662337663,0.6311688311688313,0.6233766233766235,0.5610389610389611,0.5402597402597403,0.5766233766233767,0.6701298701298702,0.6051948051948053,0.5506493506493507,0.5922077922077923,0.72987012987013,0.5870129870129871,0.5792207792207793,0.5272727272727273,0.7116883116883118,0.5584415584415585,0.44155844155844165,0.6441558441558443,0.48831168831168836,0.6363636363636365,0.6285714285714287,0.8571428571428573,0.716883116883117,0.7090909090909092,0.3376623376623377,0.41818181818181827,0.6103896103896105,0.6571428571428573,0.6597402597402598,0.6467532467532469,0.5298701298701299,0.5116883116883117,0.7870129870129872,0.3324675324675325,0.5324675324675325,0.5090909090909091,0.6441558441558443,0.5506493506493507,0.7792207792207794,0.49350649350649356,0.48051948051948057,0.5948051948051949,0.7090909090909092,0.6467532467532469,0.5506493506493507,0.5220779220779221,0.6051948051948053,0.5844155844155845,0.5896103896103897,0.5636363636363637,0.464935064935065,0.44675324675324685,1.0000000000000002,0.8181818181818183,0.7610389610389612,0.5142857142857143,0.7740259740259742,0.3740259740259741
TUR,0.7090909090909092,0.8000000000000002,0.6077922077922079,0.7844155844155846,0.6363636363636365,0.8701298701298703,0.49350649350649356,0.7324675324675326,0.8935064935064937,0.7844155844155846,0.6233766233766235,0.755844155844156,0.5662337662337663,0.6155844155844157,0.8701298701298703,0.8519480519480521,0.6285714285714287,0.49090909090909096,0.5688311688311689,0.5116883116883117,0.5766233766233767,0.677922077922078,0.7376623376623378,0.451948051948052,0.6155844155844157,0.794805194805195,0.6753246753246754,0.6987012987012988,0.6987012987012988,0.9220779220779222,0.6103896103896105,0.703896103896104,0.6987012987012988,0.7402597402597404,0.7272727272727274,0.6415584415584417,0.8987012987012988,0.6467532467532469,0.807792207792208,0.8389610389610391,0.8727272727272729,0.72987012987013,0.7610389610389612,0.5090909090909091,0.5974025974025975,0.8025974025974028,0.7662337662337664,0.7662337662337664,0.7272727272727274,0.7116883116883118,0.5350649350649351,0.7792207792207794,0.4493506493506494,0.768831168831169,0.6103896103896105,0.7714285714285716,0.6805194805194806,0.8311688311688313,0.7116883116883118,0.48571428571428577,0.794805194805195,0.768831168831169,0.9012987012987014,0.703896103896104,0.703896103896104,0.6831168831168832,0.6727272727272728,0.6207792207792209,0.742857142857143,0.4493506493506494,0.6103896103896105,0.8181818181818183,1.0000000000000002,0.9402597402597404,0.5194805194805195,0.7792207792207794,0.42077922077922086
UKR,0.7012987012987014,0.742857142857143,0.6701298701298702,0.8441558441558443,0.6805194805194806,0.8441558441558443,0.5220779220779221,0.7116883116883118,0.9116883116883118,0.768831168831169,0.5740259740259741,0.6753246753246754,0.6623376623376624,0.6597402597402598,0.8415584415584417,0.8883116883116885,0.5324675324675325,0.4623376623376624,0.6129870129870131,0.5844155844155845,0.5688311688311689,0.6571428571428573,0.7116883116883118,0.47792207792207797,0.5324675324675325,0.8025974025974028,0.6025974025974027,0.6597402597402598,0.7194805194805196,0.9272727272727274,0.6051948051948053,0.651948051948052,0.7376623376623378,0.6987012987012988,0.7116883116883118,0.6545454545454547,0.8831168831168833,0.6285714285714287,0.7974025974025976,0.8519480519480521,0.8337662337662339,0.7116883116883118,0.6753246753246754,0.5246753246753247,0.7272727272727274,0.8519480519480521,0.7350649350649352,0.7896103896103898,0.6493506493506495,0.6727272727272728,0.5818181818181819,0.742857142857143,0.5714285714285715,0.8285714285714287,0.703896103896104,0.7610389610389612,0.6545454545454547,0.8285714285714287,0.781818181818182,0.4701298701298702,0.8363636363636365,0.8103896103896105,0.916883116883117,0.7402597402597404,0.7012987012987014,0.6389610389610391,0.6675324675324676,0.6363636363636365,0.6961038961038962,0.4077922077922079,0.6259740259740261,0.7610389610389612,0.9402597402597404,1.0000000000000002,0.5558441558441559,0.7610389610389612,0.3818181818181819
URY,0.5896103896103897,0.3506493506493507,0.8259740259740261,0.4675324675324676,0.5870129870129871,0.6363636363636365,0.7272727272727274,0.7922077922077924,0.6545454545454547,0.6207792207792209,0.3896103896103897,0.6597402597402598,0.5740259740259741,0.7870129870129872,0.7064935064935066,0.5870129870129871,0.7012987012987014,0.6883116883116884,0.651948051948052,0.6337662337662339,0.8961038961038963,0.8857142857142859,0.48831168831168836,0.7064935064935066,0.5506493506493507,0.8519480519480521,0.7662337662337664,0.6259740259740261,0.7402597402597404,0.6155844155844157,0.24675324675324678,0.7272727272727274,0.4025974025974027,0.8311688311688313,0.6363636363636365,0.43896103896103905,0.5220779220779221,0.5402597402597403,0.5688311688311689,0.5272727272727273,0.5168831168831169,0.49870129870129876,0.48311688311688317,0.8545454545454547,0.42077922077922086,0.5298701298701299,0.7740259740259742,0.7714285714285716,0.20519480519480524,0.6675324675324676,0.5298701298701299,0.6961038961038962,0.7116883116883118,0.6311688311688313,0.4701298701298702,0.6883116883116884,0.4701298701298702,0.49870129870129876,0.7194805194805196,0.5636363636363637,0.6051948051948053,0.8000000000000002,0.5428571428571429,0.7480519480519482,0.7194805194805196,0.27012987012987016,0.8493506493506495,0.7402597402597404,0.7454545454545456,0.6000000000000001,0.4493506493506494,0.5142857142857143,0.5194805194805195,0.5558441558441559,1.0000000000000002,0.464935064935065,0.28571428571428575
USA,0.6051948051948053,0.8337662337662339,0.49870129870129876,0.7662337662337664,0.703896103896104,0.8181818181818183,0.42857142857142866,0.6935064935064936,0.7870129870129872,0.6259740259740261,0.6571428571428573,0.7506493506493508,0.6857142857142858,0.7480519480519482,0.7064935064935066,0.7974025974025976,0.6623376623376624,0.5714285714285715,0.6285714285714287,0.3688311688311689,0.6025974025974027,0.5454545454545455,0.7402597402597404,0.6363636363636365,0.6363636363636365,0.6000000000000001,0.5480519480519481,0.677922077922078,0.6805194805194806,0.7350649350649352,0.664935064935065,0.7584415584415586,0.6571428571428573,0.6675324675324676,0.7480519480519482,0.6545454545454547,0.7376623376623378,0.7324675324675326,0.7714285714285716,0.7220779220779222,0.8779220779220781,0.7480519480519482,0.7584415584415586,0.3792207792207793,0.6961038961038962,0.8415584415584417,0.6103896103896105,0.5688311688311689,0.7116883116883118,0.6103896103896105,0.8363636363636365,0.7974025974025976,0.451948051948052,0.6311688311688313,0.5272727272727273,0.5194805194805195,0.6883116883116884,0.8701298701298703,0.5610389610389611,0.6181818181818183,0.7012987012987014,0.651948051948052,0.8051948051948054,0.6961038961038962,0.7194805194805196,0.7870129870129872,0.6467532467532469,0.5402597402597403,0.6000000000000001,0.6025974025974027,0.6883116883116884,0.7740259740259742,0.7792207792207794,0.7610389610389612,0.464935064935065,1.0000000000000002,0.5402597402597403
VNM,0.3324675324675325,0.5506493506493507,0.29090909090909095,0.5636363636363637,0.3792207792207793,0.5480519480519481,0.2285714285714286,0.3428571428571429,0.42857142857142866,0.48831168831168836,0.3428571428571429,0.5142857142857143,0.31948051948051953,0.3844155844155845,0.43896103896103905,0.4025974025974027,0.5870129870129871,0.3636363636363637,0.48831168831168836,0.251948051948052,0.3662337662337663,0.464935064935065,0.6077922077922079,0.41298701298701307,0.6285714285714287,0.3454545454545455,0.31168831168831174,0.5454545454545455,0.5246753246753247,0.4000000000000001,0.6597402597402598,0.5376623376623377,0.3688311688311689,0.3376623376623377,0.43116883116883126,0.6701298701298702,0.42597402597402606,0.5636363636363637,0.4000000000000001,0.42857142857142866,0.5064935064935066,0.41298701298701307,0.5194805194805195,0.2337662337662338,0.32207792207792213,0.5350649350649351,0.43116883116883126,0.31688311688311693,0.44675324675324685,0.5844155844155845,0.5714285714285715,0.5454545454545455,0.17402597402597406,0.3818181818181819,0.2337662337662338,0.16623376623376626,0.43636363636363645,0.47532467532467537,0.43116883116883126,0.6025974025974027,0.3584415584415585,0.4051948051948053,0.48051948051948057,0.28051948051948056,0.3532467532467533,0.5662337662337663,0.3766233766233767,0.18701298701298705,0.3558441558441559,0.6000000000000001,0.7142857142857144,0.3740259740259741,0.42077922077922086,0.3818181818181819,0.28571428571428575,0.5402597402597403,1.0000000000000002
